2026.09.11 12:56:30 INFO  Started: Metals version 1.6.8 in folders 'C:\Users\user\Downloads\dockerandaction' for client Visual Studio Code 1.135.0.
2026.09.11 12:56:31 INFO  time: initialize in 0.63s
2026.09.11 12:56:33 INFO  Memory monitor started
2026.09.11 12:56:55 WARN  Using H2 2.4.240 which is newer than the version Flyway has been verified with. The latest verified version of H2 is 2.3.232.
2026.09.11 12:56:57 INFO  no build target found for C:\Users\user\Downloads\dockerandaction\dockerandaction\src\test\java\com\container\dockerandaction\ApiControllerTest.java. Using fallback presentation compiler.
2026.09.11 12:57:04 INFO  no build target found for C:\Users\user\Downloads\dockerandaction\dockerandaction\src\test\java\com\container\dockerandaction\ApiControllerTest.java. Using fallback presentation compiler.
2026.09.11 12:57:04 INFO  no build target found for C:\Users\user\Downloads\dockerandaction\dockerandaction\src\test\java\com\container\dockerandaction\ApiControllerTest.java. Using fallback presentation compiler.
2026.09.11 12:57:13 INFO  no build target found for C:\Users\user\Downloads\dockerandaction\dockerandaction\src\test\java\com\container\dockerandaction\ApiControllerTest.java. Using fallback presentation compiler.
Sept 11, 2026 12:57:13 PM org.eclipse.lsp4j.jsonrpc.RemoteEndpoint handleCancellation
WARNING: Unmatched cancel notification for request id 5
2026.09.11 12:57:13 INFO  no build target found for C:\Users\user\Downloads\dockerandaction\dockerandaction\src\test\java\com\container\dockerandaction\ApiControllerTest.java. Using fallback presentation compiler.
Sept 11, 2026 12:57:14 PM org.eclipse.lsp4j.jsonrpc.RemoteEndpoint handleCancellation
WARNING: Unmatched cancel notification for request id 8
2026.09.11 12:57:13 INFO  no build target found for C:\Users\user\Downloads\dockerandaction\dockerandaction\src\test\java\com\container\dockerandaction\ApiControllerTest.java. Using fallback presentation compiler.
Sept 11, 2026 12:57:14 PM org.eclipse.lsp4j.jsonrpc.RemoteEndpoint handleCancellation
WARNING: Unmatched cancel notification for request id 11
2026.09.11 12:57:13 INFO  no build target found for C:\Users\user\Downloads\dockerandaction\dockerandaction\src\test\java\com\container\dockerandaction\ApiControllerTest.java. Using fallback presentation compiler.
2026.09.11 12:57:19 INFO  no build target found for C:\Users\user\Downloads\dockerandaction\dockerandaction\src\test\java\com\container\dockerandaction\ApiControllerTest.java. Using fallback presentation compiler.
2026.09.11 12:57:19 INFO  no build target found for C:\Users\user\Downloads\dockerandaction\dockerandaction\src\test\java\com\container\dockerandaction\ApiControllerTest.java. Using fallback presentation compiler.
Sept 11, 2026 12:57:21 PM org.eclipse.lsp4j.jsonrpc.RemoteEndpoint handleCancellation
WARNING: Unmatched cancel notification for request id 13
2026.09.11 12:57:23 INFO  no build target found for C:\Users\user\Downloads\dockerandaction\dockerandaction\src\test\java\com\container\dockerandaction\ApiControllerTest.java. Using fallback presentation compiler.
2026.09.11 12:57:23 INFO  no build target found for C:\Users\user\Downloads\dockerandaction\dockerandaction\src\test\java\com\container\dockerandaction\ApiControllerTest.java. Using fallback presentation compiler.
Sept 11, 2026 12:57:24 PM org.eclipse.lsp4j.jsonrpc.RemoteEndpoint handleCancellation
WARNING: Unmatched cancel notification for request id 15
Sept 11, 2026 12:57:24 PM org.eclipse.lsp4j.jsonrpc.RemoteEndpoint handleCancellation
WARNING: Unmatched cancel notification for request id 14
2026.09.11 12:57:23 INFO  no build target found for C:\Users\user\Downloads\dockerandaction\dockerandaction\src\test\java\com\container\dockerandaction\ApiControllerTest.java. Using fallback presentation compiler.
2026.09.11 12:57:23 INFO  no build target found for C:\Users\user\Downloads\dockerandaction\dockerandaction\src\test\java\com\container\dockerandaction\ApiControllerTest.java. Using fallback presentation compiler.
2026.09.11 12:57:23 INFO  no build target found for C:\Users\user\Downloads\dockerandaction\dockerandaction\src\test\java\com\container\dockerandaction\ApiControllerTest.java. Using fallback presentation compiler.
Sept 11, 2026 12:57:25 PM org.eclipse.lsp4j.jsonrpc.RemoteEndpoint handleCancellation
WARNING: Unmatched cancel notification for request id 18
Sept 11, 2026 12:57:25 PM org.eclipse.lsp4j.jsonrpc.RemoteEndpoint handleCancellation
WARNING: Unmatched cancel notification for request id 19
2026.09.11 12:57:25 INFO  no build target found for C:\Users\user\Downloads\dockerandaction\dockerandaction\src\test\java\com\container\dockerandaction\ApiControllerTest.java. Using fallback presentation compiler.
2026.09.11 12:57:25 INFO  no build target found for C:\Users\user\Downloads\dockerandaction\dockerandaction\src\test\java\com\container\dockerandaction\ApiControllerTest.java. Using fallback presentation compiler.
Sept 11, 2026 12:57:25 PM org.eclipse.lsp4j.jsonrpc.RemoteEndpoint handleCancellation
WARNING: Unmatched cancel notification for request id 21
Sept 11, 2026 12:57:25 PM org.eclipse.lsp4j.jsonrpc.RemoteEndpoint handleCancellation
WARNING: Unmatched cancel notification for request id 24
2026.09.11 12:57:25 INFO  no build target found for C:\Users\user\Downloads\dockerandaction\dockerandaction\src\test\java\com\container\dockerandaction\ApiControllerTest.java. Using fallback presentation compiler.
Sept 11, 2026 12:57:25 PM org.eclipse.lsp4j.jsonrpc.RemoteEndpoint handleCancellation
WARNING: Unmatched cancel notification for request id 22
2026.09.11 12:57:25 INFO  no build target found for C:\Users\user\Downloads\dockerandaction\dockerandaction\src\test\java\com\container\dockerandaction\ApiControllerTest.java. Using fallback presentation compiler.
Sept 11, 2026 12:57:25 PM org.eclipse.lsp4j.jsonrpc.RemoteEndpoint handleCancellation
WARNING: Unmatched cancel notification for request id 26
Sept 11, 2026 12:57:25 PM org.eclipse.lsp4j.jsonrpc.RemoteEndpoint handleCancellation
WARNING: Unmatched cancel notification for request id 27
Sept 11, 2026 12:57:25 PM org.eclipse.lsp4j.jsonrpc.RemoteEndpoint handleCancellation
WARNING: Unmatched cancel notification for request id 23
2026.09.11 12:57:25 INFO  no build target found for C:\Users\user\Downloads\dockerandaction\dockerandaction\src\test\java\com\container\dockerandaction\ApiControllerTest.java. Using fallback presentation compiler.
Sept 11, 2026 12:57:25 PM org.eclipse.lsp4j.jsonrpc.RemoteEndpoint handleCancellation
WARNING: Unmatched cancel notification for request id 28
Sept 11, 2026 12:57:25 PM org.eclipse.lsp4j.jsonrpc.RemoteEndpoint handleCancellation
WARNING: Unmatched cancel notification for request id 29
2026.09.11 12:57:25 INFO  no build target found for C:\Users\user\Downloads\dockerandaction\dockerandaction\src\test\java\com\container\dockerandaction\ApiControllerTest.java. Using fallback presentation compiler.
2026.09.11 12:57:25 INFO  no build target found for C:\Users\user\Downloads\dockerandaction\dockerandaction\src\test\java\com\container\dockerandaction\ApiControllerTest.java. Using fallback presentation compiler.
2026.09.11 12:57:26 WARN  no build target for: C:\Users\user\Downloads\dockerandaction\dockerandaction\src\test\java\com\container\dockerandaction\ApiControllerTest.java
2026.09.11 12:57:26 WARN  no build target for: C:\Users\user\Downloads\dockerandaction\dockerandaction\src\test\java\com\container\dockerandaction\ApiControllerTest.java
2026.09.11 12:57:26 WARN  no build target for: C:\Users\user\Downloads\dockerandaction\dockerandaction\src\test\java\com\container\dockerandaction\ApiControllerTest.java
Sept 11, 2026 12:57:28 PM org.eclipse.lsp4j.jsonrpc.RemoteEndpoint handleCancellation
WARNING: Unmatched cancel notification for request id 31
Sept 11, 2026 12:57:28 PM org.eclipse.lsp4j.jsonrpc.RemoteEndpoint handleCancellation
WARNING: Unmatched cancel notification for request id 34
Sept 11, 2026 12:57:28 PM org.eclipse.lsp4j.jsonrpc.RemoteEndpoint handleCancellation
WARNING: Unmatched cancel notification for request id 32
2026.09.11 12:57:28 WARN  no build target for: C:\Users\user\Downloads\dockerandaction\dockerandaction\src\test\java\com\container\dockerandaction\ApiControllerTest.java
2026.09.11 12:57:29 INFO  no build target found for C:\Users\user\Downloads\dockerandaction\dockerandaction\src\test\java\com\container\dockerandaction\ApiControllerTest.java. Using fallback presentation compiler.
2026.09.11 12:57:31 INFO  no build target found for C:\Users\user\Downloads\dockerandaction\dockerandaction\src\test\java\com\container\dockerandaction\ApiControllerTest.java. Using fallback presentation compiler.
2026.09.11 12:57:32 INFO  no build target found for C:\Users\user\Downloads\dockerandaction\dockerandaction\src\test\java\com\container\dockerandaction\ApiControllerTest.java. Using fallback presentation compiler.
Sept 11, 2026 12:57:32 PM org.eclipse.lsp4j.jsonrpc.RemoteEndpoint handleCancellation
WARNING: Unmatched cancel notification for request id 38
2026.09.11 12:57:32 INFO  no build target found for C:\Users\user\Downloads\dockerandaction\dockerandaction\src\test\java\com\container\dockerandaction\ApiControllerTest.java. Using fallback presentation compiler.
2026.09.11 12:57:32 INFO  no build target found for C:\Users\user\Downloads\dockerandaction\dockerandaction\src\test\java\com\container\dockerandaction\ApiControllerTest.java. Using fallback presentation compiler.
Sept 11, 2026 12:57:33 PM org.eclipse.lsp4j.jsonrpc.RemoteEndpoint handleCancellation
WARNING: Unmatched cancel notification for request id 39
2026.09.11 12:57:33 INFO  no build target found for C:\Users\user\Downloads\dockerandaction\dockerandaction\src\test\java\com\container\dockerandaction\ApiControllerTest.java. Using fallback presentation compiler.
Sept 11, 2026 12:57:33 PM org.eclipse.lsp4j.jsonrpc.RemoteEndpoint handleCancellation
WARNING: Unmatched cancel notification for request id 41
2026.09.11 12:57:33 INFO  no build target found for C:\Users\user\Downloads\dockerandaction\dockerandaction\src\test\java\com\container\dockerandaction\ApiControllerTest.java. Using fallback presentation compiler.
2026.09.11 12:57:33 INFO  no build target found for C:\Users\user\Downloads\dockerandaction\dockerandaction\src\test\java\com\container\dockerandaction\ApiControllerTest.java. Using fallback presentation compiler.
2026.09.11 12:57:33 INFO  no build target found for C:\Users\user\Downloads\dockerandaction\dockerandaction\src\test\java\com\container\dockerandaction\ApiControllerTest.java. Using fallback presentation compiler.
Sept 11, 2026 12:57:34 PM org.eclipse.lsp4j.jsonrpc.RemoteEndpoint handleCancellation
WARNING: Unmatched cancel notification for request id 44
Sept 11, 2026 12:57:34 PM org.eclipse.lsp4j.jsonrpc.RemoteEndpoint handleCancellation
WARNING: Unmatched cancel notification for request id 43
Sept 11, 2026 12:57:34 PM org.eclipse.lsp4j.jsonrpc.RemoteEndpoint handleCancellation
WARNING: Unmatched cancel notification for request id 45
2026.09.11 12:57:34 INFO  no build target found for C:\Users\user\Downloads\dockerandaction\dockerandaction\src\test\java\com\container\dockerandaction\ApiControllerTest.java. Using fallback presentation compiler.
2026.09.11 12:57:34 INFO  no build target found for C:\Users\user\Downloads\dockerandaction\dockerandaction\src\test\java\com\container\dockerandaction\ApiControllerTest.java. Using fallback presentation compiler.
Sept 11, 2026 12:57:34 PM org.eclipse.lsp4j.jsonrpc.RemoteEndpoint handleCancellation
WARNING: Unmatched cancel notification for request id 47
Sept 11, 2026 12:57:34 PM org.eclipse.lsp4j.jsonrpc.RemoteEndpoint handleCancellation
WARNING: Unmatched cancel notification for request id 46
2026.09.11 12:57:34 INFO  no build target found for C:\Users\user\Downloads\dockerandaction\dockerandaction\src\test\java\com\container\dockerandaction\ApiControllerTest.java. Using fallback presentation compiler.
2026.09.11 12:57:34 INFO  no build target found for C:\Users\user\Downloads\dockerandaction\dockerandaction\src\test\java\com\container\dockerandaction\ApiControllerTest.java. Using fallback presentation compiler.
Sept 11, 2026 12:57:35 PM org.eclipse.lsp4j.jsonrpc.RemoteEndpoint handleCancellation
WARNING: Unmatched cancel notification for request id 49
Sept 11, 2026 12:57:35 PM org.eclipse.lsp4j.jsonrpc.RemoteEndpoint handleCancellation
WARNING: Unmatched cancel notification for request id 48
2026.09.11 12:57:35 INFO  no build target found for C:\Users\user\Downloads\dockerandaction\dockerandaction\src\test\java\com\container\dockerandaction\ApiControllerTest.java. Using fallback presentation compiler.
2026.09.11 12:57:35 INFO  no build target found for C:\Users\user\Downloads\dockerandaction\dockerandaction\src\test\java\com\container\dockerandaction\ApiControllerTest.java. Using fallback presentation compiler.
Sept 11, 2026 12:57:36 PM org.eclipse.lsp4j.jsonrpc.RemoteEndpoint handleCancellation
WARNING: Unmatched cancel notification for request id 50
2026.09.11 12:57:35 INFO  no build target found for C:\Users\user\Downloads\dockerandaction\dockerandaction\src\test\java\com\container\dockerandaction\ApiControllerTest.java. Using fallback presentation compiler.
Sept 11, 2026 12:57:36 PM org.eclipse.lsp4j.jsonrpc.RemoteEndpoint handleCancellation
WARNING: Unmatched cancel notification for request id 51
2026.09.11 12:57:35 INFO  no build target found for C:\Users\user\Downloads\dockerandaction\dockerandaction\src\test\java\com\container\dockerandaction\ApiControllerTest.java. Using fallback presentation compiler.
2026.09.11 12:57:36 INFO  no build target found for C:\Users\user\Downloads\dockerandaction\dockerandaction\src\test\java\com\container\dockerandaction\ApiControllerTest.java. Using fallback presentation compiler.
Sept 11, 2026 12:57:36 PM org.eclipse.lsp4j.jsonrpc.RemoteEndpoint handleCancellation
WARNING: Unmatched cancel notification for request id 53
Sept 11, 2026 12:57:36 PM org.eclipse.lsp4j.jsonrpc.RemoteEndpoint handleCancellation
WARNING: Unmatched cancel notification for request id 54
2026.09.11 12:57:36 INFO  no build target found for C:\Users\user\Downloads\dockerandaction\dockerandaction\src\test\java\com\container\dockerandaction\ApiControllerTest.java. Using fallback presentation compiler.
Sept 11, 2026 12:57:36 PM org.eclipse.lsp4j.jsonrpc.RemoteEndpoint handleCancellation
WARNING: Unmatched cancel notification for request id 55
2026.09.11 12:57:36 INFO  no build target found for C:\Users\user\Downloads\dockerandaction\dockerandaction\src\test\java\com\container\dockerandaction\ApiControllerTest.java. Using fallback presentation compiler.
2026.09.11 12:57:40 INFO  no build target found for C:\Users\user\Downloads\dockerandaction\dockerandaction\src\main\java\com\container\dockerandaction\Api.java. Using fallback presentation compiler.
2026.09.11 12:57:41 WARN  no build target for: C:\Users\user\Downloads\dockerandaction\dockerandaction\src\main\java\com\container\dockerandaction\Api.java
Sept 11, 2026 12:57:41 PM org.eclipse.lsp4j.jsonrpc.RemoteEndpoint handleCancellation
WARNING: Unmatched cancel notification for request id 57
2026.09.11 12:57:41 INFO  no build target found for C:\Users\user\Downloads\dockerandaction\dockerandaction\src\main\java\com\container\dockerandaction\Api.java. Using fallback presentation compiler.
2026.09.11 12:57:42 INFO  no build target found for C:\Users\user\Downloads\dockerandaction\dockerandaction\src\main\java\com\container\dockerandaction\Api.java. Using fallback presentation compiler.
2026.09.11 12:57:42 INFO  no build target found for C:\Users\user\Downloads\dockerandaction\dockerandaction\src\main\java\com\container\dockerandaction\Api.java. Using fallback presentation compiler.
2026.09.11 12:57:47 INFO  no build target found for C:\Users\user\Downloads\dockerandaction\dockerandaction\src\main\java\com\container\dockerandaction\Api.java. Using fallback presentation compiler.
2026.09.11 12:58:14 INFO  no build target found for C:\Users\user\Downloads\dockerandaction\dockerandaction\src\main\java\com\container\dockerandaction\Api.java. Using fallback presentation compiler.
2026.09.11 12:58:43 INFO  no build target found for C:\Users\user\Downloads\dockerandaction\dockerandaction\src\main\java\com\container\dockerandaction\Api.java. Using fallback presentation compiler.
2026.09.11 12:58:43 INFO  no build target found for C:\Users\user\Downloads\dockerandaction\dockerandaction\src\main\java\com\container\dockerandaction\Api.java. Using fallback presentation compiler.
2026.09.11 12:58:51 INFO  no build target found for C:\Users\user\Downloads\dockerandaction\dockerandaction\src\main\java\com\container\dockerandaction\Api.java. Using fallback presentation compiler.
Sept 11, 2026 1:01:43 PM org.eclipse.lsp4j.jsonrpc.RemoteEndpoint handleCancellation
WARNING: Unmatched cancel notification for request id 73
2026.09.11 13:01:52 WARN  no build target for: C:\Users\user\Downloads\dockerandaction\dockerandaction\src\main\java\com\container\dockerandaction\Api.java
2026.09.11 13:01:55 WARN  no build target for: C:\Users\user\Downloads\dockerandaction\dockerandaction\src\test\java\com\container\dockerandaction\ApiControllerTest.java
2026.09.11 13:01:56 INFO  no build target found for C:\Users\user\Downloads\dockerandaction\dockerandaction\src\test\java\com\container\dockerandaction\ApiControllerTest.java. Using fallback presentation compiler.
2026.09.11 13:01:56 INFO  no build target found for C:\Users\user\Downloads\dockerandaction\dockerandaction\src\test\java\com\container\dockerandaction\ApiControllerTest.java. Using fallback presentation compiler.
Sept 11, 2026 1:01:56 PM org.eclipse.lsp4j.jsonrpc.RemoteEndpoint handleCancellation
WARNING: Unmatched cancel notification for request id 77
2026.09.11 13:01:56 INFO  no build target found for C:\Users\user\Downloads\dockerandaction\dockerandaction\src\test\java\com\container\dockerandaction\ApiControllerTest.java. Using fallback presentation compiler.
2026.09.11 13:01:56 INFO  no build target found for C:\Users\user\Downloads\dockerandaction\dockerandaction\src\test\java\com\container\dockerandaction\ApiControllerTest.java. Using fallback presentation compiler.
2026.09.11 13:01:57 INFO  no build target found for C:\Users\user\Downloads\dockerandaction\dockerandaction\src\test\java\com\container\dockerandaction\ApiControllerTest.java. Using fallback presentation compiler.
2026.09.11 13:01:57 INFO  no build target found for C:\Users\user\Downloads\dockerandaction\dockerandaction\src\test\java\com\container\dockerandaction\ApiControllerTest.java. Using fallback presentation compiler.
2026.09.11 13:01:58 INFO  no build target found for C:\Users\user\Downloads\dockerandaction\dockerandaction\src\test\java\com\container\dockerandaction\ApiControllerTest.java. Using fallback presentation compiler.
2026.09.11 13:02:00 INFO  no build target found for C:\Users\user\Downloads\dockerandaction\dockerandaction\src\test\java\com\container\dockerandaction\ApiControllerTest.java. Using fallback presentation compiler.
2026.09.11 13:02:00 INFO  no build target found for C:\Users\user\Downloads\dockerandaction\dockerandaction\src\test\java\com\container\dockerandaction\ApiControllerTest.java. Using fallback presentation compiler.
Sept 11, 2026 1:02:00 PM org.eclipse.lsp4j.jsonrpc.RemoteEndpoint handleCancellation
WARNING: Unmatched cancel notification for request id 87
2026.09.11 13:02:00 INFO  no build target found for C:\Users\user\Downloads\dockerandaction\dockerandaction\src\test\java\com\container\dockerandaction\ApiControllerTest.java. Using fallback presentation compiler.
2026.09.11 13:02:00 INFO  no build target found for C:\Users\user\Downloads\dockerandaction\dockerandaction\src\test\java\com\container\dockerandaction\ApiControllerTest.java. Using fallback presentation compiler.
2026.09.11 13:02:00 INFO  no build target found for C:\Users\user\Downloads\dockerandaction\dockerandaction\src\test\java\com\container\dockerandaction\ApiControllerTest.java. Using fallback presentation compiler.
2026.09.11 13:02:00 INFO  no build target found for C:\Users\user\Downloads\dockerandaction\dockerandaction\src\test\java\com\container\dockerandaction\ApiControllerTest.java. Using fallback presentation compiler.
2026.09.11 13:02:04 INFO  no build target found for C:\Users\user\Downloads\dockerandaction\dockerandaction\src\test\java\com\container\dockerandaction\ApiControllerTest.java. Using fallback presentation compiler.
Sept 11, 2026 1:02:04 PM org.eclipse.lsp4j.jsonrpc.RemoteEndpoint handleCancellation
WARNING: Unmatched cancel notification for request id 93
2026.09.11 13:03:20 INFO  no build target found for C:\Users\user\Downloads\dockerandaction\dockerandaction\src\test\java\com\container\dockerandaction\ApiControllerTest.java. Using fallback presentation compiler.
2026.09.11 13:03:20 WARN  no build target for: C:\Users\user\Downloads\dockerandaction\dockerandaction\src\test\java\com\container\dockerandaction\ApiControllerTest.java
2026.09.11 13:03:20 INFO  no build target found for C:\Users\user\Downloads\dockerandaction\dockerandaction\src\test\java\com\container\dockerandaction\ApiControllerTest.java. Using fallback presentation compiler.
2026.09.11 13:03:21 INFO  no build target found for C:\Users\user\Downloads\dockerandaction\dockerandaction\src\test\java\com\container\dockerandaction\ApiControllerTest.java. Using fallback presentation compiler.
2026.09.11 13:03:21 INFO  no build target found for C:\Users\user\Downloads\dockerandaction\dockerandaction\src\test\java\com\container\dockerandaction\ApiControllerTest.java. Using fallback presentation compiler.
2026.09.11 13:03:22 INFO  no build target found for C:\Users\user\Downloads\dockerandaction\dockerandaction\src\test\java\com\container\dockerandaction\ApiControllerTest.java. Using fallback presentation compiler.
2026.09.11 13:03:22 INFO  no build target found for C:\Users\user\Downloads\dockerandaction\dockerandaction\src\test\java\com\container\dockerandaction\ApiControllerTest.java. Using fallback presentation compiler.
2026.09.11 13:03:23 INFO  no build target found for C:\Users\user\Downloads\dockerandaction\dockerandaction\src\test\java\com\container\dockerandaction\ApiControllerTest.java. Using fallback presentation compiler.
2026.09.11 13:03:23 INFO  no build target found for C:\Users\user\Downloads\dockerandaction\dockerandaction\src\test\java\com\container\dockerandaction\ApiControllerTest.java. Using fallback presentation compiler.
2026.09.11 13:03:23 INFO  no build target found for C:\Users\user\Downloads\dockerandaction\dockerandaction\src\test\java\com\container\dockerandaction\ApiControllerTest.java. Using fallback presentation compiler.
2026.09.11 13:03:25 INFO  no build target found for C:\Users\user\Downloads\dockerandaction\dockerandaction\src\test\java\com\container\dockerandaction\ApiControllerTest.java. Using fallback presentation compiler.
2026.09.11 13:03:25 INFO  no build target found for C:\Users\user\Downloads\dockerandaction\dockerandaction\src\test\java\com\container\dockerandaction\ApiControllerTest.java. Using fallback presentation compiler.
2026.09.11 13:03:25 INFO  no build target found for C:\Users\user\Downloads\dockerandaction\dockerandaction\src\test\java\com\container\dockerandaction\ApiControllerTest.java. Using fallback presentation compiler.
2026.09.11 13:03:25 INFO  no build target found for C:\Users\user\Downloads\dockerandaction\dockerandaction\src\test\java\com\container\dockerandaction\ApiControllerTest.java. Using fallback presentation compiler.
2026.09.11 13:03:25 INFO  no build target found for C:\Users\user\Downloads\dockerandaction\dockerandaction\src\test\java\com\container\dockerandaction\ApiControllerTest.java. Using fallback presentation compiler.
2026.09.11 13:03:26 INFO  no build target found for C:\Users\user\Downloads\dockerandaction\dockerandaction\src\test\java\com\container\dockerandaction\ApiControllerTest.java. Using fallback presentation compiler.
2026.09.11 13:03:27 INFO  no build target found for C:\Users\user\Downloads\dockerandaction\dockerandaction\src\test\java\com\container\dockerandaction\ApiControllerTest.java. Using fallback presentation compiler.
2026.09.11 13:03:27 INFO  no build target found for C:\Users\user\Downloads\dockerandaction\dockerandaction\src\test\java\com\container\dockerandaction\ApiControllerTest.java. Using fallback presentation compiler.
Sept 11, 2026 1:03:28 PM org.eclipse.lsp4j.jsonrpc.RemoteEndpoint handleCancellation
WARNING: Unmatched cancel notification for request id 113
2026.09.11 13:03:27 INFO  no build target found for C:\Users\user\Downloads\dockerandaction\dockerandaction\src\test\java\com\container\dockerandaction\ApiControllerTest.java. Using fallback presentation compiler.
2026.09.11 13:03:30 INFO  no build target found for C:\Users\user\Downloads\dockerandaction\dockerandaction\src\test\java\com\container\dockerandaction\ApiControllerTest.java. Using fallback presentation compiler.
2026.09.11 13:03:32 INFO  no build target found for C:\Users\user\Downloads\dockerandaction\dockerandaction\src\test\java\com\container\dockerandaction\ApiControllerTest.java. Using fallback presentation compiler.
2026.09.11 13:03:32 INFO  no build target found for C:\Users\user\Downloads\dockerandaction\dockerandaction\src\test\java\com\container\dockerandaction\ApiControllerTest.java. Using fallback presentation compiler.
2026.09.11 13:03:38 WARN  no build target for: C:\Users\user\Downloads\dockerandaction\dockerandaction\src\main\java\com\container\dockerandaction\Api.java
2026.09.11 13:03:38 INFO  no build target found for C:\Users\user\Downloads\dockerandaction\dockerandaction\src\main\java\com\container\dockerandaction\Api.java. Using fallback presentation compiler.
2026.09.11 13:03:38 INFO  no build target found for C:\Users\user\Downloads\dockerandaction\dockerandaction\src\main\java\com\container\dockerandaction\Api.java. Using fallback presentation compiler.
2026.09.11 13:03:39 INFO  no build target found for C:\Users\user\Downloads\dockerandaction\dockerandaction\src\main\java\com\container\dockerandaction\Api.java. Using fallback presentation compiler.
2026.09.11 13:03:43 INFO  no build target found for C:\Users\user\Downloads\dockerandaction\dockerandaction\src\main\java\com\container\dockerandaction\Api.java. Using fallback presentation compiler.
2026.09.11 13:03:48 INFO  no build target found for C:\Users\user\Downloads\dockerandaction\dockerandaction\src\main\java\com\container\dockerandaction\Api.java. Using fallback presentation compiler.
2026.09.11 13:03:48 INFO  no build target found for C:\Users\user\Downloads\dockerandaction\dockerandaction\src\main\java\com\container\dockerandaction\Api.java. Using fallback presentation compiler.
2026.09.11 13:03:50 INFO  no build target found for C:\Users\user\Downloads\dockerandaction\dockerandaction\src\main\java\com\container\dockerandaction\Api.java. Using fallback presentation compiler.
2026.09.11 13:03:51 INFO  no build target found for C:\Users\user\Downloads\dockerandaction\dockerandaction\src\main\java\com\container\dockerandaction\Api.java. Using fallback presentation compiler.
2026.09.11 13:03:51 INFO  no build target found for C:\Users\user\Downloads\dockerandaction\dockerandaction\src\main\java\com\container\dockerandaction\Api.java. Using fallback presentation compiler.
2026.09.11 13:03:52 INFO  no build target found for C:\Users\user\Downloads\dockerandaction\dockerandaction\src\main\java\com\container\dockerandaction\Api.java. Using fallback presentation compiler.
2026.09.11 13:03:52 INFO  no build target found for C:\Users\user\Downloads\dockerandaction\dockerandaction\src\main\java\com\container\dockerandaction\Api.java. Using fallback presentation compiler.
2026.09.11 13:03:52 INFO  no build target found for C:\Users\user\Downloads\dockerandaction\dockerandaction\src\main\java\com\container\dockerandaction\Api.java. Using fallback presentation compiler.
2026.09.11 13:03:54 INFO  no build target found for C:\Users\user\Downloads\dockerandaction\dockerandaction\src\main\java\com\container\dockerandaction\Api.java. Using fallback presentation compiler.
2026.09.11 13:03:54 INFO  no build target found for C:\Users\user\Downloads\dockerandaction\dockerandaction\src\main\java\com\container\dockerandaction\Api.java. Using fallback presentation compiler.
2026.09.11 13:03:56 INFO  no build target found for C:\Users\user\Downloads\dockerandaction\dockerandaction\src\main\java\com\container\dockerandaction\Api.java. Using fallback presentation compiler.
2026.09.11 13:03:56 INFO  no build target found for C:\Users\user\Downloads\dockerandaction\dockerandaction\src\main\java\com\container\dockerandaction\Api.java. Using fallback presentation compiler.
2026.09.11 13:03:58 INFO  no build target found for C:\Users\user\Downloads\dockerandaction\dockerandaction\src\main\java\com\container\dockerandaction\Api.java. Using fallback presentation compiler.
2026.09.11 13:03:58 INFO  no build target found for C:\Users\user\Downloads\dockerandaction\dockerandaction\src\main\java\com\container\dockerandaction\Api.java. Using fallback presentation compiler.
2026.09.11 13:03:58 INFO  no build target found for C:\Users\user\Downloads\dockerandaction\dockerandaction\src\main\java\com\container\dockerandaction\Api.java. Using fallback presentation compiler.
2026.09.11 13:03:59 INFO  no build target found for C:\Users\user\Downloads\dockerandaction\dockerandaction\src\main\java\com\container\dockerandaction\Api.java. Using fallback presentation compiler.
2026.09.11 13:04:00 INFO  no build target found for C:\Users\user\Downloads\dockerandaction\dockerandaction\src\main\java\com\container\dockerandaction\Api.java. Using fallback presentation compiler.
2026.09.11 13:04:00 INFO  no build target found for C:\Users\user\Downloads\dockerandaction\dockerandaction\src\main\java\com\container\dockerandaction\Api.java. Using fallback presentation compiler.
2026.09.11 13:04:00 INFO  no build target found for C:\Users\user\Downloads\dockerandaction\dockerandaction\src\main\java\com\container\dockerandaction\Api.java. Using fallback presentation compiler.
Sept 11, 2026 1:04:12 PM org.eclipse.lsp4j.jsonrpc.services.GenericEndpoint notify
INFO: Unsupported notification method: $/setTrace
Sept 11, 2026 1:04:24 PM org.eclipse.lsp4j.jsonrpc.services.GenericEndpoint notify
INFO: Unsupported notification method: $/setTrace
2026.09.11 13:04:25 INFO  no build target found for C:\Users\user\Downloads\dockerandaction\dockerandaction\src\main\java\com\container\dockerandaction\Api.java. Using fallback presentation compiler.
2026.09.11 13:04:25 INFO  no build target found for C:\Users\user\Downloads\dockerandaction\dockerandaction\src\main\java\com\container\dockerandaction\Api.java. Using fallback presentation compiler.
2026.09.11 13:04:38 INFO  no build target found for C:\Users\user\Downloads\dockerandaction\dockerandaction\src\main\java\com\container\dockerandaction\Api.java. Using fallback presentation compiler.
2026.09.11 13:04:38 INFO  no build target found for C:\Users\user\Downloads\dockerandaction\dockerandaction\src\main\java\com\container\dockerandaction\Api.java. Using fallback presentation compiler.
2026.09.11 13:04:39 INFO  no build target found for C:\Users\user\Downloads\dockerandaction\dockerandaction\src\main\java\com\container\dockerandaction\Api.java. Using fallback presentation compiler.
2026.09.11 13:04:39 INFO  no build target found for C:\Users\user\Downloads\dockerandaction\dockerandaction\src\main\java\com\container\dockerandaction\Api.java. Using fallback presentation compiler.
2026.09.11 13:04:39 INFO  no build target found for C:\Users\user\Downloads\dockerandaction\dockerandaction\src\main\java\com\container\dockerandaction\Api.java. Using fallback presentation compiler.
2026.09.11 13:04:41 INFO  no build target found for C:\Users\user\Downloads\dockerandaction\dockerandaction\src\main\java\com\container\dockerandaction\Api.java. Using fallback presentation compiler.
2026.09.11 13:04:43 INFO  no build target found for C:\Users\user\Downloads\dockerandaction\dockerandaction\src\main\java\com\container\dockerandaction\Api.java. Using fallback presentation compiler.
2026.09.11 13:04:44 INFO  no build target found for C:\Users\user\Downloads\dockerandaction\dockerandaction\src\main\java\com\container\dockerandaction\Api.java. Using fallback presentation compiler.
2026.09.11 13:04:44 INFO  no build target found for C:\Users\user\Downloads\dockerandaction\dockerandaction\src\main\java\com\container\dockerandaction\Api.java. Using fallback presentation compiler.
2026.09.11 13:04:44 INFO  no build target found for C:\Users\user\Downloads\dockerandaction\dockerandaction\src\main\java\com\container\dockerandaction\Api.java. Using fallback presentation compiler.
2026.09.11 13:04:44 INFO  no build target found for C:\Users\user\Downloads\dockerandaction\dockerandaction\src\main\java\com\container\dockerandaction\Api.java. Using fallback presentation compiler.
2026.09.11 13:04:46 INFO  no build target found for C:\Users\user\Downloads\dockerandaction\dockerandaction\src\main\java\com\container\dockerandaction\Api.java. Using fallback presentation compiler.
2026.09.11 13:04:46 INFO  no build target found for C:\Users\user\Downloads\dockerandaction\dockerandaction\src\main\java\com\container\dockerandaction\Api.java. Using fallback presentation compiler.
2026.09.11 13:04:46 INFO  no build target found for C:\Users\user\Downloads\dockerandaction\dockerandaction\src\main\java\com\container\dockerandaction\Api.java. Using fallback presentation compiler.
2026.09.11 13:04:50 INFO  no build target found for C:\Users\user\Downloads\dockerandaction\dockerandaction\src\test\java\com\container\dockerandaction\ApiControllerTest.java. Using fallback presentation compiler.
2026.09.11 13:04:50 WARN  no build target for: C:\Users\user\Downloads\dockerandaction\dockerandaction\src\test\java\com\container\dockerandaction\ApiControllerTest.java
2026.09.11 13:04:50 INFO  no build target found for C:\Users\user\Downloads\dockerandaction\dockerandaction\src\test\java\com\container\dockerandaction\ApiControllerTest.java. Using fallback presentation compiler.
Sept 11, 2026 1:04:51 PM org.eclipse.lsp4j.jsonrpc.RemoteEndpoint handleCancellation
WARNING: Unmatched cancel notification for request id 168
2026.09.11 13:04:50 INFO  no build target found for C:\Users\user\Downloads\dockerandaction\dockerandaction\src\test\java\com\container\dockerandaction\ApiControllerTest.java. Using fallback presentation compiler.
2026.09.11 13:04:51 INFO  no build target found for C:\Users\user\Downloads\dockerandaction\dockerandaction\src\test\java\com\container\dockerandaction\ApiControllerTest.java. Using fallback presentation compiler.
2026.09.11 13:04:51 INFO  no build target found for C:\Users\user\Downloads\dockerandaction\dockerandaction\src\test\java\com\container\dockerandaction\ApiControllerTest.java. Using fallback presentation compiler.
2026.09.11 13:04:51 INFO  no build target found for C:\Users\user\Downloads\dockerandaction\dockerandaction\src\test\java\com\container\dockerandaction\ApiControllerTest.java. Using fallback presentation compiler.
2026.09.11 13:04:51 INFO  no build target found for C:\Users\user\Downloads\dockerandaction\dockerandaction\src\test\java\com\container\dockerandaction\ApiControllerTest.java. Using fallback presentation compiler.
Sept 11, 2026 1:04:52 PM org.eclipse.lsp4j.jsonrpc.RemoteEndpoint handleCancellation
WARNING: Unmatched cancel notification for request id 173
2026.09.11 13:04:53 INFO  no build target found for C:\Users\user\Downloads\dockerandaction\dockerandaction\src\test\java\com\container\dockerandaction\ApiControllerTest.java. Using fallback presentation compiler.
2026.09.11 13:04:53 INFO  no build target found for C:\Users\user\Downloads\dockerandaction\dockerandaction\src\test\java\com\container\dockerandaction\ApiControllerTest.java. Using fallback presentation compiler.
2026.09.11 13:04:53 INFO  no build target found for C:\Users\user\Downloads\dockerandaction\dockerandaction\src\test\java\com\container\dockerandaction\ApiControllerTest.java. Using fallback presentation compiler.
Sept 11, 2026 1:04:54 PM org.eclipse.lsp4j.jsonrpc.RemoteEndpoint handleCancellation
WARNING: Unmatched cancel notification for request id 178
2026.09.11 13:04:54 INFO  no build target found for C:\Users\user\Downloads\dockerandaction\dockerandaction\src\test\java\com\container\dockerandaction\ApiControllerTest.java. Using fallback presentation compiler.
2026.09.11 13:04:54 INFO  no build target found for C:\Users\user\Downloads\dockerandaction\dockerandaction\src\test\java\com\container\dockerandaction\ApiControllerTest.java. Using fallback presentation compiler.
2026.09.11 13:05:01 INFO  no build target found for C:\Users\user\Downloads\dockerandaction\dockerandaction\src\main\java\com\container\dockerandaction\Api.java. Using fallback presentation compiler.
2026.09.11 13:05:01 WARN  no build target for: C:\Users\user\Downloads\dockerandaction\dockerandaction\src\main\java\com\container\dockerandaction\Api.java
2026.09.11 13:05:11 INFO  no build target found for C:\Users\user\Downloads\dockerandaction\dockerandaction\src\main\java\com\container\dockerandaction\Api.java. Using fallback presentation compiler.
2026.09.11 13:05:48 INFO  no build target found for C:\Users\user\Downloads\dockerandaction\dockerandaction\src\main\java\com\container\dockerandaction\Api.java. Using fallback presentation compiler.
2026.09.11 13:08:03 INFO  no build target found for C:\Users\user\Downloads\dockerandaction\dockerandaction\src\main\java\com\container\dockerandaction\Api.java. Using fallback presentation compiler.
2026.09.11 13:08:03 INFO  no build target found for C:\Users\user\Downloads\dockerandaction\dockerandaction\src\main\java\com\container\dockerandaction\Api.java. Using fallback presentation compiler.
2026.09.11 13:08:03 INFO  no build target found for C:\Users\user\Downloads\dockerandaction\dockerandaction\src\main\java\com\container\dockerandaction\Api.java. Using fallback presentation compiler.
2026.09.11 13:08:03 INFO  no build target found for C:\Users\user\Downloads\dockerandaction\dockerandaction\src\main\java\com\container\dockerandaction\Api.java. Using fallback presentation compiler.
Sept 11, 2026 1:08:04 PM org.eclipse.lsp4j.jsonrpc.RemoteEndpoint handleCancellation
WARNING: Unmatched cancel notification for request id 193
2026.09.11 13:08:05 INFO  no build target found for C:\Users\user\Downloads\dockerandaction\dockerandaction\src\main\java\com\container\dockerandaction\Api.java. Using fallback presentation compiler.
2026.09.11 13:08:06 INFO  no build target found for C:\Users\user\Downloads\dockerandaction\dockerandaction\src\main\java\com\container\dockerandaction\Api.java. Using fallback presentation compiler.
2026.09.11 13:08:09 INFO  no build target found for C:\Users\user\Downloads\dockerandaction\dockerandaction\src\main\java\com\container\dockerandaction\Api.java. Using fallback presentation compiler.
2026.09.11 13:08:09 INFO  no build target found for C:\Users\user\Downloads\dockerandaction\dockerandaction\src\main\java\com\container\dockerandaction\Api.java. Using fallback presentation compiler.
2026.09.11 13:08:09 INFO  no build target found for C:\Users\user\Downloads\dockerandaction\dockerandaction\src\main\java\com\container\dockerandaction\Api.java. Using fallback presentation compiler.
2026.09.11 13:08:10 INFO  no build target found for C:\Users\user\Downloads\dockerandaction\dockerandaction\src\main\java\com\container\dockerandaction\Api.java. Using fallback presentation compiler.
2026.09.11 13:08:11 INFO  no build target found for C:\Users\user\Downloads\dockerandaction\dockerandaction\src\main\java\com\container\dockerandaction\Api.java. Using fallback presentation compiler.
2026.09.11 13:08:11 INFO  no build target found for C:\Users\user\Downloads\dockerandaction\dockerandaction\src\main\java\com\container\dockerandaction\Api.java. Using fallback presentation compiler.
2026.09.11 13:08:11 INFO  no build target found for C:\Users\user\Downloads\dockerandaction\dockerandaction\src\main\java\com\container\dockerandaction\Api.java. Using fallback presentation compiler.
2026.09.11 13:08:12 INFO  no build target found for C:\Users\user\Downloads\dockerandaction\dockerandaction\src\main\java\com\container\dockerandaction\Api.java. Using fallback presentation compiler.
2026.09.11 13:08:12 INFO  no build target found for C:\Users\user\Downloads\dockerandaction\dockerandaction\src\main\java\com\container\dockerandaction\Api.java. Using fallback presentation compiler.
2026.09.11 13:08:12 INFO  no build target found for C:\Users\user\Downloads\dockerandaction\dockerandaction\src\main\java\com\container\dockerandaction\Api.java. Using fallback presentation compiler.
2026.09.11 13:08:13 INFO  no build target found for C:\Users\user\Downloads\dockerandaction\dockerandaction\src\main\java\com\container\dockerandaction\Api.java. Using fallback presentation compiler.
2026.09.11 13:08:13 INFO  no build target found for C:\Users\user\Downloads\dockerandaction\dockerandaction\src\main\java\com\container\dockerandaction\Api.java. Using fallback presentation compiler.
2026.09.11 13:08:18 INFO  no build target found for C:\Users\user\Downloads\dockerandaction\dockerandaction\src\main\java\com\container\dockerandaction\Api.java. Using fallback presentation compiler.
2026.09.11 13:08:18 INFO  no build target found for C:\Users\user\Downloads\dockerandaction\dockerandaction\src\main\java\com\container\dockerandaction\Api.java. Using fallback presentation compiler.
2026.09.11 13:08:20 INFO  no build target found for C:\Users\user\Downloads\dockerandaction\dockerandaction\src\main\java\com\container\dockerandaction\Api.java. Using fallback presentation compiler.
2026.09.11 13:08:20 INFO  no build target found for C:\Users\user\Downloads\dockerandaction\dockerandaction\src\main\java\com\container\dockerandaction\Api.java. Using fallback presentation compiler.
2026.09.11 13:08:22 INFO  no build target found for C:\Users\user\Downloads\dockerandaction\dockerandaction\src\main\java\com\container\dockerandaction\Api.java. Using fallback presentation compiler.
2026.09.11 13:08:22 INFO  no build target found for C:\Users\user\Downloads\dockerandaction\dockerandaction\src\main\java\com\container\dockerandaction\Api.java. Using fallback presentation compiler.
2026.09.11 13:08:22 INFO  no build target found for C:\Users\user\Downloads\dockerandaction\dockerandaction\src\main\java\com\container\dockerandaction\Api.java. Using fallback presentation compiler.
2026.09.11 13:08:22 INFO  no build target found for C:\Users\user\Downloads\dockerandaction\dockerandaction\src\main\java\com\container\dockerandaction\Api.java. Using fallback presentation compiler.
2026.09.11 13:08:22 INFO  no build target found for C:\Users\user\Downloads\dockerandaction\dockerandaction\src\main\java\com\container\dockerandaction\Api.java. Using fallback presentation compiler.
2026.09.11 13:08:24 INFO  no build target found for C:\Users\user\Downloads\dockerandaction\dockerandaction\src\main\java\com\container\dockerandaction\Api.java. Using fallback presentation compiler.
2026.09.11 13:08:24 INFO  no build target found for C:\Users\user\Downloads\dockerandaction\dockerandaction\src\main\java\com\container\dockerandaction\Api.java. Using fallback presentation compiler.
2026.09.11 13:08:24 INFO  no build target found for C:\Users\user\Downloads\dockerandaction\dockerandaction\src\main\java\com\container\dockerandaction\Api.java. Using fallback presentation compiler.
2026.09.11 13:08:24 INFO  no build target found for C:\Users\user\Downloads\dockerandaction\dockerandaction\src\main\java\com\container\dockerandaction\Api.java. Using fallback presentation compiler.
2026.09.11 13:08:24 INFO  no build target found for C:\Users\user\Downloads\dockerandaction\dockerandaction\src\main\java\com\container\dockerandaction\Api.java. Using fallback presentation compiler.
2026.09.11 13:08:25 INFO  no build target found for C:\Users\user\Downloads\dockerandaction\dockerandaction\src\main\java\com\container\dockerandaction\Api.java. Using fallback presentation compiler.
2026.09.11 13:08:25 INFO  no build target found for C:\Users\user\Downloads\dockerandaction\dockerandaction\src\main\java\com\container\dockerandaction\Api.java. Using fallback presentation compiler.
2026.09.11 13:08:25 INFO  no build target found for C:\Users\user\Downloads\dockerandaction\dockerandaction\src\main\java\com\container\dockerandaction\Api.java. Using fallback presentation compiler.
Sept 11, 2026 1:08:27 PM org.eclipse.lsp4j.jsonrpc.RemoteEndpoint handleCancellation
WARNING: Unmatched cancel notification for request id 225
2026.09.11 13:08:27 INFO  no build target found for C:\Users\user\Downloads\dockerandaction\dockerandaction\src\main\java\com\container\dockerandaction\Api.java. Using fallback presentation compiler.
2026.09.11 13:08:27 INFO  no build target found for C:\Users\user\Downloads\dockerandaction\dockerandaction\src\main\java\com\container\dockerandaction\Api.java. Using fallback presentation compiler.
2026.09.11 13:08:28 INFO  no build target found for C:\Users\user\Downloads\dockerandaction\dockerandaction\src\main\java\com\container\dockerandaction\Api.java. Using fallback presentation compiler.
2026.09.11 13:08:28 INFO  no build target found for C:\Users\user\Downloads\dockerandaction\dockerandaction\src\main\java\com\container\dockerandaction\Api.java. Using fallback presentation compiler.
2026.09.11 13:08:30 INFO  no build target found for C:\Users\user\Downloads\dockerandaction\dockerandaction\src\main\java\com\container\dockerandaction\Api.java. Using fallback presentation compiler.
2026.09.11 13:08:30 INFO  no build target found for C:\Users\user\Downloads\dockerandaction\dockerandaction\src\main\java\com\container\dockerandaction\Api.java. Using fallback presentation compiler.
2026.09.11 13:08:30 INFO  no build target found for C:\Users\user\Downloads\dockerandaction\dockerandaction\src\main\java\com\container\dockerandaction\Api.java. Using fallback presentation compiler.
Sept 11, 2026 1:08:31 PM org.eclipse.lsp4j.jsonrpc.RemoteEndpoint handleCancellation
WARNING: Unmatched cancel notification for request id 231
Sept 11, 2026 1:08:31 PM org.eclipse.lsp4j.jsonrpc.RemoteEndpoint handleCancellation
WARNING: Unmatched cancel notification for request id 232
2026.09.11 13:08:30 INFO  no build target found for C:\Users\user\Downloads\dockerandaction\dockerandaction\src\main\java\com\container\dockerandaction\Api.java. Using fallback presentation compiler.
2026.09.11 13:08:30 INFO  no build target found for C:\Users\user\Downloads\dockerandaction\dockerandaction\src\main\java\com\container\dockerandaction\Api.java. Using fallback presentation compiler.
2026.09.11 13:08:30 INFO  no build target found for C:\Users\user\Downloads\dockerandaction\dockerandaction\src\main\java\com\container\dockerandaction\Api.java. Using fallback presentation compiler.
2026.09.11 13:08:31 INFO  no build target found for C:\Users\user\Downloads\dockerandaction\dockerandaction\src\main\java\com\container\dockerandaction\Api.java. Using fallback presentation compiler.
2026.09.11 13:08:31 INFO  no build target found for C:\Users\user\Downloads\dockerandaction\dockerandaction\src\main\java\com\container\dockerandaction\Api.java. Using fallback presentation compiler.
2026.09.11 13:08:31 INFO  no build target found for C:\Users\user\Downloads\dockerandaction\dockerandaction\src\main\java\com\container\dockerandaction\Api.java. Using fallback presentation compiler.
2026.09.11 13:08:31 INFO  no build target found for C:\Users\user\Downloads\dockerandaction\dockerandaction\src\main\java\com\container\dockerandaction\Api.java. Using fallback presentation compiler.
2026.09.11 13:08:31 INFO  no build target found for C:\Users\user\Downloads\dockerandaction\dockerandaction\src\main\java\com\container\dockerandaction\Api.java. Using fallback presentation compiler.
2026.09.11 13:08:32 INFO  no build target found for C:\Users\user\Downloads\dockerandaction\dockerandaction\src\main\java\com\container\dockerandaction\Api.java. Using fallback presentation compiler.
2026.09.11 13:08:34 INFO  no build target found for C:\Users\user\Downloads\dockerandaction\dockerandaction\src\main\java\com\container\dockerandaction\Api.java. Using fallback presentation compiler.
Sept 11, 2026 1:08:34 PM org.eclipse.lsp4j.jsonrpc.RemoteEndpoint handleCancellation
WARNING: Unmatched cancel notification for request id 242
2026.09.11 13:08:34 INFO  no build target found for C:\Users\user\Downloads\dockerandaction\dockerandaction\src\main\java\com\container\dockerandaction\Api.java. Using fallback presentation compiler.
2026.09.11 13:08:35 INFO  no build target found for C:\Users\user\Downloads\dockerandaction\dockerandaction\src\main\java\com\container\dockerandaction\Api.java. Using fallback presentation compiler.
2026.09.11 13:08:35 INFO  no build target found for C:\Users\user\Downloads\dockerandaction\dockerandaction\src\main\java\com\container\dockerandaction\Api.java. Using fallback presentation compiler.
2026.09.11 13:08:36 INFO  no build target found for C:\Users\user\Downloads\dockerandaction\dockerandaction\src\main\java\com\container\dockerandaction\Api.java. Using fallback presentation compiler.
2026.09.11 13:08:38 INFO  no build target found for C:\Users\user\Downloads\dockerandaction\dockerandaction\src\main\java\com\container\dockerandaction\Api.java. Using fallback presentation compiler.
2026.09.11 13:08:38 INFO  no build target found for C:\Users\user\Downloads\dockerandaction\dockerandaction\src\main\java\com\container\dockerandaction\Api.java. Using fallback presentation compiler.
Sept 11, 2026 1:08:39 PM org.eclipse.lsp4j.jsonrpc.RemoteEndpoint handleCancellation
WARNING: Unmatched cancel notification for request id 247
2026.09.11 13:08:38 INFO  no build target found for C:\Users\user\Downloads\dockerandaction\dockerandaction\src\main\java\com\container\dockerandaction\Api.java. Using fallback presentation compiler.
Sept 11, 2026 1:08:39 PM org.eclipse.lsp4j.jsonrpc.RemoteEndpoint handleCancellation
WARNING: Unmatched cancel notification for request id 249
2026.09.11 13:08:39 INFO  no build target found for C:\Users\user\Downloads\dockerandaction\dockerandaction\src\main\java\com\container\dockerandaction\Api.java. Using fallback presentation compiler.
2026.09.11 13:08:40 INFO  no build target found for C:\Users\user\Downloads\dockerandaction\dockerandaction\src\main\java\com\container\dockerandaction\Api.java. Using fallback presentation compiler.
2026.09.11 13:08:53 WARN  no build target for: C:\Users\user\Downloads\dockerandaction\dockerandaction\src\main\java\com\container\dockerandaction\Api.java
2026.09.11 13:08:53 INFO  no build target found for C:\Users\user\Downloads\dockerandaction\dockerandaction\src\main\java\com\container\dockerandaction\Api.java. Using fallback presentation compiler.
2026.09.11 13:08:53 INFO  no build target found for C:\Users\user\Downloads\dockerandaction\dockerandaction\src\main\java\com\container\dockerandaction\Api.java. Using fallback presentation compiler.
2026.09.11 13:08:53 INFO  no build target found for C:\Users\user\Downloads\dockerandaction\dockerandaction\src\main\java\com\container\dockerandaction\Api.java. Using fallback presentation compiler.
2026.09.11 13:08:53 INFO  no build target found for C:\Users\user\Downloads\dockerandaction\dockerandaction\src\main\java\com\container\dockerandaction\Api.java. Using fallback presentation compiler.
2026.09.11 13:08:53 INFO  no build target found for C:\Users\user\Downloads\dockerandaction\dockerandaction\src\main\java\com\container\dockerandaction\Api.java. Using fallback presentation compiler.
Sept 11, 2026 1:08:54 PM org.eclipse.lsp4j.jsonrpc.RemoteEndpoint handleCancellation
WARNING: Unmatched cancel notification for request id 258
2026.09.11 13:08:53 INFO  no build target found for C:\Users\user\Downloads\dockerandaction\dockerandaction\src\main\java\com\container\dockerandaction\Api.java. Using fallback presentation compiler.
2026.09.11 13:08:53 INFO  no build target found for C:\Users\user\Downloads\dockerandaction\dockerandaction\src\main\java\com\container\dockerandaction\Api.java. Using fallback presentation compiler.
2026.09.11 13:08:53 INFO  no build target found for C:\Users\user\Downloads\dockerandaction\dockerandaction\src\main\java\com\container\dockerandaction\Api.java. Using fallback presentation compiler.
2026.09.11 13:08:55 INFO  no build target found for C:\Users\user\Downloads\dockerandaction\dockerandaction\src\main\java\com\container\dockerandaction\Api.java. Using fallback presentation compiler.
Sept 11, 2026 1:08:55 PM org.eclipse.lsp4j.jsonrpc.RemoteEndpoint handleCancellation
WARNING: Unmatched cancel notification for request id 261
2026.09.11 13:08:55 INFO  no build target found for C:\Users\user\Downloads\dockerandaction\dockerandaction\src\main\java\com\container\dockerandaction\Api.java. Using fallback presentation compiler.
Sept 11, 2026 1:08:55 PM org.eclipse.lsp4j.jsonrpc.RemoteEndpoint handleCancellation
WARNING: Unmatched cancel notification for request id 260
2026.09.11 13:08:55 INFO  no build target found for C:\Users\user\Downloads\dockerandaction\dockerandaction\src\main\java\com\container\dockerandaction\Api.java. Using fallback presentation compiler.
2026.09.11 13:08:55 INFO  no build target found for C:\Users\user\Downloads\dockerandaction\dockerandaction\src\main\java\com\container\dockerandaction\Api.java. Using fallback presentation compiler.
2026.09.11 13:08:55 INFO  no build target found for C:\Users\user\Downloads\dockerandaction\dockerandaction\src\main\java\com\container\dockerandaction\Api.java. Using fallback presentation compiler.
2026.09.11 13:08:55 INFO  no build target found for C:\Users\user\Downloads\dockerandaction\dockerandaction\src\main\java\com\container\dockerandaction\Api.java. Using fallback presentation compiler.
2026.09.11 13:08:55 INFO  no build target found for C:\Users\user\Downloads\dockerandaction\dockerandaction\src\main\java\com\container\dockerandaction\Api.java. Using fallback presentation compiler.
Sept 11, 2026 1:08:56 PM org.eclipse.lsp4j.jsonrpc.RemoteEndpoint handleCancellation
WARNING: Unmatched cancel notification for request id 267
2026.09.11 13:08:55 INFO  no build target found for C:\Users\user\Downloads\dockerandaction\dockerandaction\src\main\java\com\container\dockerandaction\Api.java. Using fallback presentation compiler.
2026.09.11 13:08:55 INFO  no build target found for C:\Users\user\Downloads\dockerandaction\dockerandaction\src\main\java\com\container\dockerandaction\Api.java. Using fallback presentation compiler.
2026.09.11 13:08:55 INFO  no build target found for C:\Users\user\Downloads\dockerandaction\dockerandaction\src\main\java\com\container\dockerandaction\Api.java. Using fallback presentation compiler.
Sept 11, 2026 1:08:56 PM org.eclipse.lsp4j.jsonrpc.RemoteEndpoint handleCancellation
WARNING: Unmatched cancel notification for request id 272
Sept 11, 2026 1:08:56 PM org.eclipse.lsp4j.jsonrpc.RemoteEndpoint handleCancellation
WARNING: Unmatched cancel notification for request id 270
Sept 11, 2026 1:08:56 PM org.eclipse.lsp4j.jsonrpc.RemoteEndpoint handleCancellation
WARNING: Unmatched cancel notification for request id 271
2026.09.11 13:08:56 INFO  no build target found for C:\Users\user\Downloads\dockerandaction\dockerandaction\src\main\java\com\container\dockerandaction\Api.java. Using fallback presentation compiler.
2026.09.11 13:08:56 INFO  no build target found for C:\Users\user\Downloads\dockerandaction\dockerandaction\src\main\java\com\container\dockerandaction\Api.java. Using fallback presentation compiler.
Sept 11, 2026 1:08:56 PM org.eclipse.lsp4j.jsonrpc.RemoteEndpoint handleCancellation
WARNING: Unmatched cancel notification for request id 273
2026.09.11 13:08:56 INFO  no build target found for C:\Users\user\Downloads\dockerandaction\dockerandaction\src\main\java\com\container\dockerandaction\Api.java. Using fallback presentation compiler.
Sept 11, 2026 1:08:56 PM org.eclipse.lsp4j.jsonrpc.RemoteEndpoint handleCancellation
WARNING: Unmatched cancel notification for request id 275
2026.09.11 13:08:56 INFO  no build target found for C:\Users\user\Downloads\dockerandaction\dockerandaction\src\main\java\com\container\dockerandaction\Api.java. Using fallback presentation compiler.
Sept 11, 2026 1:08:57 PM org.eclipse.lsp4j.jsonrpc.RemoteEndpoint handleCancellation
WARNING: Unmatched cancel notification for request id 274
2026.09.11 13:08:56 INFO  no build target found for C:\Users\user\Downloads\dockerandaction\dockerandaction\src\main\java\com\container\dockerandaction\Api.java. Using fallback presentation compiler.
2026.09.11 13:08:56 INFO  no build target found for C:\Users\user\Downloads\dockerandaction\dockerandaction\src\main\java\com\container\dockerandaction\Api.java. Using fallback presentation compiler.
Sept 11, 2026 1:08:57 PM org.eclipse.lsp4j.jsonrpc.RemoteEndpoint handleCancellation
WARNING: Unmatched cancel notification for request id 276
2026.09.11 13:08:56 INFO  no build target found for C:\Users\user\Downloads\dockerandaction\dockerandaction\src\main\java\com\container\dockerandaction\Api.java. Using fallback presentation compiler.
Sept 11, 2026 1:08:57 PM org.eclipse.lsp4j.jsonrpc.RemoteEndpoint handleCancellation
WARNING: Unmatched cancel notification for request id 278
2026.09.11 13:08:56 INFO  no build target found for C:\Users\user\Downloads\dockerandaction\dockerandaction\src\main\java\com\container\dockerandaction\Api.java. Using fallback presentation compiler.
2026.09.11 13:08:57 INFO  no build target found for C:\Users\user\Downloads\dockerandaction\dockerandaction\src\main\java\com\container\dockerandaction\Api.java. Using fallback presentation compiler.
Sept 11, 2026 1:08:57 PM org.eclipse.lsp4j.jsonrpc.RemoteEndpoint handleCancellation
WARNING: Unmatched cancel notification for request id 280
2026.09.11 13:08:57 INFO  no build target found for C:\Users\user\Downloads\dockerandaction\dockerandaction\src\main\java\com\container\dockerandaction\Api.java. Using fallback presentation compiler.
Sept 11, 2026 1:08:57 PM org.eclipse.lsp4j.jsonrpc.RemoteEndpoint handleCancellation
WARNING: Unmatched cancel notification for request id 282
Sept 11, 2026 1:08:57 PM org.eclipse.lsp4j.jsonrpc.RemoteEndpoint handleCancellation
WARNING: Unmatched cancel notification for request id 281
2026.09.11 13:08:57 INFO  no build target found for C:\Users\user\Downloads\dockerandaction\dockerandaction\src\main\java\com\container\dockerandaction\Api.java. Using fallback presentation compiler.
2026.09.11 13:08:57 INFO  no build target found for C:\Users\user\Downloads\dockerandaction\dockerandaction\src\main\java\com\container\dockerandaction\Api.java. Using fallback presentation compiler.
2026.09.11 13:08:57 INFO  no build target found for C:\Users\user\Downloads\dockerandaction\dockerandaction\src\main\java\com\container\dockerandaction\Api.java. Using fallback presentation compiler.
2026.09.11 13:08:58 INFO  no build target found for C:\Users\user\Downloads\dockerandaction\dockerandaction\src\main\java\com\container\dockerandaction\Api.java. Using fallback presentation compiler.
Sept 11, 2026 1:08:59 PM org.eclipse.lsp4j.jsonrpc.RemoteEndpoint handleCancellation
WARNING: Unmatched cancel notification for request id 288
2026.09.11 13:08:58 INFO  no build target found for C:\Users\user\Downloads\dockerandaction\dockerandaction\src\main\java\com\container\dockerandaction\Api.java. Using fallback presentation compiler.
2026.09.11 13:09:00 INFO  no build target found for C:\Users\user\Downloads\dockerandaction\dockerandaction\src\main\java\com\container\dockerandaction\Api.java. Using fallback presentation compiler.
2026.09.11 13:09:00 INFO  no build target found for C:\Users\user\Downloads\dockerandaction\dockerandaction\src\main\java\com\container\dockerandaction\Api.java. Using fallback presentation compiler.
2026.09.11 13:09:01 INFO  no build target found for C:\Users\user\Downloads\dockerandaction\dockerandaction\src\main\java\com\container\dockerandaction\Api.java. Using fallback presentation compiler.
2026.09.11 13:09:01 INFO  no build target found for C:\Users\user\Downloads\dockerandaction\dockerandaction\src\main\java\com\container\dockerandaction\Api.java. Using fallback presentation compiler.
2026.09.11 13:09:01 INFO  no build target found for C:\Users\user\Downloads\dockerandaction\dockerandaction\src\main\java\com\container\dockerandaction\Api.java. Using fallback presentation compiler.
2026.09.11 13:09:02 INFO  no build target found for C:\Users\user\Downloads\dockerandaction\dockerandaction\src\main\java\com\container\dockerandaction\Api.java. Using fallback presentation compiler.
2026.09.11 13:09:02 INFO  no build target found for C:\Users\user\Downloads\dockerandaction\dockerandaction\src\main\java\com\container\dockerandaction\Api.java. Using fallback presentation compiler.
Sept 11, 2026 1:09:02 PM org.eclipse.lsp4j.jsonrpc.RemoteEndpoint handleCancellation
WARNING: Unmatched cancel notification for request id 295
2026.09.11 13:09:02 INFO  no build target found for C:\Users\user\Downloads\dockerandaction\dockerandaction\src\main\java\com\container\dockerandaction\Api.java. Using fallback presentation compiler.
2026.09.11 13:09:02 INFO  no build target found for C:\Users\user\Downloads\dockerandaction\dockerandaction\src\main\java\com\container\dockerandaction\Api.java. Using fallback presentation compiler.
2026.09.11 13:09:02 INFO  no build target found for C:\Users\user\Downloads\dockerandaction\dockerandaction\src\main\java\com\container\dockerandaction\Api.java. Using fallback presentation compiler.
2026.09.11 13:09:02 INFO  no build target found for C:\Users\user\Downloads\dockerandaction\dockerandaction\src\main\java\com\container\dockerandaction\Api.java. Using fallback presentation compiler.
2026.09.11 13:09:06 INFO  no build target found for C:\Users\user\Downloads\dockerandaction\dockerandaction\src\main\java\com\container\dockerandaction\Api.java. Using fallback presentation compiler.
2026.09.11 13:09:06 INFO  no build target found for C:\Users\user\Downloads\dockerandaction\dockerandaction\src\main\java\com\container\dockerandaction\Api.java. Using fallback presentation compiler.
Sept 11, 2026 1:09:06 PM org.eclipse.lsp4j.jsonrpc.RemoteEndpoint handleCancellation
WARNING: Unmatched cancel notification for request id 303
2026.09.11 13:09:06 INFO  no build target found for C:\Users\user\Downloads\dockerandaction\dockerandaction\src\main\java\com\container\dockerandaction\Api.java. Using fallback presentation compiler.
2026.09.11 13:09:07 INFO  no build target found for C:\Users\user\Downloads\dockerandaction\dockerandaction\src\main\java\com\container\dockerandaction\Api.java. Using fallback presentation compiler.
2026.09.11 13:09:07 INFO  no build target found for C:\Users\user\Downloads\dockerandaction\dockerandaction\src\main\java\com\container\dockerandaction\Api.java. Using fallback presentation compiler.
2026.09.11 13:09:09 INFO  no build target found for C:\Users\user\Downloads\dockerandaction\dockerandaction\src\test\java\com\container\dockerandaction\ApiControllerTest.java. Using fallback presentation compiler.
2026.09.11 13:09:09 WARN  no build target for: C:\Users\user\Downloads\dockerandaction\dockerandaction\src\test\java\com\container\dockerandaction\ApiControllerTest.java
2026.09.11 13:09:10 INFO  no build target found for C:\Users\user\Downloads\dockerandaction\dockerandaction\src\test\java\com\container\dockerandaction\ApiControllerTest.java. Using fallback presentation compiler.
2026.09.11 13:09:10 INFO  no build target found for C:\Users\user\Downloads\dockerandaction\dockerandaction\src\test\java\com\container\dockerandaction\ApiControllerTest.java. Using fallback presentation compiler.
2026.09.11 13:09:11 INFO  no build target found for C:\Users\user\Downloads\dockerandaction\dockerandaction\src\test\java\com\container\dockerandaction\ApiControllerTest.java. Using fallback presentation compiler.
2026.09.11 13:09:12 INFO  no build target found for C:\Users\user\Downloads\dockerandaction\dockerandaction\src\test\java\com\container\dockerandaction\ApiControllerTest.java. Using fallback presentation compiler.
2026.09.11 13:09:12 INFO  no build target found for C:\Users\user\Downloads\dockerandaction\dockerandaction\src\test\java\com\container\dockerandaction\ApiControllerTest.java. Using fallback presentation compiler.
2026.09.11 13:09:13 INFO  no build target found for C:\Users\user\Downloads\dockerandaction\dockerandaction\src\test\java\com\container\dockerandaction\ApiControllerTest.java. Using fallback presentation compiler.
2026.09.11 13:09:13 INFO  no build target found for C:\Users\user\Downloads\dockerandaction\dockerandaction\src\test\java\com\container\dockerandaction\ApiControllerTest.java. Using fallback presentation compiler.
2026.09.11 13:09:16 INFO  no build target found for C:\Users\user\Downloads\dockerandaction\dockerandaction\src\test\java\com\container\dockerandaction\ApiControllerTest.java. Using fallback presentation compiler.
2026.09.11 13:09:16 INFO  no build target found for C:\Users\user\Downloads\dockerandaction\dockerandaction\src\test\java\com\container\dockerandaction\ApiControllerTest.java. Using fallback presentation compiler.
2026.09.11 13:09:16 INFO  no build target found for C:\Users\user\Downloads\dockerandaction\dockerandaction\src\test\java\com\container\dockerandaction\ApiControllerTest.java. Using fallback presentation compiler.
2026.09.11 13:09:17 INFO  no build target found for C:\Users\user\Downloads\dockerandaction\dockerandaction\src\test\java\com\container\dockerandaction\ApiControllerTest.java. Using fallback presentation compiler.
2026.09.11 13:09:17 INFO  no build target found for C:\Users\user\Downloads\dockerandaction\dockerandaction\src\test\java\com\container\dockerandaction\ApiControllerTest.java. Using fallback presentation compiler.
2026.09.11 13:09:17 INFO  no build target found for C:\Users\user\Downloads\dockerandaction\dockerandaction\src\test\java\com\container\dockerandaction\ApiControllerTest.java. Using fallback presentation compiler.
2026.09.11 13:09:17 INFO  no build target found for C:\Users\user\Downloads\dockerandaction\dockerandaction\src\test\java\com\container\dockerandaction\ApiControllerTest.java. Using fallback presentation compiler.
Sept 11, 2026 1:09:17 PM org.eclipse.lsp4j.jsonrpc.RemoteEndpoint handleCancellation
WARNING: Unmatched cancel notification for request id 325
2026.09.11 13:09:17 INFO  no build target found for C:\Users\user\Downloads\dockerandaction\dockerandaction\src\test\java\com\container\dockerandaction\ApiControllerTest.java. Using fallback presentation compiler.
2026.09.11 13:09:18 INFO  no build target found for C:\Users\user\Downloads\dockerandaction\dockerandaction\src\test\java\com\container\dockerandaction\ApiControllerTest.java. Using fallback presentation compiler.
2026.09.11 13:09:18 INFO  no build target found for C:\Users\user\Downloads\dockerandaction\dockerandaction\src\test\java\com\container\dockerandaction\ApiControllerTest.java. Using fallback presentation compiler.
2026.09.11 13:09:18 INFO  no build target found for C:\Users\user\Downloads\dockerandaction\dockerandaction\src\test\java\com\container\dockerandaction\ApiControllerTest.java. Using fallback presentation compiler.
2026.09.11 13:09:19 INFO  no build target found for C:\Users\user\Downloads\dockerandaction\dockerandaction\src\test\java\com\container\dockerandaction\ApiControllerTest.java. Using fallback presentation compiler.
Sept 11, 2026 1:09:21 PM org.eclipse.lsp4j.jsonrpc.RemoteEndpoint handleCancellation
WARNING: Unmatched cancel notification for request id 329
2026.09.11 13:09:21 INFO  no build target found for C:\Users\user\Downloads\dockerandaction\dockerandaction\src\test\java\com\container\dockerandaction\ApiControllerTest.java. Using fallback presentation compiler.
2026.09.11 13:09:21 INFO  no build target found for C:\Users\user\Downloads\dockerandaction\dockerandaction\src\test\java\com\container\dockerandaction\ApiControllerTest.java. Using fallback presentation compiler.
Sept 11, 2026 1:09:22 PM org.eclipse.lsp4j.jsonrpc.RemoteEndpoint handleCancellation
WARNING: Unmatched cancel notification for request id 330
2026.09.11 13:09:21 INFO  no build target found for C:\Users\user\Downloads\dockerandaction\dockerandaction\src\test\java\com\container\dockerandaction\ApiControllerTest.java. Using fallback presentation compiler.
2026.09.11 13:09:21 INFO  no build target found for C:\Users\user\Downloads\dockerandaction\dockerandaction\src\test\java\com\container\dockerandaction\ApiControllerTest.java. Using fallback presentation compiler.
2026.09.11 13:09:21 INFO  no build target found for C:\Users\user\Downloads\dockerandaction\dockerandaction\src\test\java\com\container\dockerandaction\ApiControllerTest.java. Using fallback presentation compiler.
Sept 11, 2026 1:09:22 PM org.eclipse.lsp4j.jsonrpc.RemoteEndpoint handleCancellation
WARNING: Unmatched cancel notification for request id 332
Sept 11, 2026 1:09:22 PM org.eclipse.lsp4j.jsonrpc.RemoteEndpoint handleCancellation
WARNING: Unmatched cancel notification for request id 335
2026.09.11 13:09:23 INFO  no build target found for C:\Users\user\Downloads\dockerandaction\dockerandaction\src\test\java\com\container\dockerandaction\ApiControllerTest.java. Using fallback presentation compiler.
2026.09.11 13:09:26 INFO  no build target found for C:\Users\user\Downloads\dockerandaction\dockerandaction\src\main\java\com\container\dockerandaction\Api.java. Using fallback presentation compiler.
2026.09.11 13:09:26 WARN  no build target for: C:\Users\user\Downloads\dockerandaction\dockerandaction\src\main\java\com\container\dockerandaction\Api.java
2026.09.11 13:09:26 INFO  no build target found for C:\Users\user\Downloads\dockerandaction\dockerandaction\src\main\java\com\container\dockerandaction\Api.java. Using fallback presentation compiler.
2026.09.11 13:09:26 INFO  no build target found for C:\Users\user\Downloads\dockerandaction\dockerandaction\src\main\java\com\container\dockerandaction\Api.java. Using fallback presentation compiler.
2026.09.11 13:09:26 INFO  no build target found for C:\Users\user\Downloads\dockerandaction\dockerandaction\src\main\java\com\container\dockerandaction\Api.java. Using fallback presentation compiler.
2026.09.11 13:09:27 INFO  no build target found for C:\Users\user\Downloads\dockerandaction\dockerandaction\src\main\java\com\container\dockerandaction\Api.java. Using fallback presentation compiler.
Sept 11, 2026 1:09:27 PM org.eclipse.lsp4j.jsonrpc.RemoteEndpoint handleCancellation
WARNING: Unmatched cancel notification for request id 343
2026.09.11 13:09:26 INFO  no build target found for C:\Users\user\Downloads\dockerandaction\dockerandaction\src\main\java\com\container\dockerandaction\Api.java. Using fallback presentation compiler.
2026.09.11 13:09:27 INFO  no build target found for C:\Users\user\Downloads\dockerandaction\dockerandaction\src\main\java\com\container\dockerandaction\Api.java. Using fallback presentation compiler.
2026.09.11 13:09:30 INFO  no build target found for C:\Users\user\Downloads\dockerandaction\dockerandaction\src\main\java\com\container\dockerandaction\Api.java. Using fallback presentation compiler.
2026.09.11 13:09:31 INFO  no build target found for C:\Users\user\Downloads\dockerandaction\dockerandaction\src\main\java\com\container\dockerandaction\Api.java. Using fallback presentation compiler.
Sept 11, 2026 1:09:31 PM org.eclipse.lsp4j.jsonrpc.RemoteEndpoint handleCancellation
WARNING: Unmatched cancel notification for request id 348
2026.09.11 13:09:31 INFO  no build target found for C:\Users\user\Downloads\dockerandaction\dockerandaction\src\main\java\com\container\dockerandaction\Api.java. Using fallback presentation compiler.
2026.09.11 13:09:31 INFO  no build target found for C:\Users\user\Downloads\dockerandaction\dockerandaction\src\main\java\com\container\dockerandaction\Api.java. Using fallback presentation compiler.
2026.09.11 13:09:31 INFO  no build target found for C:\Users\user\Downloads\dockerandaction\dockerandaction\src\main\java\com\container\dockerandaction\Api.java. Using fallback presentation compiler.
2026.09.11 13:09:34 INFO  no build target found for C:\Users\user\Downloads\dockerandaction\dockerandaction\src\main\java\com\container\dockerandaction\Api.java. Using fallback presentation compiler.
2026.09.11 13:09:34 INFO  no build target found for C:\Users\user\Downloads\dockerandaction\dockerandaction\src\main\java\com\container\dockerandaction\Api.java. Using fallback presentation compiler.
2026.09.11 13:09:36 INFO  no build target found for C:\Users\user\Downloads\dockerandaction\dockerandaction\src\main\java\com\container\dockerandaction\Api.java. Using fallback presentation compiler.
2026.09.11 13:09:40 INFO  no build target found for C:\Users\user\Downloads\dockerandaction\dockerandaction\src\main\java\com\container\dockerandaction\Api.java. Using fallback presentation compiler.
2026.09.11 13:09:52 INFO  no build target found for C:\Users\user\Downloads\dockerandaction\dockerandaction\src\main\java\com\container\dockerandaction\Api.java. Using fallback presentation compiler.
2026.09.11 13:09:52 WARN  no build target for: C:\Users\user\Downloads\dockerandaction\dockerandaction\src\main\java\com\container\dockerandaction\Api.java
2026.09.11 13:09:56 INFO  no build target found for C:\Users\user\Downloads\dockerandaction\dockerandaction\src\main\java\com\container\dockerandaction\Api.java. Using fallback presentation compiler.
Sept 11, 2026 1:09:56 PM org.eclipse.lsp4j.jsonrpc.RemoteEndpoint handleCancellation
WARNING: Unmatched cancel notification for request id 359
Sept 11, 2026 1:09:56 PM org.eclipse.lsp4j.jsonrpc.RemoteEndpoint handleCancellation
WARNING: Unmatched cancel notification for request id 360
2026.09.11 13:09:56 INFO  no build target found for C:\Users\user\Downloads\dockerandaction\dockerandaction\src\test\java\com\container\dockerandaction\ApiControllerTest.java. Using fallback presentation compiler.
2026.09.11 13:09:57 WARN  no build target for: C:\Users\user\Downloads\dockerandaction\dockerandaction\src\test\java\com\container\dockerandaction\ApiControllerTest.java
2026.09.11 13:10:01 INFO  no build target found for C:\Users\user\Downloads\dockerandaction\dockerandaction\src\test\java\com\container\dockerandaction\ApiControllerTest.java. Using fallback presentation compiler.
2026.09.11 13:10:01 INFO  no build target found for C:\Users\user\Downloads\dockerandaction\dockerandaction\src\test\java\com\container\dockerandaction\ApiControllerTest.java. Using fallback presentation compiler.
2026.09.11 13:10:01 INFO  no build target found for C:\Users\user\Downloads\dockerandaction\dockerandaction\src\test\java\com\container\dockerandaction\ApiControllerTest.java. Using fallback presentation compiler.
2026.09.11 13:10:01 INFO  no build target found for C:\Users\user\Downloads\dockerandaction\dockerandaction\src\test\java\com\container\dockerandaction\ApiControllerTest.java. Using fallback presentation compiler.
2026.09.11 13:10:02 INFO  no build target found for C:\Users\user\Downloads\dockerandaction\dockerandaction\src\test\java\com\container\dockerandaction\ApiControllerTest.java. Using fallback presentation compiler.
2026.09.11 13:10:02 INFO  no build target found for C:\Users\user\Downloads\dockerandaction\dockerandaction\src\test\java\com\container\dockerandaction\ApiControllerTest.java. Using fallback presentation compiler.
Sept 11, 2026 1:10:03 PM org.eclipse.lsp4j.jsonrpc.RemoteEndpoint handleCancellation
WARNING: Unmatched cancel notification for request id 370
2026.09.11 13:10:02 INFO  no build target found for C:\Users\user\Downloads\dockerandaction\dockerandaction\src\test\java\com\container\dockerandaction\ApiControllerTest.java. Using fallback presentation compiler.
2026.09.11 13:10:04 INFO  no build target found for C:\Users\user\Downloads\dockerandaction\dockerandaction\src\test\java\com\container\dockerandaction\ApiControllerTest.java. Using fallback presentation compiler.
2026.09.11 13:10:04 INFO  no build target found for C:\Users\user\Downloads\dockerandaction\dockerandaction\src\test\java\com\container\dockerandaction\ApiControllerTest.java. Using fallback presentation compiler.
2026.09.11 13:10:04 INFO  no build target found for C:\Users\user\Downloads\dockerandaction\dockerandaction\src\test\java\com\container\dockerandaction\ApiControllerTest.java. Using fallback presentation compiler.
2026.09.11 13:10:04 INFO  no build target found for C:\Users\user\Downloads\dockerandaction\dockerandaction\src\test\java\com\container\dockerandaction\ApiControllerTest.java. Using fallback presentation compiler.
2026.09.11 13:10:04 INFO  no build target found for C:\Users\user\Downloads\dockerandaction\dockerandaction\src\test\java\com\container\dockerandaction\ApiControllerTest.java. Using fallback presentation compiler.
2026.09.11 13:10:05 INFO  no build target found for C:\Users\user\Downloads\dockerandaction\dockerandaction\src\test\java\com\container\dockerandaction\ApiControllerTest.java. Using fallback presentation compiler.
2026.09.11 13:10:05 INFO  no build target found for C:\Users\user\Downloads\dockerandaction\dockerandaction\src\test\java\com\container\dockerandaction\ApiControllerTest.java. Using fallback presentation compiler.
2026.09.11 13:10:05 INFO  no build target found for C:\Users\user\Downloads\dockerandaction\dockerandaction\src\test\java\com\container\dockerandaction\ApiControllerTest.java. Using fallback presentation compiler.
Sept 11, 2026 1:10:05 PM org.eclipse.lsp4j.jsonrpc.RemoteEndpoint handleCancellation
WARNING: Unmatched cancel notification for request id 378
2026.09.11 13:10:05 INFO  no build target found for C:\Users\user\Downloads\dockerandaction\dockerandaction\src\test\java\com\container\dockerandaction\ApiControllerTest.java. Using fallback presentation compiler.
2026.09.11 13:10:05 INFO  no build target found for C:\Users\user\Downloads\dockerandaction\dockerandaction\src\test\java\com\container\dockerandaction\ApiControllerTest.java. Using fallback presentation compiler.
2026.09.11 13:10:05 INFO  no build target found for C:\Users\user\Downloads\dockerandaction\dockerandaction\src\test\java\com\container\dockerandaction\ApiControllerTest.java. Using fallback presentation compiler.
2026.09.11 13:10:05 INFO  no build target found for C:\Users\user\Downloads\dockerandaction\dockerandaction\src\test\java\com\container\dockerandaction\ApiControllerTest.java. Using fallback presentation compiler.
2026.09.11 13:10:06 INFO  no build target found for C:\Users\user\Downloads\dockerandaction\dockerandaction\src\test\java\com\container\dockerandaction\ApiControllerTest.java. Using fallback presentation compiler.
2026.09.11 13:10:06 INFO  no build target found for C:\Users\user\Downloads\dockerandaction\dockerandaction\src\test\java\com\container\dockerandaction\ApiControllerTest.java. Using fallback presentation compiler.
2026.09.11 13:10:06 INFO  no build target found for C:\Users\user\Downloads\dockerandaction\dockerandaction\src\test\java\com\container\dockerandaction\ApiControllerTest.java. Using fallback presentation compiler.
2026.09.11 13:10:06 INFO  no build target found for C:\Users\user\Downloads\dockerandaction\dockerandaction\src\test\java\com\container\dockerandaction\ApiControllerTest.java. Using fallback presentation compiler.
2026.09.11 13:10:07 INFO  no build target found for C:\Users\user\Downloads\dockerandaction\dockerandaction\src\test\java\com\container\dockerandaction\ApiControllerTest.java. Using fallback presentation compiler.
2026.09.11 13:10:07 INFO  no build target found for C:\Users\user\Downloads\dockerandaction\dockerandaction\src\test\java\com\container\dockerandaction\ApiControllerTest.java. Using fallback presentation compiler.
2026.09.11 13:10:07 INFO  no build target found for C:\Users\user\Downloads\dockerandaction\dockerandaction\src\test\java\com\container\dockerandaction\ApiControllerTest.java. Using fallback presentation compiler.
2026.09.11 13:10:07 INFO  no build target found for C:\Users\user\Downloads\dockerandaction\dockerandaction\src\test\java\com\container\dockerandaction\ApiControllerTest.java. Using fallback presentation compiler.
2026.09.11 13:10:07 INFO  no build target found for C:\Users\user\Downloads\dockerandaction\dockerandaction\src\test\java\com\container\dockerandaction\ApiControllerTest.java. Using fallback presentation compiler.
2026.09.11 13:10:07 INFO  no build target found for C:\Users\user\Downloads\dockerandaction\dockerandaction\src\test\java\com\container\dockerandaction\ApiControllerTest.java. Using fallback presentation compiler.
2026.09.11 13:10:08 INFO  no build target found for C:\Users\user\Downloads\dockerandaction\dockerandaction\src\test\java\com\container\dockerandaction\ApiControllerTest.java. Using fallback presentation compiler.
2026.09.11 13:10:08 INFO  no build target found for C:\Users\user\Downloads\dockerandaction\dockerandaction\src\test\java\com\container\dockerandaction\ApiControllerTest.java. Using fallback presentation compiler.
2026.09.11 13:10:08 INFO  no build target found for C:\Users\user\Downloads\dockerandaction\dockerandaction\src\test\java\com\container\dockerandaction\ApiControllerTest.java. Using fallback presentation compiler.
2026.09.11 13:10:10 INFO  no build target found for C:\Users\user\Downloads\dockerandaction\dockerandaction\src\test\java\com\container\dockerandaction\ApiControllerTest.java. Using fallback presentation compiler.
2026.09.11 13:10:10 INFO  no build target found for C:\Users\user\Downloads\dockerandaction\dockerandaction\src\main\java\com\container\dockerandaction\Api.java. Using fallback presentation compiler.
2026.09.11 13:10:10 WARN  no build target for: C:\Users\user\Downloads\dockerandaction\dockerandaction\src\main\java\com\container\dockerandaction\Api.java
Sept 11, 2026 1:10:10 PM org.eclipse.lsp4j.jsonrpc.RemoteEndpoint handleCancellation
WARNING: Unmatched cancel notification for request id 398
2026.09.11 13:10:10 INFO  no build target found for C:\Users\user\Downloads\dockerandaction\dockerandaction\src\main\java\com\container\dockerandaction\Api.java. Using fallback presentation compiler.
Sept 11, 2026 1:10:11 PM org.eclipse.lsp4j.jsonrpc.RemoteEndpoint handleCancellation
WARNING: Unmatched cancel notification for request id 401
2026.09.11 13:10:11 INFO  no build target found for C:\Users\user\Downloads\dockerandaction\dockerandaction\src\main\java\com\container\dockerandaction\Api.java. Using fallback presentation compiler.
2026.09.11 13:10:11 INFO  no build target found for C:\Users\user\Downloads\dockerandaction\dockerandaction\src\main\java\com\container\dockerandaction\Api.java. Using fallback presentation compiler.
2026.09.11 13:10:11 INFO  no build target found for C:\Users\user\Downloads\dockerandaction\dockerandaction\src\main\java\com\container\dockerandaction\Api.java. Using fallback presentation compiler.
2026.09.11 13:10:28 INFO  no build target found for C:\Users\user\Downloads\dockerandaction\dockerandaction\src\main\java\com\container\dockerandaction\Api.java. Using fallback presentation compiler.
2026.09.11 13:10:28 INFO  no build target found for C:\Users\user\Downloads\dockerandaction\dockerandaction\src\main\java\com\container\dockerandaction\Api.java. Using fallback presentation compiler.
Sept 11, 2026 1:10:29 PM org.eclipse.lsp4j.jsonrpc.RemoteEndpoint handleCancellation
WARNING: Unmatched cancel notification for request id 406
2026.09.11 13:10:33 INFO  no build target found for C:\Users\user\Downloads\dockerandaction\dockerandaction\src\main\java\com\container\dockerandaction\Api.java. Using fallback presentation compiler.
2026.09.11 13:10:34 INFO  no build target found for C:\Users\user\Downloads\dockerandaction\dockerandaction\src\main\java\com\container\dockerandaction\Api.java. Using fallback presentation compiler.
Sept 11, 2026 1:10:34 PM org.eclipse.lsp4j.jsonrpc.RemoteEndpoint handleCancellation
WARNING: Unmatched cancel notification for request id 412
2026.09.11 13:10:34 INFO  no build target found for C:\Users\user\Downloads\dockerandaction\dockerandaction\src\main\java\com\container\dockerandaction\Api.java. Using fallback presentation compiler.
Sept 11, 2026 1:10:35 PM org.eclipse.lsp4j.jsonrpc.RemoteEndpoint handleCancellation
WARNING: Unmatched cancel notification for request id 413
2026.09.11 13:10:34 INFO  no build target found for C:\Users\user\Downloads\dockerandaction\dockerandaction\src\main\java\com\container\dockerandaction\Api.java. Using fallback presentation compiler.
2026.09.11 13:10:36 INFO  no build target found for C:\Users\user\Downloads\dockerandaction\dockerandaction\src\main\java\com\container\dockerandaction\Api.java. Using fallback presentation compiler.
2026.09.11 13:10:38 INFO  no build target found for C:\Users\user\Downloads\dockerandaction\dockerandaction\src\main\java\com\container\dockerandaction\Api.java. Using fallback presentation compiler.
2026.09.11 13:10:39 INFO  no build target found for C:\Users\user\Downloads\dockerandaction\dockerandaction\src\main\java\com\container\dockerandaction\Api.java. Using fallback presentation compiler.
2026.09.11 13:10:39 INFO  no build target found for C:\Users\user\Downloads\dockerandaction\dockerandaction\src\main\java\com\container\dockerandaction\Api.java. Using fallback presentation compiler.
2026.09.11 13:10:39 INFO  no build target found for C:\Users\user\Downloads\dockerandaction\dockerandaction\src\main\java\com\container\dockerandaction\Api.java. Using fallback presentation compiler.
2026.09.11 13:10:40 INFO  no build target found for C:\Users\user\Downloads\dockerandaction\dockerandaction\src\main\java\com\container\dockerandaction\Api.java. Using fallback presentation compiler.
2026.09.11 13:10:40 INFO  no build target found for C:\Users\user\Downloads\dockerandaction\dockerandaction\src\main\java\com\container\dockerandaction\Api.java. Using fallback presentation compiler.
2026.09.11 13:10:41 INFO  no build target found for C:\Users\user\Downloads\dockerandaction\dockerandaction\src\main\java\com\container\dockerandaction\Api.java. Using fallback presentation compiler.
Sept 11, 2026 1:10:41 PM org.eclipse.lsp4j.jsonrpc.RemoteEndpoint handleCancellation
WARNING: Unmatched cancel notification for request id 423
2026.09.11 13:10:41 INFO  no build target found for C:\Users\user\Downloads\dockerandaction\dockerandaction\src\main\java\com\container\dockerandaction\Api.java. Using fallback presentation compiler.
2026.09.11 13:10:41 INFO  no build target found for C:\Users\user\Downloads\dockerandaction\dockerandaction\src\main\java\com\container\dockerandaction\Api.java. Using fallback presentation compiler.
2026.09.11 13:10:41 INFO  no build target found for C:\Users\user\Downloads\dockerandaction\dockerandaction\src\main\java\com\container\dockerandaction\Api.java. Using fallback presentation compiler.
2026.09.11 13:10:42 INFO  no build target found for C:\Users\user\Downloads\dockerandaction\dockerandaction\src\main\java\com\container\dockerandaction\Api.java. Using fallback presentation compiler.
2026.09.11 13:11:00 INFO  no build target found for C:\Users\user\Downloads\dockerandaction\dockerandaction\src\main\java\com\container\dockerandaction\Api.java. Using fallback presentation compiler.
2026.09.11 13:11:48 INFO  no build target found for C:\Users\user\Downloads\dockerandaction\dockerandaction\src\main\java\com\container\dockerandaction\Api.java. Using fallback presentation compiler.
2026.09.11 13:48:15 INFO  Tracing is disabled for protocol LSP. To enable tracing of incoming and outgoing JSON messages, create an empty file at c:\Users\user\Downloads\dockerandaction\.metals\lsp.trace.json or C:\Users\user\AppData\Local\scalameta\metals\cache\lsp.trace.json
2026.09.11 13:49:34 INFO  logging to files C:\Users\user\Downloads\dockerandaction\.metals\metals.log
2026.09.11 13:49:34 INFO  Started: Metals version 1.6.8 in folders 'C:\Users\user\Downloads\dockerandaction' for client Visual Studio Code 1.135.0.
2026.09.11 13:49:35 INFO  time: initialize in 0.75s
2026.09.11 13:49:37 INFO  Memory monitor started
2026.09.11 13:50:11 WARN  Using H2 2.4.240 which is newer than the version Flyway has been verified with. The latest verified version of H2 is 2.3.232.
2026.09.11 13:50:15 INFO  no build target found for C:\Users\user\Downloads\dockerandaction\dockerandaction\src\main\java\com\container\dockerandaction\DockerandactionApplication.java. Using fallback presentation compiler.
2026.09.11 13:50:23 INFO  no build target found for C:\Users\user\Downloads\dockerandaction\dockerandaction\src\main\java\com\container\dockerandaction\DockerandactionApplication.java. Using fallback presentation compiler.
2026.09.11 13:50:23 INFO  no build target found for C:\Users\user\Downloads\dockerandaction\dockerandaction\src\main\java\com\container\dockerandaction\Api.java. Using fallback presentation compiler.
Sept 11, 2026 1:50:24 PM org.eclipse.lsp4j.jsonrpc.RemoteEndpoint handleCancellation
WARNING: Unmatched cancel notification for request id 3
Sept 11, 2026 1:50:24 PM org.eclipse.lsp4j.jsonrpc.RemoteEndpoint handleCancellation
WARNING: Unmatched cancel notification for request id 5
Sept 11, 2026 1:50:24 PM org.eclipse.lsp4j.jsonrpc.RemoteEndpoint handleCancellation
WARNING: Unmatched cancel notification for request id 1
2026.09.11 13:50:23 INFO  no build target found for C:\Users\user\Downloads\dockerandaction\dockerandaction\src\main\java\com\container\dockerandaction\DockerandactionApplication.java. Using fallback presentation compiler.
2026.09.11 13:50:25 INFO  no build target found for C:\Users\user\Downloads\dockerandaction\dockerandaction\src\main\java\com\container\dockerandaction\Api.java. Using fallback presentation compiler.
Sept 11, 2026 1:50:28 PM org.eclipse.lsp4j.jsonrpc.RemoteEndpoint handleCancellation
WARNING: Unmatched cancel notification for request id 8
2026.09.11 13:50:28 WARN  no build target for: C:\Users\user\Downloads\dockerandaction\dockerandaction\src\main\java\com\container\dockerandaction\Api.java
2026.09.11 13:50:29 INFO  no build target found for C:\Users\user\Downloads\dockerandaction\dockerandaction\src\main\java\com\container\dockerandaction\Api.java. Using fallback presentation compiler.
2026.09.11 13:50:29 INFO  no build target found for C:\Users\user\Downloads\dockerandaction\dockerandaction\src\main\java\com\container\dockerandaction\Api.java. Using fallback presentation compiler.
Sept 11, 2026 1:50:29 PM org.eclipse.lsp4j.jsonrpc.RemoteEndpoint handleCancellation
WARNING: Unmatched cancel notification for request id 12
2026.09.11 13:50:29 INFO  no build target found for C:\Users\user\Downloads\dockerandaction\dockerandaction\src\main\java\com\container\dockerandaction\Api.java. Using fallback presentation compiler.
Sept 11, 2026 1:50:30 PM org.eclipse.lsp4j.jsonrpc.RemoteEndpoint handleCancellation
WARNING: Unmatched cancel notification for request id 16
2026.09.11 13:50:29 INFO  no build target found for C:\Users\user\Downloads\dockerandaction\dockerandaction\src\main\java\com\container\dockerandaction\Api.java. Using fallback presentation compiler.
2026.09.11 13:50:30 INFO  no build target found for C:\Users\user\Downloads\dockerandaction\dockerandaction\src\main\java\com\container\dockerandaction\Api.java. Using fallback presentation compiler.
Sept 11, 2026 1:50:31 PM org.eclipse.lsp4j.jsonrpc.RemoteEndpoint handleCancellation
WARNING: Unmatched cancel notification for request id 19
2026.09.11 13:50:30 INFO  no build target found for C:\Users\user\Downloads\dockerandaction\dockerandaction\src\main\java\com\container\dockerandaction\Api.java. Using fallback presentation compiler.
2026.09.11 13:50:31 INFO  no build target found for C:\Users\user\Downloads\dockerandaction\dockerandaction\src\main\java\com\container\dockerandaction\Api.java. Using fallback presentation compiler.
Sept 11, 2026 1:50:32 PM org.eclipse.lsp4j.jsonrpc.RemoteEndpoint handleCancellation
WARNING: Unmatched cancel notification for request id 22
2026.09.11 13:50:31 INFO  no build target found for C:\Users\user\Downloads\dockerandaction\dockerandaction\src\main\java\com\container\dockerandaction\Api.java. Using fallback presentation compiler.
Sept 11, 2026 1:50:32 PM org.eclipse.lsp4j.jsonrpc.RemoteEndpoint handleCancellation
WARNING: Unmatched cancel notification for request id 23
2026.09.11 13:50:31 INFO  no build target found for C:\Users\user\Downloads\dockerandaction\dockerandaction\src\main\java\com\container\dockerandaction\Api.java. Using fallback presentation compiler.
Sept 11, 2026 1:50:35 PM org.eclipse.lsp4j.jsonrpc.RemoteEndpoint handleCancellation
WARNING: Unmatched cancel notification for request id 24
2026.09.11 13:50:35 INFO  no build target found for C:\Users\user\Downloads\dockerandaction\dockerandaction\src\main\java\com\container\dockerandaction\Api.java. Using fallback presentation compiler.
2026.09.11 13:51:37 INFO  no build target found for C:\Users\user\Downloads\dockerandaction\dockerandaction\src\main\java\com\container\dockerandaction\Api.java. Using fallback presentation compiler.
2026.09.11 13:51:38 INFO  no build target found for C:\Users\user\Downloads\dockerandaction\dockerandaction\src\main\java\com\container\dockerandaction\Api.java. Using fallback presentation compiler.
2026.09.11 13:51:38 INFO  no build target found for C:\Users\user\Downloads\dockerandaction\dockerandaction\src\main\java\com\container\dockerandaction\Api.java. Using fallback presentation compiler.
2026.09.11 13:51:39 INFO  no build target found for C:\Users\user\Downloads\dockerandaction\dockerandaction\src\main\java\com\container\dockerandaction\Api.java. Using fallback presentation compiler.
Sept 11, 2026 1:51:40 PM org.eclipse.lsp4j.jsonrpc.RemoteEndpoint handleCancellation
WARNING: Unmatched cancel notification for request id 28
2026.09.11 13:51:41 INFO  no build target found for C:\Users\user\Downloads\dockerandaction\dockerandaction\src\main\java\com\container\dockerandaction\Api.java. Using fallback presentation compiler.
Sept 11, 2026 1:51:41 PM org.eclipse.lsp4j.jsonrpc.RemoteEndpoint handleCancellation
WARNING: Unmatched cancel notification for request id 30
2026.09.11 13:51:41 INFO  no build target found for C:\Users\user\Downloads\dockerandaction\dockerandaction\src\main\java\com\container\dockerandaction\Api.java. Using fallback presentation compiler.
2026.09.11 13:51:42 INFO  no build target found for C:\Users\user\Downloads\dockerandaction\dockerandaction\src\main\java\com\container\dockerandaction\Api.java. Using fallback presentation compiler.
2026.09.11 13:51:42 INFO  no build target found for C:\Users\user\Downloads\dockerandaction\dockerandaction\src\main\java\com\container\dockerandaction\Api.java. Using fallback presentation compiler.
Sept 11, 2026 1:51:42 PM org.eclipse.lsp4j.jsonrpc.RemoteEndpoint handleCancellation
WARNING: Unmatched cancel notification for request id 35
2026.09.11 13:51:42 INFO  no build target found for C:\Users\user\Downloads\dockerandaction\dockerandaction\src\main\java\com\container\dockerandaction\Api.java. Using fallback presentation compiler.
Sept 11, 2026 1:51:42 PM org.eclipse.lsp4j.jsonrpc.RemoteEndpoint handleCancellation
WARNING: Unmatched cancel notification for request id 36
Sept 11, 2026 1:51:42 PM org.eclipse.lsp4j.jsonrpc.RemoteEndpoint handleCancellation
WARNING: Unmatched cancel notification for request id 32
2026.09.11 13:51:42 INFO  no build target found for C:\Users\user\Downloads\dockerandaction\dockerandaction\src\main\java\com\container\dockerandaction\Api.java. Using fallback presentation compiler.
Sept 11, 2026 1:51:42 PM org.eclipse.lsp4j.jsonrpc.RemoteEndpoint handleCancellation
WARNING: Unmatched cancel notification for request id 33
2026.09.11 13:51:42 INFO  no build target found for C:\Users\user\Downloads\dockerandaction\dockerandaction\src\main\java\com\container\dockerandaction\Api.java. Using fallback presentation compiler.
Sept 11, 2026 1:51:42 PM org.eclipse.lsp4j.jsonrpc.RemoteEndpoint handleCancellation
WARNING: Unmatched cancel notification for request id 38
2026.09.11 13:51:42 INFO  no build target found for C:\Users\user\Downloads\dockerandaction\dockerandaction\src\main\java\com\container\dockerandaction\Api.java. Using fallback presentation compiler.
Sept 11, 2026 1:51:42 PM org.eclipse.lsp4j.jsonrpc.RemoteEndpoint handleCancellation
WARNING: Unmatched cancel notification for request id 37
Sept 11, 2026 1:51:42 PM org.eclipse.lsp4j.jsonrpc.RemoteEndpoint handleCancellation
WARNING: Unmatched cancel notification for request id 39
2026.09.11 13:51:42 INFO  no build target found for C:\Users\user\Downloads\dockerandaction\dockerandaction\src\main\java\com\container\dockerandaction\Api.java. Using fallback presentation compiler.
Sept 11, 2026 1:51:42 PM org.eclipse.lsp4j.jsonrpc.RemoteEndpoint handleCancellation
WARNING: Unmatched cancel notification for request id 40
Sept 11, 2026 1:51:42 PM org.eclipse.lsp4j.jsonrpc.RemoteEndpoint handleCancellation
WARNING: Unmatched cancel notification for request id 13
Sept 11, 2026 1:51:42 PM org.eclipse.lsp4j.jsonrpc.RemoteEndpoint handleCancellation
WARNING: Unmatched cancel notification for request id 11
2026.09.11 13:51:43 INFO  no build target found for C:\Users\user\Downloads\dockerandaction\dockerandaction\src\main\java\com\container\dockerandaction\Api.java. Using fallback presentation compiler.
2026.09.11 13:51:43 WARN  no build target for: C:\Users\user\Downloads\dockerandaction\dockerandaction\src\main\java\com\container\dockerandaction\Api.java
Sept 11, 2026 1:51:43 PM org.eclipse.lsp4j.jsonrpc.RemoteEndpoint handleCancellation
WARNING: Unmatched cancel notification for request id 41
2026.09.11 13:51:43 INFO  no build target found for C:\Users\user\Downloads\dockerandaction\dockerandaction\src\main\java\com\container\dockerandaction\Api.java. Using fallback presentation compiler.
2026.09.11 13:51:43 INFO  no build target found for C:\Users\user\Downloads\dockerandaction\dockerandaction\src\main\java\com\container\dockerandaction\Api.java. Using fallback presentation compiler.
Sept 11, 2026 1:51:44 PM org.eclipse.lsp4j.jsonrpc.RemoteEndpoint handleCancellation
WARNING: Unmatched cancel notification for request id 43
Sept 11, 2026 1:51:44 PM org.eclipse.lsp4j.jsonrpc.RemoteEndpoint handleCancellation
WARNING: Unmatched cancel notification for request id 47
2026.09.11 13:51:43 INFO  no build target found for C:\Users\user\Downloads\dockerandaction\dockerandaction\src\main\java\com\container\dockerandaction\Api.java. Using fallback presentation compiler.
Sept 11, 2026 1:51:45 PM org.eclipse.lsp4j.jsonrpc.RemoteEndpoint handleCancellation
WARNING: Unmatched cancel notification for request id 45
2026.09.11 13:51:45 INFO  no build target found for C:\Users\user\Downloads\dockerandaction\dockerandaction\src\main\java\com\container\dockerandaction\Api.java. Using fallback presentation compiler.
2026.09.11 13:51:45 INFO  no build target found for C:\Users\user\Downloads\dockerandaction\dockerandaction\src\main\java\com\container\dockerandaction\Api.java. Using fallback presentation compiler.
Sept 11, 2026 1:51:45 PM org.eclipse.lsp4j.jsonrpc.RemoteEndpoint handleCancellation
WARNING: Unmatched cancel notification for request id 52
2026.09.11 13:51:45 INFO  no build target found for C:\Users\user\Downloads\dockerandaction\dockerandaction\src\main\java\com\container\dockerandaction\Api.java. Using fallback presentation compiler.
2026.09.11 13:51:45 INFO  no build target found for C:\Users\user\Downloads\dockerandaction\dockerandaction\src\main\java\com\container\dockerandaction\Api.java. Using fallback presentation compiler.
Sept 11, 2026 1:51:45 PM org.eclipse.lsp4j.jsonrpc.RemoteEndpoint handleCancellation
WARNING: Unmatched cancel notification for request id 50
Sept 11, 2026 1:51:45 PM org.eclipse.lsp4j.jsonrpc.RemoteEndpoint handleCancellation
WARNING: Unmatched cancel notification for request id 53
2026.09.11 13:51:45 INFO  no build target found for C:\Users\user\Downloads\dockerandaction\dockerandaction\src\main\java\com\container\dockerandaction\Api.java. Using fallback presentation compiler.
2026.09.11 13:51:45 INFO  no build target found for C:\Users\user\Downloads\dockerandaction\dockerandaction\src\main\java\com\container\dockerandaction\Api.java. Using fallback presentation compiler.
Sept 11, 2026 1:51:45 PM org.eclipse.lsp4j.jsonrpc.RemoteEndpoint handleCancellation
WARNING: Unmatched cancel notification for request id 46
2026.09.11 13:51:45 INFO  no build target found for C:\Users\user\Downloads\dockerandaction\dockerandaction\src\main\java\com\container\dockerandaction\Api.java. Using fallback presentation compiler.
2026.09.11 13:51:45 WARN  no build target for: C:\Users\user\Downloads\dockerandaction\dockerandaction\src\main\java\com\container\dockerandaction\Api.java
2026.09.11 13:51:45 INFO  no build target found for C:\Users\user\Downloads\dockerandaction\dockerandaction\src\main\java\com\container\dockerandaction\Api.java. Using fallback presentation compiler.
2026.09.11 13:51:45 INFO  no build target found for C:\Users\user\Downloads\dockerandaction\dockerandaction\src\main\java\com\container\dockerandaction\Api.java. Using fallback presentation compiler.
Sept 11, 2026 1:51:46 PM org.eclipse.lsp4j.jsonrpc.RemoteEndpoint handleCancellation
WARNING: Unmatched cancel notification for request id 49
2026.09.11 13:51:47 INFO  no build target found for C:\Users\user\Downloads\dockerandaction\dockerandaction\src\main\java\com\container\dockerandaction\Api.java. Using fallback presentation compiler.
Sept 11, 2026 1:51:47 PM org.eclipse.lsp4j.jsonrpc.RemoteEndpoint handleCancellation
WARNING: Unmatched cancel notification for request id 57
2026.09.11 13:51:47 INFO  no build target found for C:\Users\user\Downloads\dockerandaction\dockerandaction\src\main\java\com\container\dockerandaction\Api.java. Using fallback presentation compiler.
Sept 11, 2026 1:51:47 PM org.eclipse.lsp4j.jsonrpc.RemoteEndpoint handleCancellation
WARNING: Unmatched cancel notification for request id 58
Sept 11, 2026 1:51:47 PM org.eclipse.lsp4j.jsonrpc.RemoteEndpoint handleCancellation
WARNING: Unmatched cancel notification for request id 61
Sept 11, 2026 1:51:47 PM org.eclipse.lsp4j.jsonrpc.RemoteEndpoint handleCancellation
WARNING: Unmatched cancel notification for request id 59
2026.09.11 13:51:47 INFO  no build target found for C:\Users\user\Downloads\dockerandaction\dockerandaction\src\main\java\com\container\dockerandaction\Api.java. Using fallback presentation compiler.
2026.09.11 13:51:47 INFO  no build target found for C:\Users\user\Downloads\dockerandaction\dockerandaction\src\main\java\com\container\dockerandaction\Api.java. Using fallback presentation compiler.
Sept 11, 2026 1:51:47 PM org.eclipse.lsp4j.jsonrpc.RemoteEndpoint handleCancellation
WARNING: Unmatched cancel notification for request id 65
Sept 11, 2026 1:51:47 PM org.eclipse.lsp4j.jsonrpc.RemoteEndpoint handleCancellation
WARNING: Unmatched cancel notification for request id 66
Sept 11, 2026 1:51:47 PM org.eclipse.lsp4j.jsonrpc.RemoteEndpoint handleCancellation
WARNING: Unmatched cancel notification for request id 60
2026.09.11 13:51:47 INFO  no build target found for C:\Users\user\Downloads\dockerandaction\dockerandaction\src\main\java\com\container\dockerandaction\Api.java. Using fallback presentation compiler.
2026.09.11 13:51:47 INFO  no build target found for C:\Users\user\Downloads\dockerandaction\dockerandaction\src\main\java\com\container\dockerandaction\Api.java. Using fallback presentation compiler.
2026.09.11 13:51:47 WARN  no build target for: C:\Users\user\Downloads\dockerandaction\dockerandaction\src\main\java\com\container\dockerandaction\Api.java
Sept 11, 2026 1:51:48 PM org.eclipse.lsp4j.jsonrpc.RemoteEndpoint handleCancellation
WARNING: Unmatched cancel notification for request id 63
Sept 11, 2026 1:51:48 PM org.eclipse.lsp4j.jsonrpc.RemoteEndpoint handleCancellation
WARNING: Unmatched cancel notification for request id 69
Sept 11, 2026 1:51:48 PM org.eclipse.lsp4j.jsonrpc.RemoteEndpoint handleCancellation
WARNING: Unmatched cancel notification for request id 71
2026.09.11 13:51:48 WARN  no build target for: C:\Users\user\Downloads\dockerandaction\dockerandaction\src\main\java\com\container\dockerandaction\Api.java
Sept 11, 2026 1:51:48 PM org.eclipse.lsp4j.jsonrpc.RemoteEndpoint handleCancellation
WARNING: Unmatched cancel notification for request id 67
Sept 11, 2026 1:51:48 PM org.eclipse.lsp4j.jsonrpc.RemoteEndpoint handleCancellation
WARNING: Unmatched cancel notification for request id 68
2026.09.11 13:51:48 INFO  no build target found for C:\Users\user\Downloads\dockerandaction\dockerandaction\src\main\java\com\container\dockerandaction\Api.java. Using fallback presentation compiler.
Sept 11, 2026 1:51:48 PM org.eclipse.lsp4j.jsonrpc.RemoteEndpoint handleCancellation
WARNING: Unmatched cancel notification for request id 73
Sept 11, 2026 1:51:48 PM org.eclipse.lsp4j.jsonrpc.RemoteEndpoint handleCancellation
WARNING: Unmatched cancel notification for request id 76
Sept 11, 2026 1:51:48 PM org.eclipse.lsp4j.jsonrpc.RemoteEndpoint handleCancellation
WARNING: Unmatched cancel notification for request id 75
2026.09.11 13:51:48 INFO  no build target found for C:\Users\user\Downloads\dockerandaction\dockerandaction\src\main\java\com\container\dockerandaction\Api.java. Using fallback presentation compiler.
2026.09.11 13:51:48 INFO  no build target found for C:\Users\user\Downloads\dockerandaction\dockerandaction\src\main\java\com\container\dockerandaction\Api.java. Using fallback presentation compiler.
2026.09.11 13:51:48 WARN  no build target for: C:\Users\user\Downloads\dockerandaction\dockerandaction\src\main\java\com\container\dockerandaction\Api.java
Sept 11, 2026 1:51:48 PM org.eclipse.lsp4j.jsonrpc.RemoteEndpoint handleCancellation
WARNING: Unmatched cancel notification for request id 78
Sept 11, 2026 1:51:48 PM org.eclipse.lsp4j.jsonrpc.RemoteEndpoint handleCancellation
WARNING: Unmatched cancel notification for request id 82
Sept 11, 2026 1:51:48 PM org.eclipse.lsp4j.jsonrpc.RemoteEndpoint handleCancellation
WARNING: Unmatched cancel notification for request id 80
2026.09.11 13:51:48 INFO  no build target found for C:\Users\user\Downloads\dockerandaction\dockerandaction\src\main\java\com\container\dockerandaction\Api.java. Using fallback presentation compiler.
2026.09.11 13:51:48 INFO  no build target found for C:\Users\user\Downloads\dockerandaction\dockerandaction\src\main\java\com\container\dockerandaction\Api.java. Using fallback presentation compiler.
Sept 11, 2026 1:51:48 PM org.eclipse.lsp4j.jsonrpc.RemoteEndpoint handleCancellation
WARNING: Unmatched cancel notification for request id 87
2026.09.11 13:51:48 INFO  no build target found for C:\Users\user\Downloads\dockerandaction\dockerandaction\src\main\java\com\container\dockerandaction\Api.java. Using fallback presentation compiler.
Sept 11, 2026 1:51:49 PM org.eclipse.lsp4j.jsonrpc.RemoteEndpoint handleCancellation
WARNING: Unmatched cancel notification for request id 88
2026.09.11 13:51:49 INFO  no build target found for C:\Users\user\Downloads\dockerandaction\dockerandaction\src\main\java\com\container\dockerandaction\Api.java. Using fallback presentation compiler.
Sept 11, 2026 1:51:49 PM org.eclipse.lsp4j.jsonrpc.RemoteEndpoint handleCancellation
WARNING: Unmatched cancel notification for request id 86
2026.09.11 13:51:49 INFO  no build target found for C:\Users\user\Downloads\dockerandaction\dockerandaction\src\main\java\com\container\dockerandaction\Api.java. Using fallback presentation compiler.
Sept 11, 2026 1:51:49 PM org.eclipse.lsp4j.jsonrpc.RemoteEndpoint handleCancellation
WARNING: Unmatched cancel notification for request id 89
Sept 11, 2026 1:51:49 PM org.eclipse.lsp4j.jsonrpc.RemoteEndpoint handleCancellation
WARNING: Unmatched cancel notification for request id 81
2026.09.11 13:51:49 WARN  no build target for: C:\Users\user\Downloads\dockerandaction\dockerandaction\src\main\java\com\container\dockerandaction\Api.java
2026.09.11 13:51:49 INFO  no build target found for C:\Users\user\Downloads\dockerandaction\dockerandaction\src\main\java\com\container\dockerandaction\Api.java. Using fallback presentation compiler.
Sept 11, 2026 1:51:50 PM org.eclipse.lsp4j.jsonrpc.RemoteEndpoint handleCancellation
WARNING: Unmatched cancel notification for request id 84
2026.09.11 13:51:49 INFO  no build target found for C:\Users\user\Downloads\dockerandaction\dockerandaction\src\main\java\com\container\dockerandaction\Api.java. Using fallback presentation compiler.
2026.09.11 13:51:49 INFO  no build target found for C:\Users\user\Downloads\dockerandaction\dockerandaction\src\main\java\com\container\dockerandaction\Api.java. Using fallback presentation compiler.
2026.09.11 13:51:50 INFO  no build target found for C:\Users\user\Downloads\dockerandaction\dockerandaction\src\main\java\com\container\dockerandaction\Api.java. Using fallback presentation compiler.
2026.09.11 13:51:50 INFO  no build target found for C:\Users\user\Downloads\dockerandaction\dockerandaction\src\main\java\com\container\dockerandaction\Api.java. Using fallback presentation compiler.
2026.09.11 13:51:50 INFO  no build target found for C:\Users\user\Downloads\dockerandaction\dockerandaction\src\main\java\com\container\dockerandaction\Api.java. Using fallback presentation compiler.
2026.09.11 13:51:51 WARN  no build target for: C:\Users\user\Downloads\dockerandaction\dockerandaction\src\main\java\com\container\dockerandaction\Api.java
Sept 11, 2026 1:51:51 PM org.eclipse.lsp4j.jsonrpc.RemoteEndpoint handleCancellation
WARNING: Unmatched cancel notification for request id 99
Sept 11, 2026 1:51:51 PM org.eclipse.lsp4j.jsonrpc.RemoteEndpoint handleCancellation
WARNING: Unmatched cancel notification for request id 92
Sept 11, 2026 1:51:51 PM org.eclipse.lsp4j.jsonrpc.RemoteEndpoint handleCancellation
WARNING: Unmatched cancel notification for request id 95
2026.09.11 13:51:51 INFO  no build target found for C:\Users\user\Downloads\dockerandaction\dockerandaction\src\main\java\com\container\dockerandaction\Api.java. Using fallback presentation compiler.
2026.09.11 13:51:51 INFO  no build target found for C:\Users\user\Downloads\dockerandaction\dockerandaction\src\main\java\com\container\dockerandaction\Api.java. Using fallback presentation compiler.
Sept 11, 2026 1:51:51 PM org.eclipse.lsp4j.jsonrpc.RemoteEndpoint handleCancellation
WARNING: Unmatched cancel notification for request id 100
Sept 11, 2026 1:51:51 PM org.eclipse.lsp4j.jsonrpc.RemoteEndpoint handleCancellation
WARNING: Unmatched cancel notification for request id 103
Sept 11, 2026 1:51:51 PM org.eclipse.lsp4j.jsonrpc.RemoteEndpoint handleCancellation
WARNING: Unmatched cancel notification for request id 101
2026.09.11 13:51:51 WARN  no build target for: C:\Users\user\Downloads\dockerandaction\dockerandaction\src\test\java\com\container\dockerandaction\ApiControllerTest.java
2026.09.11 13:51:51 WARN  no build target for: C:\Users\user\Downloads\dockerandaction\dockerandaction\src\main\java\com\container\dockerandaction\Api.java
2026.09.11 13:51:51 INFO  no build target found for C:\Users\user\Downloads\dockerandaction\dockerandaction\src\test\java\com\container\dockerandaction\ApiControllerTest.java. Using fallback presentation compiler.
2026.09.11 13:51:51 INFO  no build target found for C:\Users\user\Downloads\dockerandaction\dockerandaction\src\test\java\com\container\dockerandaction\ApiControllerTest.java. Using fallback presentation compiler.
2026.09.11 13:51:54 INFO  no build target found for C:\Users\user\Downloads\dockerandaction\dockerandaction\src\test\java\com\container\dockerandaction\ApiControllerTest.java. Using fallback presentation compiler.
2026.09.11 13:51:54 INFO  no build target found for C:\Users\user\Downloads\dockerandaction\dockerandaction\src\test\java\com\container\dockerandaction\ApiControllerTest.java. Using fallback presentation compiler.
2026.09.11 13:51:54 INFO  no build target found for C:\Users\user\Downloads\dockerandaction\dockerandaction\src\test\java\com\container\dockerandaction\ApiControllerTest.java. Using fallback presentation compiler.
Sept 11, 2026 1:51:55 PM org.eclipse.lsp4j.jsonrpc.RemoteEndpoint handleCancellation
WARNING: Unmatched cancel notification for request id 110
2026.09.11 13:51:54 INFO  no build target found for C:\Users\user\Downloads\dockerandaction\dockerandaction\src\test\java\com\container\dockerandaction\ApiControllerTest.java. Using fallback presentation compiler.
Sept 11, 2026 1:51:55 PM org.eclipse.lsp4j.jsonrpc.RemoteEndpoint handleCancellation
WARNING: Unmatched cancel notification for request id 111
2026.09.11 13:51:54 INFO  no build target found for C:\Users\user\Downloads\dockerandaction\dockerandaction\src\test\java\com\container\dockerandaction\ApiControllerTest.java. Using fallback presentation compiler.
Sept 11, 2026 1:51:55 PM org.eclipse.lsp4j.jsonrpc.RemoteEndpoint handleCancellation
WARNING: Unmatched cancel notification for request id 115
Sept 11, 2026 1:51:55 PM org.eclipse.lsp4j.jsonrpc.RemoteEndpoint handleCancellation
WARNING: Unmatched cancel notification for request id 116
2026.09.11 13:51:54 INFO  no build target found for C:\Users\user\Downloads\dockerandaction\dockerandaction\src\test\java\com\container\dockerandaction\ApiControllerTest.java. Using fallback presentation compiler.
2026.09.11 13:51:54 INFO  no build target found for C:\Users\user\Downloads\dockerandaction\dockerandaction\src\test\java\com\container\dockerandaction\ApiControllerTest.java. Using fallback presentation compiler.
Sept 11, 2026 1:51:55 PM org.eclipse.lsp4j.jsonrpc.RemoteEndpoint handleCancellation
WARNING: Unmatched cancel notification for request id 118
Sept 11, 2026 1:51:55 PM org.eclipse.lsp4j.jsonrpc.RemoteEndpoint handleCancellation
WARNING: Unmatched cancel notification for request id 107
2026.09.11 13:51:54 INFO  no build target found for C:\Users\user\Downloads\dockerandaction\dockerandaction\src\test\java\com\container\dockerandaction\ApiControllerTest.java. Using fallback presentation compiler.
Sept 11, 2026 1:51:55 PM org.eclipse.lsp4j.jsonrpc.RemoteEndpoint handleCancellation
WARNING: Unmatched cancel notification for request id 106
2026.09.11 13:51:54 INFO  no build target found for C:\Users\user\Downloads\dockerandaction\dockerandaction\src\test\java\com\container\dockerandaction\ApiControllerTest.java. Using fallback presentation compiler.
2026.09.11 13:51:54 INFO  no build target found for C:\Users\user\Downloads\dockerandaction\dockerandaction\src\test\java\com\container\dockerandaction\ApiControllerTest.java. Using fallback presentation compiler.
2026.09.11 13:51:55 WARN  no build target for: C:\Users\user\Downloads\dockerandaction\dockerandaction\src\test\java\com\container\dockerandaction\ApiControllerTest.java
Sept 11, 2026 1:51:55 PM org.eclipse.lsp4j.jsonrpc.RemoteEndpoint handleCancellation
WARNING: Unmatched cancel notification for request id 122
Sept 11, 2026 1:51:55 PM org.eclipse.lsp4j.jsonrpc.RemoteEndpoint handleCancellation
WARNING: Unmatched cancel notification for request id 124
2026.09.11 13:51:55 INFO  no build target found for C:\Users\user\Downloads\dockerandaction\dockerandaction\src\test\java\com\container\dockerandaction\ApiControllerTest.java. Using fallback presentation compiler.
Sept 11, 2026 1:51:56 PM org.eclipse.lsp4j.jsonrpc.RemoteEndpoint handleCancellation
WARNING: Unmatched cancel notification for request id 126
Sept 11, 2026 1:51:56 PM org.eclipse.lsp4j.jsonrpc.RemoteEndpoint handleCancellation
WARNING: Unmatched cancel notification for request id 128
Sept 11, 2026 1:51:56 PM org.eclipse.lsp4j.jsonrpc.RemoteEndpoint handleCancellation
WARNING: Unmatched cancel notification for request id 125
2026.09.11 13:51:55 INFO  no build target found for C:\Users\user\Downloads\dockerandaction\dockerandaction\src\test\java\com\container\dockerandaction\ApiControllerTest.java. Using fallback presentation compiler.
2026.09.11 13:51:56 WARN  no build target for: C:\Users\user\Downloads\dockerandaction\dockerandaction\src\test\java\com\container\dockerandaction\ApiControllerTest.java
2026.09.11 13:51:55 INFO  no build target found for C:\Users\user\Downloads\dockerandaction\dockerandaction\src\test\java\com\container\dockerandaction\ApiControllerTest.java. Using fallback presentation compiler.
2026.09.11 13:51:55 INFO  no build target found for C:\Users\user\Downloads\dockerandaction\dockerandaction\src\test\java\com\container\dockerandaction\ApiControllerTest.java. Using fallback presentation compiler.
Sept 11, 2026 1:51:56 PM org.eclipse.lsp4j.jsonrpc.RemoteEndpoint handleCancellation
WARNING: Unmatched cancel notification for request id 130
2026.09.11 13:51:55 INFO  no build target found for C:\Users\user\Downloads\dockerandaction\dockerandaction\src\test\java\com\container\dockerandaction\ApiControllerTest.java. Using fallback presentation compiler.
Sept 11, 2026 1:51:56 PM org.eclipse.lsp4j.jsonrpc.RemoteEndpoint handleCancellation
WARNING: Unmatched cancel notification for request id 129
2026.09.11 13:51:55 INFO  no build target found for C:\Users\user\Downloads\dockerandaction\dockerandaction\src\test\java\com\container\dockerandaction\ApiControllerTest.java. Using fallback presentation compiler.
2026.09.11 13:51:55 INFO  no build target found for C:\Users\user\Downloads\dockerandaction\dockerandaction\src\test\java\com\container\dockerandaction\ApiControllerTest.java. Using fallback presentation compiler.
2026.09.11 13:51:55 INFO  no build target found for C:\Users\user\Downloads\dockerandaction\dockerandaction\src\test\java\com\container\dockerandaction\ApiControllerTest.java. Using fallback presentation compiler.
2026.09.11 13:51:56 WARN  no build target for: C:\Users\user\Downloads\dockerandaction\dockerandaction\src\test\java\com\container\dockerandaction\ApiControllerTest.java
Sept 11, 2026 1:51:56 PM org.eclipse.lsp4j.jsonrpc.RemoteEndpoint handleCancellation
WARNING: Unmatched cancel notification for request id 131
2026.09.11 13:51:56 INFO  no build target found for C:\Users\user\Downloads\dockerandaction\dockerandaction\src\test\java\com\container\dockerandaction\ApiControllerTest.java. Using fallback presentation compiler.
Sept 11, 2026 1:51:57 PM org.eclipse.lsp4j.jsonrpc.RemoteEndpoint handleCancellation
WARNING: Unmatched cancel notification for request id 137
2026.09.11 13:51:56 INFO  no build target found for C:\Users\user\Downloads\dockerandaction\dockerandaction\src\test\java\com\container\dockerandaction\ApiControllerTest.java. Using fallback presentation compiler.
Sept 11, 2026 1:51:57 PM org.eclipse.lsp4j.jsonrpc.RemoteEndpoint handleCancellation
WARNING: Unmatched cancel notification for request id 138
2026.09.11 13:51:56 INFO  no build target found for C:\Users\user\Downloads\dockerandaction\dockerandaction\src\test\java\com\container\dockerandaction\ApiControllerTest.java. Using fallback presentation compiler.
Sept 11, 2026 1:51:57 PM org.eclipse.lsp4j.jsonrpc.RemoteEndpoint handleCancellation
WARNING: Unmatched cancel notification for request id 139
Sept 11, 2026 1:51:57 PM org.eclipse.lsp4j.jsonrpc.RemoteEndpoint handleCancellation
WARNING: Unmatched cancel notification for request id 132
2026.09.11 13:51:56 INFO  no build target found for C:\Users\user\Downloads\dockerandaction\dockerandaction\src\test\java\com\container\dockerandaction\ApiControllerTest.java. Using fallback presentation compiler.
Sept 11, 2026 1:51:57 PM org.eclipse.lsp4j.jsonrpc.RemoteEndpoint handleCancellation
WARNING: Unmatched cancel notification for request id 135
2026.09.11 13:51:56 INFO  no build target found for C:\Users\user\Downloads\dockerandaction\dockerandaction\src\test\java\com\container\dockerandaction\ApiControllerTest.java. Using fallback presentation compiler.
Sept 11, 2026 1:51:57 PM org.eclipse.lsp4j.jsonrpc.RemoteEndpoint handleCancellation
WARNING: Unmatched cancel notification for request id 140
2026.09.11 13:51:57 WARN  no build target for: C:\Users\user\Downloads\dockerandaction\dockerandaction\src\test\java\com\container\dockerandaction\ApiControllerTest.java
2026.09.11 13:51:56 INFO  no build target found for C:\Users\user\Downloads\dockerandaction\dockerandaction\src\test\java\com\container\dockerandaction\ApiControllerTest.java. Using fallback presentation compiler.
2026.09.11 13:51:58 INFO  no build target found for C:\Users\user\Downloads\dockerandaction\dockerandaction\src\test\java\com\container\dockerandaction\ApiControllerTest.java. Using fallback presentation compiler.
Sept 11, 2026 1:52:05 PM org.eclipse.lsp4j.jsonrpc.RemoteEndpoint handleCancellation
WARNING: Unmatched cancel notification for request id 146
Sept 11, 2026 1:52:05 PM org.eclipse.lsp4j.jsonrpc.RemoteEndpoint handleCancellation
WARNING: Unmatched cancel notification for request id 145
Sept 11, 2026 1:52:05 PM org.eclipse.lsp4j.jsonrpc.RemoteEndpoint handleCancellation
WARNING: Unmatched cancel notification for request id 134
Sept 11, 2026 1:52:05 PM org.eclipse.lsp4j.jsonrpc.RemoteEndpoint handleCancellation
WARNING: Unmatched cancel notification for request id 141
Sept 11, 2026 1:52:05 PM org.eclipse.lsp4j.jsonrpc.RemoteEndpoint handleCancellation
WARNING: Unmatched cancel notification for request id 143
2026.09.11 13:52:05 INFO  no build target found for C:\Users\user\Downloads\dockerandaction\dockerandaction\src\test\java\com\container\dockerandaction\ApiControllerTest.java. Using fallback presentation compiler.
2026.09.11 13:52:05 INFO  no build target found for C:\Users\user\Downloads\dockerandaction\dockerandaction\src\test\java\com\container\dockerandaction\ApiControllerTest.java. Using fallback presentation compiler.
2026.09.11 13:52:05 WARN  no build target for: C:\Users\user\Downloads\dockerandaction\dockerandaction\src\test\java\com\container\dockerandaction\ApiControllerTest.java
2026.09.11 13:52:06 WARN  no build target for: C:\Users\user\Downloads\dockerandaction\dockerandaction\src\test\java\com\container\dockerandaction\ApiControllerTest.java
Sept 11, 2026 1:53:16 PM org.eclipse.lsp4j.jsonrpc.RemoteEndpoint handleCancellation
WARNING: Unmatched cancel notification for request id 149
Sept 11, 2026 1:53:16 PM org.eclipse.lsp4j.jsonrpc.RemoteEndpoint handleCancellation
WARNING: Unmatched cancel notification for request id 148
Sept 11, 2026 1:53:16 PM org.eclipse.lsp4j.jsonrpc.RemoteEndpoint handleCancellation
WARNING: Unmatched cancel notification for request id 150
2026.09.11 13:53:16 INFO  no build target found for C:\Users\user\Downloads\dockerandaction\dockerandaction\src\test\java\com\container\dockerandaction\ApiControllerTest.java. Using fallback presentation compiler.
Sept 11, 2026 1:53:16 PM org.eclipse.lsp4j.jsonrpc.RemoteEndpoint handleCancellation
WARNING: Unmatched cancel notification for request id 105
2026.09.11 13:53:16 INFO  no build target found for C:\Users\user\Downloads\dockerandaction\dockerandaction\src\test\java\com\container\dockerandaction\ApiControllerTest.java. Using fallback presentation compiler.
2026.09.11 13:53:16 INFO  no build target found for C:\Users\user\Downloads\dockerandaction\dockerandaction\src\main\java\com\container\dockerandaction\Api.java. Using fallback presentation compiler.
2026.09.11 13:53:16 WARN  no build target for: C:\Users\user\Downloads\dockerandaction\dockerandaction\src\test\java\com\container\dockerandaction\ApiControllerTest.java
2026.09.11 13:53:16 WARN  no build target for: C:\Users\user\Downloads\dockerandaction\dockerandaction\src\test\java\com\container\dockerandaction\ApiControllerTest.java
2026.09.11 13:53:16 WARN  no build target for: C:\Users\user\Downloads\dockerandaction\dockerandaction\src\main\java\com\container\dockerandaction\Api.java
2026.09.11 13:53:16 WARN  no build target for: C:\Users\user\Downloads\dockerandaction\dockerandaction\src\test\java\com\container\dockerandaction\ApiControllerTest.java
2026.09.11 13:53:16 WARN  no build target for: C:\Users\user\Downloads\dockerandaction\dockerandaction\src\test\java\com\container\dockerandaction\ApiControllerTest.java
2026.09.11 13:53:16 WARN  no build target for: C:\Users\user\Downloads\dockerandaction\dockerandaction\src\main\java\com\container\dockerandaction\Api.java
2026.09.11 13:53:16 WARN  no build target for: C:\Users\user\Downloads\dockerandaction\dockerandaction\src\main\java\com\container\dockerandaction\Api.java
2026.09.11 13:53:17 WARN  no build target for: C:\Users\user\Downloads\dockerandaction\dockerandaction\src\test\java\com\container\dockerandaction\ApiControllerTest.java
2026.09.11 13:53:17 INFO  no build target found for C:\Users\user\Downloads\dockerandaction\dockerandaction\src\test\java\com\container\dockerandaction\ApiControllerTest.java. Using fallback presentation compiler.
2026.09.11 13:53:18 WARN  no build target for: C:\Users\user\Downloads\dockerandaction\dockerandaction\src\main\java\com\container\dockerandaction\Api.java
2026.09.11 13:53:20 INFO  no build target found for C:\Users\user\Downloads\dockerandaction\dockerandaction\src\test\java\com\container\dockerandaction\ApiControllerTest.java. Using fallback presentation compiler.
2026.09.11 13:53:28 INFO  no build target found for C:\Users\user\Downloads\dockerandaction\dockerandaction\src\test\java\com\container\dockerandaction\ApiControllerTest.java. Using fallback presentation compiler.
2026.09.11 13:53:28 INFO  no build target found for C:\Users\user\Downloads\dockerandaction\dockerandaction\src\test\java\com\container\dockerandaction\ApiControllerTest.java. Using fallback presentation compiler.
2026.09.11 13:53:28 INFO  no build target found for C:\Users\user\Downloads\dockerandaction\dockerandaction\src\test\java\com\container\dockerandaction\ApiControllerTest.java. Using fallback presentation compiler.
2026.09.11 13:53:29 INFO  no build target found for C:\Users\user\Downloads\dockerandaction\dockerandaction\src\test\java\com\container\dockerandaction\ApiControllerTest.java. Using fallback presentation compiler.
2026.09.11 13:53:29 INFO  no build target found for C:\Users\user\Downloads\dockerandaction\dockerandaction\src\test\java\com\container\dockerandaction\ApiControllerTest.java. Using fallback presentation compiler.
2026.09.11 13:53:29 INFO  no build target found for C:\Users\user\Downloads\dockerandaction\dockerandaction\src\test\java\com\container\dockerandaction\ApiControllerTest.java. Using fallback presentation compiler.
Sept 11, 2026 1:53:30 PM org.eclipse.lsp4j.jsonrpc.RemoteEndpoint handleCancellation
WARNING: Unmatched cancel notification for request id 164
2026.09.11 13:53:29 INFO  no build target found for C:\Users\user\Downloads\dockerandaction\dockerandaction\src\test\java\com\container\dockerandaction\ApiControllerTest.java. Using fallback presentation compiler.
2026.09.11 13:53:29 INFO  no build target found for C:\Users\user\Downloads\dockerandaction\dockerandaction\src\test\java\com\container\dockerandaction\ApiControllerTest.java. Using fallback presentation compiler.
Sept 11, 2026 1:53:30 PM org.eclipse.lsp4j.jsonrpc.RemoteEndpoint handleCancellation
WARNING: Unmatched cancel notification for request id 165
2026.09.11 13:53:30 INFO  no build target found for C:\Users\user\Downloads\dockerandaction\dockerandaction\src\test\java\com\container\dockerandaction\ApiControllerTest.java. Using fallback presentation compiler.
2026.09.11 13:53:30 INFO  no build target found for C:\Users\user\Downloads\dockerandaction\dockerandaction\src\test\java\com\container\dockerandaction\ApiControllerTest.java. Using fallback presentation compiler.
2026.09.11 13:53:30 INFO  no build target found for C:\Users\user\Downloads\dockerandaction\dockerandaction\src\test\java\com\container\dockerandaction\ApiControllerTest.java. Using fallback presentation compiler.
Sept 11, 2026 1:53:31 PM org.eclipse.lsp4j.jsonrpc.RemoteEndpoint handleCancellation
WARNING: Unmatched cancel notification for request id 167
Sept 11, 2026 1:53:31 PM org.eclipse.lsp4j.jsonrpc.RemoteEndpoint handleCancellation
WARNING: Unmatched cancel notification for request id 168
2026.09.11 13:53:30 INFO  no build target found for C:\Users\user\Downloads\dockerandaction\dockerandaction\src\test\java\com\container\dockerandaction\ApiControllerTest.java. Using fallback presentation compiler.
2026.09.11 13:53:30 INFO  no build target found for C:\Users\user\Downloads\dockerandaction\dockerandaction\src\test\java\com\container\dockerandaction\ApiControllerTest.java. Using fallback presentation compiler.
2026.09.11 13:53:30 INFO  no build target found for C:\Users\user\Downloads\dockerandaction\dockerandaction\src\test\java\com\container\dockerandaction\ApiControllerTest.java. Using fallback presentation compiler.
2026.09.11 13:53:30 INFO  no build target found for C:\Users\user\Downloads\dockerandaction\dockerandaction\src\test\java\com\container\dockerandaction\ApiControllerTest.java. Using fallback presentation compiler.
2026.09.11 13:53:32 INFO  no build target found for C:\Users\user\Downloads\dockerandaction\dockerandaction\src\test\java\com\container\dockerandaction\ApiControllerTest.java. Using fallback presentation compiler.
2026.09.11 13:53:32 INFO  no build target found for C:\Users\user\Downloads\dockerandaction\dockerandaction\src\test\java\com\container\dockerandaction\ApiControllerTest.java. Using fallback presentation compiler.
2026.09.11 13:53:34 INFO  no build target found for C:\Users\user\Downloads\dockerandaction\dockerandaction\src\test\java\com\container\dockerandaction\ApiControllerTest.java. Using fallback presentation compiler.
2026.09.11 13:53:34 INFO  no build target found for C:\Users\user\Downloads\dockerandaction\dockerandaction\src\test\java\com\container\dockerandaction\ApiControllerTest.java. Using fallback presentation compiler.
2026.09.11 13:53:34 INFO  no build target found for C:\Users\user\Downloads\dockerandaction\dockerandaction\src\test\java\com\container\dockerandaction\ApiControllerTest.java. Using fallback presentation compiler.
Sept 11, 2026 1:53:35 PM org.eclipse.lsp4j.jsonrpc.RemoteEndpoint handleCancellation
WARNING: Unmatched cancel notification for request id 178
2026.09.11 13:53:35 INFO  no build target found for C:\Users\user\Downloads\dockerandaction\dockerandaction\src\test\java\com\container\dockerandaction\ApiControllerTest.java. Using fallback presentation compiler.
2026.09.11 13:53:35 INFO  no build target found for C:\Users\user\Downloads\dockerandaction\dockerandaction\src\test\java\com\container\dockerandaction\ApiControllerTest.java. Using fallback presentation compiler.
2026.09.11 13:53:35 INFO  no build target found for C:\Users\user\Downloads\dockerandaction\dockerandaction\src\test\java\com\container\dockerandaction\ApiControllerTest.java. Using fallback presentation compiler.
2026.09.11 13:53:35 INFO  no build target found for C:\Users\user\Downloads\dockerandaction\dockerandaction\src\test\java\com\container\dockerandaction\ApiControllerTest.java. Using fallback presentation compiler.
Sept 11, 2026 1:53:36 PM org.eclipse.lsp4j.jsonrpc.RemoteEndpoint handleCancellation
WARNING: Unmatched cancel notification for request id 182
2026.09.11 13:53:36 WARN  no build target for: C:\Users\user\Downloads\dockerandaction\dockerandaction\src\test\java\com\container\dockerandaction\ApiControllerTest.java
2026.09.11 13:53:36 INFO  no build target found for C:\Users\user\Downloads\dockerandaction\dockerandaction\src\test\java\com\container\dockerandaction\ApiControllerTest.java. Using fallback presentation compiler.
2026.09.11 13:53:36 INFO  no build target found for C:\Users\user\Downloads\dockerandaction\dockerandaction\src\test\java\com\container\dockerandaction\ApiControllerTest.java. Using fallback presentation compiler.
2026.09.11 13:53:36 INFO  no build target found for C:\Users\user\Downloads\dockerandaction\dockerandaction\src\test\java\com\container\dockerandaction\ApiControllerTest.java. Using fallback presentation compiler.
2026.09.11 13:53:36 INFO  no build target found for C:\Users\user\Downloads\dockerandaction\dockerandaction\src\test\java\com\container\dockerandaction\ApiControllerTest.java. Using fallback presentation compiler.
Sept 11, 2026 1:53:37 PM org.eclipse.lsp4j.jsonrpc.RemoteEndpoint handleCancellation
WARNING: Unmatched cancel notification for request id 188
2026.09.11 13:53:37 INFO  no build target found for C:\Users\user\Downloads\dockerandaction\dockerandaction\src\test\java\com\container\dockerandaction\ApiControllerTest.java. Using fallback presentation compiler.
2026.09.11 13:53:37 INFO  no build target found for C:\Users\user\Downloads\dockerandaction\dockerandaction\src\test\java\com\container\dockerandaction\ApiControllerTest.java. Using fallback presentation compiler.
2026.09.11 13:53:38 INFO  no build target found for C:\Users\user\Downloads\dockerandaction\dockerandaction\src\test\java\com\container\dockerandaction\ApiControllerTest.java. Using fallback presentation compiler.
2026.09.11 13:53:38 INFO  no build target found for C:\Users\user\Downloads\dockerandaction\dockerandaction\src\test\java\com\container\dockerandaction\ApiControllerTest.java. Using fallback presentation compiler.
2026.09.11 13:53:38 INFO  no build target found for C:\Users\user\Downloads\dockerandaction\dockerandaction\src\test\java\com\container\dockerandaction\ApiControllerTest.java. Using fallback presentation compiler.
2026.09.11 13:53:40 INFO  no build target found for C:\Users\user\Downloads\dockerandaction\dockerandaction\src\test\java\com\container\dockerandaction\ApiControllerTest.java. Using fallback presentation compiler.
2026.09.11 13:53:40 INFO  no build target found for C:\Users\user\Downloads\dockerandaction\dockerandaction\src\test\java\com\container\dockerandaction\ApiControllerTest.java. Using fallback presentation compiler.
2026.09.11 13:53:40 INFO  no build target found for C:\Users\user\Downloads\dockerandaction\dockerandaction\src\test\java\com\container\dockerandaction\ApiControllerTest.java. Using fallback presentation compiler.
2026.09.11 13:53:43 INFO  no build target found for C:\Users\user\Downloads\dockerandaction\dockerandaction\src\test\java\com\container\dockerandaction\ApiControllerTest.java. Using fallback presentation compiler.
2026.09.11 13:53:49 INFO  no build target found for C:\Users\user\Downloads\dockerandaction\dockerandaction\src\test\java\com\container\dockerandaction\ApiControllerTest.java. Using fallback presentation compiler.
2026.09.11 13:53:49 INFO  no build target found for C:\Users\user\Downloads\dockerandaction\dockerandaction\src\test\java\com\container\dockerandaction\ApiControllerTest.java. Using fallback presentation compiler.
2026.09.11 13:53:52 INFO  no build target found for C:\Users\user\Downloads\dockerandaction\dockerandaction\src\test\java\com\container\dockerandaction\ApiControllerTest.java. Using fallback presentation compiler.
2026.09.11 13:53:52 INFO  no build target found for C:\Users\user\Downloads\dockerandaction\dockerandaction\src\test\java\com\container\dockerandaction\ApiControllerTest.java. Using fallback presentation compiler.
2026.09.11 13:53:54 WARN  no build target for: C:\Users\user\Downloads\dockerandaction\dockerandaction\src\test\java\com\container\dockerandaction\ApiControllerTest.java
2026.09.11 13:53:55 INFO  no build target found for C:\Users\user\Downloads\dockerandaction\dockerandaction\src\test\java\com\container\dockerandaction\ApiControllerTest.java. Using fallback presentation compiler.
2026.09.11 13:53:55 INFO  no build target found for C:\Users\user\Downloads\dockerandaction\dockerandaction\src\test\java\com\container\dockerandaction\ApiControllerTest.java. Using fallback presentation compiler.
2026.09.11 13:53:55 INFO  no build target found for C:\Users\user\Downloads\dockerandaction\dockerandaction\src\test\java\com\container\dockerandaction\ApiControllerTest.java. Using fallback presentation compiler.
2026.09.11 13:53:57 INFO  no build target found for C:\Users\user\Downloads\dockerandaction\dockerandaction\src\test\java\com\container\dockerandaction\ApiControllerTest.java. Using fallback presentation compiler.
2026.09.11 13:53:57 INFO  no build target found for C:\Users\user\Downloads\dockerandaction\dockerandaction\src\test\java\com\container\dockerandaction\ApiControllerTest.java. Using fallback presentation compiler.
2026.09.11 13:53:58 INFO  no build target found for C:\Users\user\Downloads\dockerandaction\dockerandaction\src\test\java\com\container\dockerandaction\ApiControllerTest.java. Using fallback presentation compiler.
Sept 11, 2026 1:53:58 PM org.eclipse.lsp4j.jsonrpc.RemoteEndpoint handleCancellation
WARNING: Unmatched cancel notification for request id 210
2026.09.11 13:53:58 INFO  no build target found for C:\Users\user\Downloads\dockerandaction\dockerandaction\src\test\java\com\container\dockerandaction\ApiControllerTest.java. Using fallback presentation compiler.
2026.09.11 13:53:58 INFO  no build target found for C:\Users\user\Downloads\dockerandaction\dockerandaction\src\test\java\com\container\dockerandaction\ApiControllerTest.java. Using fallback presentation compiler.
Sept 11, 2026 1:53:59 PM org.eclipse.lsp4j.jsonrpc.RemoteEndpoint handleCancellation
WARNING: Unmatched cancel notification for request id 212
2026.09.11 13:53:58 INFO  no build target found for C:\Users\user\Downloads\dockerandaction\dockerandaction\src\test\java\com\container\dockerandaction\ApiControllerTest.java. Using fallback presentation compiler.
2026.09.11 13:54:00 INFO  no build target found for C:\Users\user\Downloads\dockerandaction\dockerandaction\src\test\java\com\container\dockerandaction\ApiControllerTest.java. Using fallback presentation compiler.
2026.09.11 13:54:01 WARN  no build target for: C:\Users\user\Downloads\dockerandaction\dockerandaction\src\test\java\com\container\dockerandaction\ApiControllerTest.java
2026.09.11 13:54:01 INFO  no build target found for C:\Users\user\Downloads\dockerandaction\dockerandaction\src\test\java\com\container\dockerandaction\ApiControllerTest.java. Using fallback presentation compiler.
2026.09.11 13:54:08 WARN  no build target for: C:\Users\user\Downloads\dockerandaction\dockerandaction\src\main\java\com\container\dockerandaction\Api.java
2026.09.11 13:54:09 INFO  no build target found for C:\Users\user\Downloads\dockerandaction\dockerandaction\src\main\java\com\container\dockerandaction\Api.java. Using fallback presentation compiler.
2026.09.11 13:54:10 INFO  no build target found for C:\Users\user\Downloads\dockerandaction\dockerandaction\src\main\java\com\container\dockerandaction\Api.java. Using fallback presentation compiler.
2026.09.11 13:54:10 INFO  no build target found for C:\Users\user\Downloads\dockerandaction\dockerandaction\src\main\java\com\container\dockerandaction\Api.java. Using fallback presentation compiler.
2026.09.11 13:54:11 INFO  no build target found for C:\Users\user\Downloads\dockerandaction\dockerandaction\src\main\java\com\container\dockerandaction\Api.java. Using fallback presentation compiler.
2026.09.11 13:54:11 INFO  no build target found for C:\Users\user\Downloads\dockerandaction\dockerandaction\src\main\java\com\container\dockerandaction\Api.java. Using fallback presentation compiler.
2026.09.11 13:54:11 INFO  no build target found for C:\Users\user\Downloads\dockerandaction\dockerandaction\src\main\java\com\container\dockerandaction\Api.java. Using fallback presentation compiler.
2026.09.11 13:54:13 INFO  no build target found for C:\Users\user\Downloads\dockerandaction\dockerandaction\src\main\java\com\container\dockerandaction\Api.java. Using fallback presentation compiler.
2026.09.11 13:54:13 WARN  no build target for: C:\Users\user\Downloads\dockerandaction\dockerandaction\src\main\java\com\container\dockerandaction\Api.java
2026.09.11 13:54:13 INFO  no build target found for C:\Users\user\Downloads\dockerandaction\dockerandaction\src\main\java\com\container\dockerandaction\Api.java. Using fallback presentation compiler.
2026.09.11 13:54:13 INFO  no build target found for C:\Users\user\Downloads\dockerandaction\dockerandaction\src\main\java\com\container\dockerandaction\Api.java. Using fallback presentation compiler.
2026.09.11 13:54:14 INFO  no build target found for C:\Users\user\Downloads\dockerandaction\dockerandaction\src\main\java\com\container\dockerandaction\Api.java. Using fallback presentation compiler.
2026.09.11 13:54:14 INFO  no build target found for C:\Users\user\Downloads\dockerandaction\dockerandaction\src\main\java\com\container\dockerandaction\Api.java. Using fallback presentation compiler.
2026.09.11 13:54:14 INFO  no build target found for C:\Users\user\Downloads\dockerandaction\dockerandaction\src\main\java\com\container\dockerandaction\Api.java. Using fallback presentation compiler.
2026.09.11 13:54:15 INFO  no build target found for C:\Users\user\Downloads\dockerandaction\dockerandaction\src\main\java\com\container\dockerandaction\Api.java. Using fallback presentation compiler.
2026.09.11 13:54:15 INFO  no build target found for C:\Users\user\Downloads\dockerandaction\dockerandaction\src\main\java\com\container\dockerandaction\Api.java. Using fallback presentation compiler.
2026.09.11 13:54:15 INFO  no build target found for C:\Users\user\Downloads\dockerandaction\dockerandaction\src\main\java\com\container\dockerandaction\Api.java. Using fallback presentation compiler.
2026.09.11 13:54:16 INFO  no build target found for C:\Users\user\Downloads\dockerandaction\dockerandaction\src\main\java\com\container\dockerandaction\Api.java. Using fallback presentation compiler.
2026.09.11 13:54:16 INFO  no build target found for C:\Users\user\Downloads\dockerandaction\dockerandaction\src\main\java\com\container\dockerandaction\Api.java. Using fallback presentation compiler.
2026.09.11 13:54:19 INFO  no build target found for C:\Users\user\Downloads\dockerandaction\dockerandaction\src\main\java\com\container\dockerandaction\Api.java. Using fallback presentation compiler.
2026.09.11 13:54:19 INFO  no build target found for C:\Users\user\Downloads\dockerandaction\dockerandaction\src\main\java\com\container\dockerandaction\Api.java. Using fallback presentation compiler.
2026.09.11 13:54:19 INFO  no build target found for C:\Users\user\Downloads\dockerandaction\dockerandaction\src\main\java\com\container\dockerandaction\Api.java. Using fallback presentation compiler.
2026.09.11 13:54:20 INFO  no build target found for C:\Users\user\Downloads\dockerandaction\dockerandaction\src\main\java\com\container\dockerandaction\Api.java. Using fallback presentation compiler.
2026.09.11 13:54:20 INFO  no build target found for C:\Users\user\Downloads\dockerandaction\dockerandaction\src\main\java\com\container\dockerandaction\Api.java. Using fallback presentation compiler.
2026.09.11 13:54:21 INFO  no build target found for C:\Users\user\Downloads\dockerandaction\dockerandaction\src\main\java\com\container\dockerandaction\Api.java. Using fallback presentation compiler.
2026.09.11 13:54:21 INFO  no build target found for C:\Users\user\Downloads\dockerandaction\dockerandaction\src\main\java\com\container\dockerandaction\Api.java. Using fallback presentation compiler.
2026.09.11 13:54:23 INFO  no build target found for C:\Users\user\Downloads\dockerandaction\dockerandaction\src\main\java\com\container\dockerandaction\Api.java. Using fallback presentation compiler.
2026.09.11 13:54:23 INFO  no build target found for C:\Users\user\Downloads\dockerandaction\dockerandaction\src\test\java\com\container\dockerandaction\ApiControllerTest.java. Using fallback presentation compiler.
2026.09.11 13:54:24 WARN  no build target for: C:\Users\user\Downloads\dockerandaction\dockerandaction\src\test\java\com\container\dockerandaction\ApiControllerTest.java
2026.09.11 13:54:24 INFO  no build target found for C:\Users\user\Downloads\dockerandaction\dockerandaction\src\test\java\com\container\dockerandaction\ApiControllerTest.java. Using fallback presentation compiler.
2026.09.11 13:54:26 INFO  no build target found for C:\Users\user\Downloads\dockerandaction\dockerandaction\src\test\java\com\container\dockerandaction\ApiControllerTest.java. Using fallback presentation compiler.
2026.09.11 13:54:26 INFO  no build target found for C:\Users\user\Downloads\dockerandaction\dockerandaction\src\test\java\com\container\dockerandaction\ApiControllerTest.java. Using fallback presentation compiler.
2026.09.11 13:54:27 INFO  no build target found for C:\Users\user\Downloads\dockerandaction\dockerandaction\src\test\java\com\container\dockerandaction\ApiControllerTest.java. Using fallback presentation compiler.
Sept 11, 2026 1:54:27 PM org.eclipse.lsp4j.jsonrpc.RemoteEndpoint handleCancellation
WARNING: Unmatched cancel notification for request id 267
2026.09.11 13:54:27 INFO  no build target found for C:\Users\user\Downloads\dockerandaction\dockerandaction\src\test\java\com\container\dockerandaction\ApiControllerTest.java. Using fallback presentation compiler.
2026.09.11 13:54:27 INFO  no build target found for C:\Users\user\Downloads\dockerandaction\dockerandaction\src\test\java\com\container\dockerandaction\ApiControllerTest.java. Using fallback presentation compiler.
2026.09.11 13:54:28 INFO  no build target found for C:\Users\user\Downloads\dockerandaction\dockerandaction\src\test\java\com\container\dockerandaction\ApiControllerTest.java. Using fallback presentation compiler.
2026.09.11 13:54:28 INFO  no build target found for C:\Users\user\Downloads\dockerandaction\dockerandaction\src\test\java\com\container\dockerandaction\ApiControllerTest.java. Using fallback presentation compiler.
2026.09.11 13:54:28 INFO  no build target found for C:\Users\user\Downloads\dockerandaction\dockerandaction\src\test\java\com\container\dockerandaction\ApiControllerTest.java. Using fallback presentation compiler.
2026.09.11 13:54:29 INFO  no build target found for C:\Users\user\Downloads\dockerandaction\dockerandaction\src\test\java\com\container\dockerandaction\ApiControllerTest.java. Using fallback presentation compiler.
2026.09.11 13:54:29 INFO  no build target found for C:\Users\user\Downloads\dockerandaction\dockerandaction\src\test\java\com\container\dockerandaction\ApiControllerTest.java. Using fallback presentation compiler.
2026.09.11 13:54:30 INFO  no build target found for C:\Users\user\Downloads\dockerandaction\dockerandaction\src\test\java\com\container\dockerandaction\ApiControllerTest.java. Using fallback presentation compiler.
2026.09.11 13:54:30 INFO  no build target found for C:\Users\user\Downloads\dockerandaction\dockerandaction\src\test\java\com\container\dockerandaction\ApiControllerTest.java. Using fallback presentation compiler.
Sept 11, 2026 1:54:31 PM org.eclipse.lsp4j.jsonrpc.RemoteEndpoint handleCancellation
WARNING: Unmatched cancel notification for request id 275
2026.09.11 13:54:30 INFO  no build target found for C:\Users\user\Downloads\dockerandaction\dockerandaction\src\test\java\com\container\dockerandaction\ApiControllerTest.java. Using fallback presentation compiler.
2026.09.11 13:54:30 INFO  no build target found for C:\Users\user\Downloads\dockerandaction\dockerandaction\src\test\java\com\container\dockerandaction\ApiControllerTest.java. Using fallback presentation compiler.
2026.09.11 13:54:30 INFO  no build target found for C:\Users\user\Downloads\dockerandaction\dockerandaction\src\test\java\com\container\dockerandaction\ApiControllerTest.java. Using fallback presentation compiler.
Sept 11, 2026 1:54:31 PM org.eclipse.lsp4j.jsonrpc.RemoteEndpoint handleCancellation
WARNING: Unmatched cancel notification for request id 279
2026.09.11 13:54:30 INFO  no build target found for C:\Users\user\Downloads\dockerandaction\dockerandaction\src\test\java\com\container\dockerandaction\ApiControllerTest.java. Using fallback presentation compiler.
2026.09.11 13:54:30 INFO  no build target found for C:\Users\user\Downloads\dockerandaction\dockerandaction\src\test\java\com\container\dockerandaction\ApiControllerTest.java. Using fallback presentation compiler.
2026.09.11 13:54:30 INFO  no build target found for C:\Users\user\Downloads\dockerandaction\dockerandaction\src\test\java\com\container\dockerandaction\ApiControllerTest.java. Using fallback presentation compiler.
2026.09.11 13:54:32 INFO  no build target found for C:\Users\user\Downloads\dockerandaction\dockerandaction\src\test\java\com\container\dockerandaction\ApiControllerTest.java. Using fallback presentation compiler.
2026.09.11 13:54:32 INFO  no build target found for C:\Users\user\Downloads\dockerandaction\dockerandaction\src\test\java\com\container\dockerandaction\ApiControllerTest.java. Using fallback presentation compiler.
2026.09.11 13:54:34 INFO  no build target found for C:\Users\user\Downloads\dockerandaction\dockerandaction\src\test\java\com\container\dockerandaction\ApiControllerTest.java. Using fallback presentation compiler.
2026.09.11 13:54:34 INFO  no build target found for C:\Users\user\Downloads\dockerandaction\dockerandaction\src\test\java\com\container\dockerandaction\ApiControllerTest.java. Using fallback presentation compiler.
2026.09.11 13:54:34 INFO  no build target found for C:\Users\user\Downloads\dockerandaction\dockerandaction\src\test\java\com\container\dockerandaction\ApiControllerTest.java. Using fallback presentation compiler.
2026.09.11 13:54:35 INFO  no build target found for C:\Users\user\Downloads\dockerandaction\dockerandaction\src\test\java\com\container\dockerandaction\ApiControllerTest.java. Using fallback presentation compiler.
2026.09.11 13:54:35 INFO  no build target found for C:\Users\user\Downloads\dockerandaction\dockerandaction\src\test\java\com\container\dockerandaction\ApiControllerTest.java. Using fallback presentation compiler.
Sept 11, 2026 1:54:36 PM org.eclipse.lsp4j.jsonrpc.RemoteEndpoint handleCancellation
WARNING: Unmatched cancel notification for request id 289
2026.09.11 13:54:35 INFO  no build target found for C:\Users\user\Downloads\dockerandaction\dockerandaction\src\test\java\com\container\dockerandaction\ApiControllerTest.java. Using fallback presentation compiler.
2026.09.11 13:54:36 INFO  no build target found for C:\Users\user\Downloads\dockerandaction\dockerandaction\src\test\java\com\container\dockerandaction\ApiControllerTest.java. Using fallback presentation compiler.
2026.09.11 13:54:36 INFO  no build target found for C:\Users\user\Downloads\dockerandaction\dockerandaction\src\test\java\com\container\dockerandaction\ApiControllerTest.java. Using fallback presentation compiler.
2026.09.11 13:54:36 INFO  no build target found for C:\Users\user\Downloads\dockerandaction\dockerandaction\src\test\java\com\container\dockerandaction\ApiControllerTest.java. Using fallback presentation compiler.
2026.09.11 13:54:38 INFO  no build target found for C:\Users\user\Downloads\dockerandaction\dockerandaction\src\test\java\com\container\dockerandaction\ApiControllerTest.java. Using fallback presentation compiler.
2026.09.11 13:54:38 INFO  no build target found for C:\Users\user\Downloads\dockerandaction\dockerandaction\src\test\java\com\container\dockerandaction\ApiControllerTest.java. Using fallback presentation compiler.
2026.09.11 13:54:39 INFO  no build target found for C:\Users\user\Downloads\dockerandaction\dockerandaction\src\test\java\com\container\dockerandaction\ApiControllerTest.java. Using fallback presentation compiler.
2026.09.11 13:54:39 INFO  no build target found for C:\Users\user\Downloads\dockerandaction\dockerandaction\src\test\java\com\container\dockerandaction\ApiControllerTest.java. Using fallback presentation compiler.
2026.09.11 13:54:41 INFO  no build target found for C:\Users\user\Downloads\dockerandaction\dockerandaction\src\test\java\com\container\dockerandaction\ApiControllerTest.java. Using fallback presentation compiler.
2026.09.11 13:55:02 INFO  no build target found for C:\Users\user\Downloads\dockerandaction\dockerandaction\src\main\java\com\container\dockerandaction\Api.java. Using fallback presentation compiler.
2026.09.11 13:55:02 WARN  no build target for: C:\Users\user\Downloads\dockerandaction\dockerandaction\src\main\java\com\container\dockerandaction\Api.java
Sept 11, 2026 1:55:02 PM org.eclipse.lsp4j.jsonrpc.RemoteEndpoint handleCancellation
WARNING: Unmatched cancel notification for request id 302
2026.09.11 13:55:02 INFO  no build target found for C:\Users\user\Downloads\dockerandaction\dockerandaction\src\main\java\com\container\dockerandaction\Api.java. Using fallback presentation compiler.
2026.09.11 13:55:02 INFO  no build target found for C:\Users\user\Downloads\dockerandaction\dockerandaction\src\main\java\com\container\dockerandaction\Api.java. Using fallback presentation compiler.
2026.09.11 13:55:03 INFO  no build target found for C:\Users\user\Downloads\dockerandaction\dockerandaction\src\main\java\com\container\dockerandaction\Api.java. Using fallback presentation compiler.
Sept 11, 2026 1:55:03 PM org.eclipse.lsp4j.jsonrpc.RemoteEndpoint handleCancellation
WARNING: Unmatched cancel notification for request id 306
2026.09.11 13:55:03 INFO  no build target found for C:\Users\user\Downloads\dockerandaction\dockerandaction\src\main\java\com\container\dockerandaction\Api.java. Using fallback presentation compiler.
2026.09.11 13:55:04 INFO  no build target found for C:\Users\user\Downloads\dockerandaction\dockerandaction\src\main\java\com\container\dockerandaction\Api.java. Using fallback presentation compiler.
2026.09.11 13:55:03 INFO  no build target found for C:\Users\user\Downloads\dockerandaction\dockerandaction\src\main\java\com\container\dockerandaction\Api.java. Using fallback presentation compiler.
2026.09.11 13:55:06 INFO  no build target found for C:\Users\user\Downloads\dockerandaction\dockerandaction\src\main\java\com\container\dockerandaction\Api.java. Using fallback presentation compiler.
2026.09.11 13:55:06 INFO  no build target found for C:\Users\user\Downloads\dockerandaction\dockerandaction\src\main\java\com\container\dockerandaction\Api.java. Using fallback presentation compiler.
2026.09.11 13:55:06 INFO  no build target found for C:\Users\user\Downloads\dockerandaction\dockerandaction\src\main\java\com\container\dockerandaction\Api.java. Using fallback presentation compiler.
2026.09.11 13:55:10 INFO  no build target found for C:\Users\user\Downloads\dockerandaction\dockerandaction\src\test\java\com\container\dockerandaction\ApiControllerTest.java. Using fallback presentation compiler.
2026.09.11 13:55:10 WARN  no build target for: C:\Users\user\Downloads\dockerandaction\dockerandaction\src\test\java\com\container\dockerandaction\ApiControllerTest.java
2026.09.11 13:55:10 INFO  no build target found for C:\Users\user\Downloads\dockerandaction\dockerandaction\src\test\java\com\container\dockerandaction\ApiControllerTest.java. Using fallback presentation compiler.
2026.09.11 13:55:20 INFO  no build target found for C:\Users\user\Downloads\dockerandaction\dockerandaction\src\test\java\com\container\dockerandaction\ApiControllerTest.java. Using fallback presentation compiler.
2026.09.11 13:55:20 INFO  no build target found for C:\Users\user\Downloads\dockerandaction\dockerandaction\src\test\java\com\container\dockerandaction\ApiControllerTest.java. Using fallback presentation compiler.
2026.09.11 13:55:20 INFO  no build target found for C:\Users\user\Downloads\dockerandaction\dockerandaction\src\test\java\com\container\dockerandaction\ApiControllerTest.java. Using fallback presentation compiler.
2026.09.11 13:55:21 INFO  no build target found for C:\Users\user\Downloads\dockerandaction\dockerandaction\src\test\java\com\container\dockerandaction\ApiControllerTest.java. Using fallback presentation compiler.
2026.09.11 13:55:23 INFO  no build target found for C:\Users\user\Downloads\dockerandaction\dockerandaction\src\test\java\com\container\dockerandaction\ApiControllerTest.java. Using fallback presentation compiler.
Sept 11, 2026 1:55:23 PM org.eclipse.lsp4j.jsonrpc.RemoteEndpoint handleCancellation
WARNING: Unmatched cancel notification for request id 328
2026.09.11 13:55:23 INFO  no build target found for C:\Users\user\Downloads\dockerandaction\dockerandaction\src\test\java\com\container\dockerandaction\ApiControllerTest.java. Using fallback presentation compiler.
Sept 11, 2026 1:55:23 PM org.eclipse.lsp4j.jsonrpc.RemoteEndpoint handleCancellation
WARNING: Unmatched cancel notification for request id 329
2026.09.11 13:55:23 INFO  no build target found for C:\Users\user\Downloads\dockerandaction\dockerandaction\src\test\java\com\container\dockerandaction\ApiControllerTest.java. Using fallback presentation compiler.
2026.09.11 13:55:23 INFO  no build target found for C:\Users\user\Downloads\dockerandaction\dockerandaction\src\test\java\com\container\dockerandaction\ApiControllerTest.java. Using fallback presentation compiler.
2026.09.11 13:55:23 INFO  no build target found for C:\Users\user\Downloads\dockerandaction\dockerandaction\src\test\java\com\container\dockerandaction\ApiControllerTest.java. Using fallback presentation compiler.
2026.09.11 13:55:24 INFO  no build target found for C:\Users\user\Downloads\dockerandaction\dockerandaction\src\test\java\com\container\dockerandaction\ApiControllerTest.java. Using fallback presentation compiler.
2026.09.11 13:55:24 INFO  no build target found for C:\Users\user\Downloads\dockerandaction\dockerandaction\src\test\java\com\container\dockerandaction\ApiControllerTest.java. Using fallback presentation compiler.
2026.09.11 13:55:24 INFO  no build target found for C:\Users\user\Downloads\dockerandaction\dockerandaction\src\test\java\com\container\dockerandaction\ApiControllerTest.java. Using fallback presentation compiler.
2026.09.11 13:55:26 INFO  no build target found for C:\Users\user\Downloads\dockerandaction\dockerandaction\src\test\java\com\container\dockerandaction\ApiControllerTest.java. Using fallback presentation compiler.
2026.09.11 13:55:26 INFO  no build target found for C:\Users\user\Downloads\dockerandaction\dockerandaction\src\test\java\com\container\dockerandaction\ApiControllerTest.java. Using fallback presentation compiler.
2026.09.11 13:55:52 INFO  no build target found for C:\Users\user\Downloads\dockerandaction\dockerandaction\src\test\java\com\container\dockerandaction\ApiControllerTest.java. Using fallback presentation compiler.
2026.09.11 13:55:52 INFO  no build target found for C:\Users\user\Downloads\dockerandaction\dockerandaction\src\test\java\com\container\dockerandaction\ApiControllerTest.java. Using fallback presentation compiler.
2026.09.11 13:56:00 INFO  no build target found for C:\Users\user\Downloads\dockerandaction\dockerandaction\src\test\java\com\container\dockerandaction\ApiControllerTest.java. Using fallback presentation compiler.
2026.09.11 13:56:00 INFO  no build target found for C:\Users\user\Downloads\dockerandaction\dockerandaction\src\test\java\com\container\dockerandaction\ApiControllerTest.java. Using fallback presentation compiler.
2026.09.11 13:56:04 INFO  no build target found for C:\Users\user\Downloads\dockerandaction\dockerandaction\src\test\java\com\container\dockerandaction\ApiControllerTest.java. Using fallback presentation compiler.
2026.09.11 13:56:08 INFO  no build target found for C:\Users\user\Downloads\dockerandaction\dockerandaction\src\test\java\com\container\dockerandaction\ApiControllerTest.java. Using fallback presentation compiler.
2026.09.11 13:56:09 INFO  no build target found for C:\Users\user\Downloads\dockerandaction\dockerandaction\src\test\java\com\container\dockerandaction\ApiControllerTest.java. Using fallback presentation compiler.
2026.09.11 13:56:11 INFO  no build target found for C:\Users\user\Downloads\dockerandaction\dockerandaction\src\test\java\com\container\dockerandaction\ApiControllerTest.java. Using fallback presentation compiler.
2026.09.11 13:56:11 INFO  no build target found for C:\Users\user\Downloads\dockerandaction\dockerandaction\src\test\java\com\container\dockerandaction\ApiControllerTest.java. Using fallback presentation compiler.
2026.09.11 13:56:13 INFO  no build target found for C:\Users\user\Downloads\dockerandaction\dockerandaction\src\test\java\com\container\dockerandaction\ApiControllerTest.java. Using fallback presentation compiler.
2026.09.11 13:56:15 INFO  no build target found for C:\Users\user\Downloads\dockerandaction\dockerandaction\src\test\java\com\container\dockerandaction\ApiControllerTest.java. Using fallback presentation compiler.
2026.09.11 13:56:15 INFO  no build target found for C:\Users\user\Downloads\dockerandaction\dockerandaction\src\test\java\com\container\dockerandaction\ApiControllerTest.java. Using fallback presentation compiler.
2026.09.11 13:56:16 INFO  no build target found for C:\Users\user\Downloads\dockerandaction\dockerandaction\src\test\java\com\container\dockerandaction\ApiControllerTest.java. Using fallback presentation compiler.
2026.09.11 13:56:16 INFO  no build target found for C:\Users\user\Downloads\dockerandaction\dockerandaction\src\test\java\com\container\dockerandaction\ApiControllerTest.java. Using fallback presentation compiler.
2026.09.11 13:56:16 INFO  no build target found for C:\Users\user\Downloads\dockerandaction\dockerandaction\src\test\java\com\container\dockerandaction\ApiControllerTest.java. Using fallback presentation compiler.
2026.09.11 13:56:16 INFO  no build target found for C:\Users\user\Downloads\dockerandaction\dockerandaction\src\test\java\com\container\dockerandaction\ApiControllerTest.java. Using fallback presentation compiler.
2026.09.11 13:56:29 INFO  no build target found for C:\Users\user\Downloads\dockerandaction\dockerandaction\src\main\java\com\container\dockerandaction\Api.java. Using fallback presentation compiler.
2026.09.11 13:56:31 WARN  no build target for: C:\Users\user\Downloads\dockerandaction\dockerandaction\src\main\java\com\container\dockerandaction\Api.java
2026.09.11 13:56:39 INFO  no build target found for C:\Users\user\Downloads\dockerandaction\dockerandaction\src\main\java\com\container\dockerandaction\Api.java. Using fallback presentation compiler.
2026.09.11 13:56:39 INFO  no build target found for C:\Users\user\Downloads\dockerandaction\dockerandaction\src\main\java\com\container\dockerandaction\Api.java. Using fallback presentation compiler.
2026.09.11 13:56:52 INFO  no build target found for C:\Users\user\Downloads\dockerandaction\dockerandaction\src\main\java\com\container\dockerandaction\Api.java. Using fallback presentation compiler.
2026.09.11 13:56:53 INFO  no build target found for C:\Users\user\Downloads\dockerandaction\dockerandaction\src\main\java\com\container\dockerandaction\Api.java. Using fallback presentation compiler.
2026.09.11 13:57:00 INFO  no build target found for C:\Users\user\Downloads\dockerandaction\dockerandaction\src\main\java\com\container\dockerandaction\Api.java. Using fallback presentation compiler.
2026.09.11 13:57:00 INFO  no build target found for C:\Users\user\Downloads\dockerandaction\dockerandaction\src\main\java\com\container\dockerandaction\Api.java. Using fallback presentation compiler.
2026.09.11 13:57:04 INFO  no build target found for C:\Users\user\Downloads\dockerandaction\dockerandaction\src\main\java\com\container\dockerandaction\Api.java. Using fallback presentation compiler.
2026.09.11 13:57:04 INFO  no build target found for C:\Users\user\Downloads\dockerandaction\dockerandaction\src\main\java\com\container\dockerandaction\Api.java. Using fallback presentation compiler.
2026.09.11 13:57:05 INFO  no build target found for C:\Users\user\Downloads\dockerandaction\dockerandaction\src\main\java\com\container\dockerandaction\Api.java. Using fallback presentation compiler.
2026.09.11 13:57:06 INFO  no build target found for C:\Users\user\Downloads\dockerandaction\dockerandaction\src\main\java\com\container\dockerandaction\Api.java. Using fallback presentation compiler.
2026.09.11 13:57:06 INFO  no build target found for C:\Users\user\Downloads\dockerandaction\dockerandaction\src\main\java\com\container\dockerandaction\Api.java. Using fallback presentation compiler.
2026.09.11 13:57:07 INFO  no build target found for C:\Users\user\Downloads\dockerandaction\dockerandaction\src\main\java\com\container\dockerandaction\Api.java. Using fallback presentation compiler.
2026.09.11 13:57:07 INFO  no build target found for C:\Users\user\Downloads\dockerandaction\dockerandaction\src\test\java\com\container\dockerandaction\ApiControllerTest.java. Using fallback presentation compiler.
2026.09.11 13:57:08 WARN  no build target for: C:\Users\user\Downloads\dockerandaction\dockerandaction\src\test\java\com\container\dockerandaction\ApiControllerTest.java
2026.09.11 13:57:07 INFO  no build target found for C:\Users\user\Downloads\dockerandaction\dockerandaction\src\test\java\com\container\dockerandaction\ApiControllerTest.java. Using fallback presentation compiler.
2026.09.11 13:57:07 INFO  no build target found for C:\Users\user\Downloads\dockerandaction\dockerandaction\src\test\java\com\container\dockerandaction\ApiControllerTest.java. Using fallback presentation compiler.
2026.09.11 13:57:08 INFO  no build target found for C:\Users\user\Downloads\dockerandaction\dockerandaction\src\test\java\com\container\dockerandaction\ApiControllerTest.java. Using fallback presentation compiler.
2026.09.11 13:57:09 INFO  no build target found for C:\Users\user\Downloads\dockerandaction\dockerandaction\src\test\java\com\container\dockerandaction\ApiControllerTest.java. Using fallback presentation compiler.
2026.09.11 13:57:09 INFO  no build target found for C:\Users\user\Downloads\dockerandaction\dockerandaction\src\test\java\com\container\dockerandaction\ApiControllerTest.java. Using fallback presentation compiler.
2026.09.11 13:57:11 INFO  no build target found for C:\Users\user\Downloads\dockerandaction\dockerandaction\src\test\java\com\container\dockerandaction\ApiControllerTest.java. Using fallback presentation compiler.
2026.09.11 13:57:11 INFO  no build target found for C:\Users\user\Downloads\dockerandaction\dockerandaction\src\test\java\com\container\dockerandaction\ApiControllerTest.java. Using fallback presentation compiler.
2026.09.11 13:57:11 INFO  no build target found for C:\Users\user\Downloads\dockerandaction\dockerandaction\src\test\java\com\container\dockerandaction\ApiControllerTest.java. Using fallback presentation compiler.
2026.09.11 13:57:16 INFO  no build target found for C:\Users\user\Downloads\dockerandaction\dockerandaction\src\test\java\com\container\dockerandaction\ApiControllerTest.java. Using fallback presentation compiler.
2026.09.11 13:57:16 INFO  no build target found for C:\Users\user\Downloads\dockerandaction\dockerandaction\src\test\java\com\container\dockerandaction\ApiControllerTest.java. Using fallback presentation compiler.
2026.09.11 13:57:16 INFO  no build target found for C:\Users\user\Downloads\dockerandaction\dockerandaction\src\test\java\com\container\dockerandaction\ApiControllerTest.java. Using fallback presentation compiler.
Sept 11, 2026 1:57:17 PM org.eclipse.lsp4j.jsonrpc.RemoteEndpoint handleCancellation
WARNING: Unmatched cancel notification for request id 386
Sept 11, 2026 1:57:17 PM org.eclipse.lsp4j.jsonrpc.RemoteEndpoint handleCancellation
WARNING: Unmatched cancel notification for request id 384
2026.09.11 13:57:16 INFO  no build target found for C:\Users\user\Downloads\dockerandaction\dockerandaction\src\test\java\com\container\dockerandaction\ApiControllerTest.java. Using fallback presentation compiler.
Sept 11, 2026 1:57:17 PM org.eclipse.lsp4j.jsonrpc.RemoteEndpoint handleCancellation
WARNING: Unmatched cancel notification for request id 385
2026.09.11 13:57:16 INFO  no build target found for C:\Users\user\Downloads\dockerandaction\dockerandaction\src\test\java\com\container\dockerandaction\ApiControllerTest.java. Using fallback presentation compiler.
2026.09.11 13:57:18 INFO  no build target found for C:\Users\user\Downloads\dockerandaction\dockerandaction\src\test\java\com\container\dockerandaction\ApiControllerTest.java. Using fallback presentation compiler.
2026.09.11 13:57:18 INFO  no build target found for C:\Users\user\Downloads\dockerandaction\dockerandaction\src\test\java\com\container\dockerandaction\ApiControllerTest.java. Using fallback presentation compiler.
2026.09.11 13:57:19 INFO  no build target found for C:\Users\user\Downloads\dockerandaction\dockerandaction\src\test\java\com\container\dockerandaction\ApiControllerTest.java. Using fallback presentation compiler.
2026.09.11 13:57:20 INFO  no build target found for C:\Users\user\Downloads\dockerandaction\dockerandaction\src\test\java\com\container\dockerandaction\ApiControllerTest.java. Using fallback presentation compiler.
2026.09.11 13:57:27 INFO  no build target found for C:\Users\user\Downloads\dockerandaction\dockerandaction\src\main\java\com\container\dockerandaction\Api.java. Using fallback presentation compiler.
2026.09.11 13:57:27 WARN  no build target for: C:\Users\user\Downloads\dockerandaction\dockerandaction\src\main\java\com\container\dockerandaction\Api.java
2026.09.11 13:57:27 INFO  no build target found for C:\Users\user\Downloads\dockerandaction\dockerandaction\src\main\java\com\container\dockerandaction\Api.java. Using fallback presentation compiler.
2026.09.11 13:57:27 INFO  no build target found for C:\Users\user\Downloads\dockerandaction\dockerandaction\src\main\java\com\container\dockerandaction\Api.java. Using fallback presentation compiler.
2026.09.11 13:57:28 INFO  no build target found for C:\Users\user\Downloads\dockerandaction\dockerandaction\src\main\java\com\container\dockerandaction\Api.java. Using fallback presentation compiler.
2026.09.11 13:57:28 INFO  no build target found for C:\Users\user\Downloads\dockerandaction\dockerandaction\src\main\java\com\container\dockerandaction\Api.java. Using fallback presentation compiler.
2026.09.11 13:57:28 INFO  no build target found for C:\Users\user\Downloads\dockerandaction\dockerandaction\src\main\java\com\container\dockerandaction\Api.java. Using fallback presentation compiler.
2026.09.11 13:57:29 INFO  no build target found for C:\Users\user\Downloads\dockerandaction\dockerandaction\src\main\java\com\container\dockerandaction\Api.java. Using fallback presentation compiler.
2026.09.11 13:57:29 INFO  no build target found for C:\Users\user\Downloads\dockerandaction\dockerandaction\src\main\java\com\container\dockerandaction\Api.java. Using fallback presentation compiler.
Sept 11, 2026 1:57:30 PM org.eclipse.lsp4j.jsonrpc.RemoteEndpoint handleCancellation
WARNING: Unmatched cancel notification for request id 405
2026.09.11 13:57:29 INFO  no build target found for C:\Users\user\Downloads\dockerandaction\dockerandaction\src\test\java\com\container\dockerandaction\ApiControllerTest.java. Using fallback presentation compiler.
2026.09.11 13:57:30 WARN  no build target for: C:\Users\user\Downloads\dockerandaction\dockerandaction\src\test\java\com\container\dockerandaction\ApiControllerTest.java
2026.09.11 13:57:30 INFO  no build target found for C:\Users\user\Downloads\dockerandaction\dockerandaction\src\test\java\com\container\dockerandaction\ApiControllerTest.java. Using fallback presentation compiler.
2026.09.11 13:57:31 INFO  no build target found for C:\Users\user\Downloads\dockerandaction\dockerandaction\src\main\java\com\container\dockerandaction\Api.java. Using fallback presentation compiler.
2026.09.11 13:57:32 WARN  no build target for: C:\Users\user\Downloads\dockerandaction\dockerandaction\src\main\java\com\container\dockerandaction\Api.java
Sept 11, 2026 1:57:32 PM org.eclipse.lsp4j.jsonrpc.RemoteEndpoint handleCancellation
WARNING: Unmatched cancel notification for request id 410
2026.09.11 13:57:31 INFO  no build target found for C:\Users\user\Downloads\dockerandaction\dockerandaction\src\main\java\com\container\dockerandaction\Api.java. Using fallback presentation compiler.
2026.09.11 13:57:31 INFO  no build target found for C:\Users\user\Downloads\dockerandaction\dockerandaction\src\main\java\com\container\dockerandaction\Api.java. Using fallback presentation compiler.
2026.09.11 13:57:31 INFO  no build target found for C:\Users\user\Downloads\dockerandaction\dockerandaction\src\main\java\com\container\dockerandaction\Api.java. Using fallback presentation compiler.
2026.09.11 13:57:33 INFO  no build target found for C:\Users\user\Downloads\dockerandaction\dockerandaction\src\main\java\com\container\dockerandaction\Api.java. Using fallback presentation compiler.
2026.09.11 13:57:33 INFO  no build target found for C:\Users\user\Downloads\dockerandaction\dockerandaction\src\test\java\com\container\dockerandaction\ApiControllerTest.java. Using fallback presentation compiler.
2026.09.11 13:57:34 WARN  no build target for: C:\Users\user\Downloads\dockerandaction\dockerandaction\src\test\java\com\container\dockerandaction\ApiControllerTest.java
Sept 11, 2026 1:57:34 PM org.eclipse.lsp4j.jsonrpc.RemoteEndpoint handleCancellation
WARNING: Unmatched cancel notification for request id 416
2026.09.11 13:57:34 INFO  no build target found for C:\Users\user\Downloads\dockerandaction\dockerandaction\src\test\java\com\container\dockerandaction\ApiControllerTest.java. Using fallback presentation compiler.
2026.09.11 13:57:38 INFO  no build target found for C:\Users\user\Downloads\dockerandaction\dockerandaction\src\test\java\com\container\dockerandaction\ApiControllerTest.java. Using fallback presentation compiler.
2026.09.11 13:57:38 WARN  no build target for: C:\Users\user\Downloads\dockerandaction\dockerandaction\src\test\java\com\container\dockerandaction\ApiControllerTest.java
2026.09.11 13:57:39 INFO  no build target found for C:\Users\user\Downloads\dockerandaction\dockerandaction\src\test\java\com\container\dockerandaction\ApiControllerTest.java. Using fallback presentation compiler.
2026.09.11 13:57:40 INFO  no build target found for C:\Users\user\Downloads\dockerandaction\dockerandaction\src\test\java\com\container\dockerandaction\ApiControllerTest.java. Using fallback presentation compiler.
2026.09.11 13:57:41 INFO  no build target found for C:\Users\user\Downloads\dockerandaction\dockerandaction\src\test\java\com\container\dockerandaction\ApiControllerTest.java. Using fallback presentation compiler.
2026.09.11 13:57:41 INFO  no build target found for C:\Users\user\Downloads\dockerandaction\dockerandaction\src\test\java\com\container\dockerandaction\ApiControllerTest.java. Using fallback presentation compiler.
2026.09.11 13:57:41 INFO  no build target found for C:\Users\user\Downloads\dockerandaction\dockerandaction\src\test\java\com\container\dockerandaction\ApiControllerTest.java. Using fallback presentation compiler.
2026.09.11 13:57:41 INFO  no build target found for C:\Users\user\Downloads\dockerandaction\dockerandaction\src\test\java\com\container\dockerandaction\ApiControllerTest.java. Using fallback presentation compiler.
2026.09.11 13:57:41 INFO  no build target found for C:\Users\user\Downloads\dockerandaction\dockerandaction\src\test\java\com\container\dockerandaction\ApiControllerTest.java. Using fallback presentation compiler.
Sept 11, 2026 1:57:42 PM org.eclipse.lsp4j.jsonrpc.RemoteEndpoint handleCancellation
WARNING: Unmatched cancel notification for request id 431
2026.09.11 13:57:41 INFO  no build target found for C:\Users\user\Downloads\dockerandaction\dockerandaction\src\test\java\com\container\dockerandaction\ApiControllerTest.java. Using fallback presentation compiler.
2026.09.11 13:57:44 INFO  no build target found for C:\Users\user\Downloads\dockerandaction\dockerandaction\src\test\java\com\container\dockerandaction\ApiControllerTest.java. Using fallback presentation compiler.
2026.09.11 13:57:46 INFO  no build target found for C:\Users\user\Downloads\dockerandaction\dockerandaction\src\test\java\com\container\dockerandaction\ApiControllerTest.java. Using fallback presentation compiler.
2026.09.11 13:57:48 INFO  no build target found for C:\Users\user\Downloads\dockerandaction\dockerandaction\src\test\java\com\container\dockerandaction\ApiControllerTest.java. Using fallback presentation compiler.
2026.09.11 13:57:49 INFO  no build target found for C:\Users\user\Downloads\dockerandaction\dockerandaction\src\test\java\com\container\dockerandaction\ApiControllerTest.java. Using fallback presentation compiler.
2026.09.11 13:57:50 INFO  no build target found for C:\Users\user\Downloads\dockerandaction\dockerandaction\src\test\java\com\container\dockerandaction\ApiControllerTest.java. Using fallback presentation compiler.
2026.09.11 13:57:51 INFO  no build target found for C:\Users\user\Downloads\dockerandaction\dockerandaction\src\test\java\com\container\dockerandaction\ApiControllerTest.java. Using fallback presentation compiler.
2026.09.11 13:57:51 INFO  no build target found for C:\Users\user\Downloads\dockerandaction\dockerandaction\src\test\java\com\container\dockerandaction\ApiControllerTest.java. Using fallback presentation compiler.
Sept 11, 2026 1:57:51 PM org.eclipse.lsp4j.jsonrpc.RemoteEndpoint handleCancellation
WARNING: Unmatched cancel notification for request id 438
Sept 11, 2026 1:57:51 PM org.eclipse.lsp4j.jsonrpc.RemoteEndpoint handleCancellation
WARNING: Unmatched cancel notification for request id 439
2026.09.11 13:57:51 INFO  no build target found for C:\Users\user\Downloads\dockerandaction\dockerandaction\src\test\java\com\container\dockerandaction\ApiControllerTest.java. Using fallback presentation compiler.
2026.09.11 13:57:51 INFO  no build target found for C:\Users\user\Downloads\dockerandaction\dockerandaction\src\test\java\com\container\dockerandaction\ApiControllerTest.java. Using fallback presentation compiler.
2026.09.11 13:57:51 INFO  no build target found for C:\Users\user\Downloads\dockerandaction\dockerandaction\src\test\java\com\container\dockerandaction\ApiControllerTest.java. Using fallback presentation compiler.
2026.09.11 13:57:52 INFO  no build target found for C:\Users\user\Downloads\dockerandaction\dockerandaction\src\test\java\com\container\dockerandaction\ApiControllerTest.java. Using fallback presentation compiler.
Sept 11, 2026 1:57:53 PM org.eclipse.lsp4j.jsonrpc.RemoteEndpoint handleCancellation
WARNING: Unmatched cancel notification for request id 444
Sept 11, 2026 1:57:53 PM org.eclipse.lsp4j.jsonrpc.RemoteEndpoint handleCancellation
WARNING: Unmatched cancel notification for request id 445
2026.09.11 13:57:52 INFO  no build target found for C:\Users\user\Downloads\dockerandaction\dockerandaction\src\test\java\com\container\dockerandaction\ApiControllerTest.java. Using fallback presentation compiler.
2026.09.11 13:57:52 INFO  no build target found for C:\Users\user\Downloads\dockerandaction\dockerandaction\src\test\java\com\container\dockerandaction\ApiControllerTest.java. Using fallback presentation compiler.
Sept 11, 2026 1:57:53 PM org.eclipse.lsp4j.jsonrpc.RemoteEndpoint handleCancellation
WARNING: Unmatched cancel notification for request id 446
2026.09.11 13:57:52 INFO  no build target found for C:\Users\user\Downloads\dockerandaction\dockerandaction\src\test\java\com\container\dockerandaction\ApiControllerTest.java. Using fallback presentation compiler.
2026.09.11 13:57:52 INFO  no build target found for C:\Users\user\Downloads\dockerandaction\dockerandaction\src\test\java\com\container\dockerandaction\ApiControllerTest.java. Using fallback presentation compiler.
Sept 11, 2026 1:57:53 PM org.eclipse.lsp4j.jsonrpc.RemoteEndpoint handleCancellation
WARNING: Unmatched cancel notification for request id 449
Sept 11, 2026 1:57:53 PM org.eclipse.lsp4j.jsonrpc.RemoteEndpoint handleCancellation
WARNING: Unmatched cancel notification for request id 448
2026.09.11 13:57:52 INFO  no build target found for C:\Users\user\Downloads\dockerandaction\dockerandaction\src\test\java\com\container\dockerandaction\ApiControllerTest.java. Using fallback presentation compiler.
2026.09.11 13:57:52 INFO  no build target found for C:\Users\user\Downloads\dockerandaction\dockerandaction\src\test\java\com\container\dockerandaction\ApiControllerTest.java. Using fallback presentation compiler.
2026.09.11 13:57:54 INFO  no build target found for C:\Users\user\Downloads\dockerandaction\dockerandaction\src\test\java\com\container\dockerandaction\ApiControllerTest.java. Using fallback presentation compiler.
2026.09.11 13:57:54 INFO  no build target found for C:\Users\user\Downloads\dockerandaction\dockerandaction\src\test\java\com\container\dockerandaction\ApiControllerTest.java. Using fallback presentation compiler.
2026.09.11 13:57:56 INFO  no build target found for C:\Users\user\Downloads\dockerandaction\dockerandaction\src\test\java\com\container\dockerandaction\ApiControllerTest.java. Using fallback presentation compiler.
2026.09.11 13:57:56 INFO  no build target found for C:\Users\user\Downloads\dockerandaction\dockerandaction\src\test\java\com\container\dockerandaction\ApiControllerTest.java. Using fallback presentation compiler.
2026.09.11 13:57:57 INFO  no build target found for C:\Users\user\Downloads\dockerandaction\dockerandaction\src\test\java\com\container\dockerandaction\ApiControllerTest.java. Using fallback presentation compiler.
2026.09.11 13:57:57 INFO  no build target found for C:\Users\user\Downloads\dockerandaction\dockerandaction\src\test\java\com\container\dockerandaction\ApiControllerTest.java. Using fallback presentation compiler.
2026.09.11 13:58:01 WARN  no build target for: C:\Users\user\Downloads\dockerandaction\dockerandaction\src\test\java\com\container\dockerandaction\ApiControllerTest.java
Sept 11, 2026 1:58:01 PM org.eclipse.lsp4j.jsonrpc.RemoteEndpoint handleCancellation
WARNING: Unmatched cancel notification for request id 460
2026.09.11 13:58:02 INFO  no build target found for C:\Users\user\Downloads\dockerandaction\dockerandaction\src\test\java\com\container\dockerandaction\ApiControllerTest.java. Using fallback presentation compiler.
2026.09.11 13:58:02 INFO  no build target found for C:\Users\user\Downloads\dockerandaction\dockerandaction\src\test\java\com\container\dockerandaction\ApiControllerTest.java. Using fallback presentation compiler.
Sept 11, 2026 1:58:02 PM org.eclipse.lsp4j.jsonrpc.RemoteEndpoint handleCancellation
WARNING: Unmatched cancel notification for request id 462
2026.09.11 13:58:02 INFO  no build target found for C:\Users\user\Downloads\dockerandaction\dockerandaction\src\test\java\com\container\dockerandaction\ApiControllerTest.java. Using fallback presentation compiler.
Sept 11, 2026 1:58:02 PM org.eclipse.lsp4j.jsonrpc.RemoteEndpoint handleCancellation
WARNING: Unmatched cancel notification for request id 463
Sept 11, 2026 1:58:02 PM org.eclipse.lsp4j.jsonrpc.RemoteEndpoint handleCancellation
WARNING: Unmatched cancel notification for request id 464
2026.09.11 13:58:02 INFO  no build target found for C:\Users\user\Downloads\dockerandaction\dockerandaction\src\test\java\com\container\dockerandaction\ApiControllerTest.java. Using fallback presentation compiler.
2026.09.11 13:58:02 INFO  no build target found for C:\Users\user\Downloads\dockerandaction\dockerandaction\src\test\java\com\container\dockerandaction\ApiControllerTest.java. Using fallback presentation compiler.
2026.09.11 13:58:02 INFO  no build target found for C:\Users\user\Downloads\dockerandaction\dockerandaction\src\test\java\com\container\dockerandaction\ApiControllerTest.java. Using fallback presentation compiler.
2026.09.11 13:58:02 INFO  no build target found for C:\Users\user\Downloads\dockerandaction\dockerandaction\src\test\java\com\container\dockerandaction\ApiControllerTest.java. Using fallback presentation compiler.
Sept 11, 2026 1:58:02 PM org.eclipse.lsp4j.jsonrpc.RemoteEndpoint handleCancellation
WARNING: Unmatched cancel notification for request id 470
Sept 11, 2026 1:58:02 PM org.eclipse.lsp4j.jsonrpc.RemoteEndpoint handleCancellation
WARNING: Unmatched cancel notification for request id 471
2026.09.11 13:58:02 INFO  no build target found for C:\Users\user\Downloads\dockerandaction\dockerandaction\src\test\java\com\container\dockerandaction\ApiControllerTest.java. Using fallback presentation compiler.
Sept 11, 2026 1:58:02 PM org.eclipse.lsp4j.jsonrpc.RemoteEndpoint handleCancellation
WARNING: Unmatched cancel notification for request id 468
2026.09.11 13:58:02 INFO  no build target found for C:\Users\user\Downloads\dockerandaction\dockerandaction\src\test\java\com\container\dockerandaction\ApiControllerTest.java. Using fallback presentation compiler.
2026.09.11 13:58:02 INFO  no build target found for C:\Users\user\Downloads\dockerandaction\dockerandaction\src\test\java\com\container\dockerandaction\ApiControllerTest.java. Using fallback presentation compiler.
2026.09.11 13:58:02 WARN  no build target for: C:\Users\user\Downloads\dockerandaction\dockerandaction\src\test\java\com\container\dockerandaction\ApiControllerTest.java
Sept 11, 2026 1:58:03 PM org.eclipse.lsp4j.jsonrpc.RemoteEndpoint handleCancellation
WARNING: Unmatched cancel notification for request id 473
2026.09.11 13:58:03 INFO  no build target found for C:\Users\user\Downloads\dockerandaction\dockerandaction\src\test\java\com\container\dockerandaction\ApiControllerTest.java. Using fallback presentation compiler.
Sept 11, 2026 1:58:03 PM org.eclipse.lsp4j.jsonrpc.RemoteEndpoint handleCancellation
WARNING: Unmatched cancel notification for request id 475
2026.09.11 13:58:03 INFO  no build target found for C:\Users\user\Downloads\dockerandaction\dockerandaction\src\test\java\com\container\dockerandaction\ApiControllerTest.java. Using fallback presentation compiler.
2026.09.11 13:58:03 INFO  no build target found for C:\Users\user\Downloads\dockerandaction\dockerandaction\src\test\java\com\container\dockerandaction\ApiControllerTest.java. Using fallback presentation compiler.
2026.09.11 13:58:04 INFO  no build target found for C:\Users\user\Downloads\dockerandaction\dockerandaction\src\test\java\com\container\dockerandaction\ApiControllerTest.java. Using fallback presentation compiler.
2026.09.11 13:58:04 INFO  no build target found for C:\Users\user\Downloads\dockerandaction\dockerandaction\src\test\java\com\container\dockerandaction\ApiControllerTest.java. Using fallback presentation compiler.
2026.09.11 13:58:04 INFO  no build target found for C:\Users\user\Downloads\dockerandaction\dockerandaction\src\test\java\com\container\dockerandaction\ApiControllerTest.java. Using fallback presentation compiler.
2026.09.11 13:58:06 INFO  no build target found for C:\Users\user\Downloads\dockerandaction\dockerandaction\src\test\java\com\container\dockerandaction\ApiControllerTest.java. Using fallback presentation compiler.
2026.09.11 13:58:06 INFO  no build target found for C:\Users\user\Downloads\dockerandaction\dockerandaction\src\test\java\com\container\dockerandaction\ApiControllerTest.java. Using fallback presentation compiler.
2026.09.11 13:58:06 INFO  no build target found for C:\Users\user\Downloads\dockerandaction\dockerandaction\src\test\java\com\container\dockerandaction\ApiControllerTest.java. Using fallback presentation compiler.
2026.09.11 13:58:06 INFO  no build target found for C:\Users\user\Downloads\dockerandaction\dockerandaction\src\test\java\com\container\dockerandaction\ApiControllerTest.java. Using fallback presentation compiler.
2026.09.11 13:58:07 WARN  no build target for: C:\Users\user\Downloads\dockerandaction\dockerandaction\src\test\java\com\container\dockerandaction\ApiControllerTest.java
2026.09.11 13:58:07 INFO  no build target found for C:\Users\user\Downloads\dockerandaction\dockerandaction\src\test\java\com\container\dockerandaction\ApiControllerTest.java. Using fallback presentation compiler.
2026.09.11 13:58:07 INFO  no build target found for C:\Users\user\Downloads\dockerandaction\dockerandaction\src\test\java\com\container\dockerandaction\ApiControllerTest.java. Using fallback presentation compiler.
Sept 11, 2026 1:58:08 PM org.eclipse.lsp4j.jsonrpc.RemoteEndpoint handleCancellation
WARNING: Unmatched cancel notification for request id 491
2026.09.11 13:58:07 INFO  no build target found for C:\Users\user\Downloads\dockerandaction\dockerandaction\src\test\java\com\container\dockerandaction\ApiControllerTest.java. Using fallback presentation compiler.
2026.09.11 13:58:07 INFO  no build target found for C:\Users\user\Downloads\dockerandaction\dockerandaction\src\test\java\com\container\dockerandaction\ApiControllerTest.java. Using fallback presentation compiler.
2026.09.11 13:58:07 INFO  no build target found for C:\Users\user\Downloads\dockerandaction\dockerandaction\src\test\java\com\container\dockerandaction\ApiControllerTest.java. Using fallback presentation compiler.
2026.09.11 13:58:07 INFO  no build target found for C:\Users\user\Downloads\dockerandaction\dockerandaction\src\test\java\com\container\dockerandaction\ApiControllerTest.java. Using fallback presentation compiler.
Sept 11, 2026 1:58:08 PM org.eclipse.lsp4j.jsonrpc.RemoteEndpoint handleCancellation
WARNING: Unmatched cancel notification for request id 494
2026.09.11 13:58:09 INFO  no build target found for C:\Users\user\Downloads\dockerandaction\dockerandaction\src\test\java\com\container\dockerandaction\ApiControllerTest.java. Using fallback presentation compiler.
2026.09.11 13:58:09 INFO  no build target found for C:\Users\user\Downloads\dockerandaction\dockerandaction\src\test\java\com\container\dockerandaction\ApiControllerTest.java. Using fallback presentation compiler.
2026.09.11 13:58:09 INFO  no build target found for C:\Users\user\Downloads\dockerandaction\dockerandaction\src\test\java\com\container\dockerandaction\ApiControllerTest.java. Using fallback presentation compiler.
2026.09.11 13:58:09 INFO  no build target found for C:\Users\user\Downloads\dockerandaction\dockerandaction\src\test\java\com\container\dockerandaction\ApiControllerTest.java. Using fallback presentation compiler.
2026.09.11 13:58:11 INFO  no build target found for C:\Users\user\Downloads\dockerandaction\dockerandaction\src\test\java\com\container\dockerandaction\ApiControllerTest.java. Using fallback presentation compiler.
2026.09.11 13:58:11 INFO  no build target found for C:\Users\user\Downloads\dockerandaction\dockerandaction\src\test\java\com\container\dockerandaction\ApiControllerTest.java. Using fallback presentation compiler.
Sept 11, 2026 1:58:12 PM org.eclipse.lsp4j.jsonrpc.RemoteEndpoint handleCancellation
WARNING: Unmatched cancel notification for request id 503
2026.09.11 13:58:12 INFO  no build target found for C:\Users\user\Downloads\dockerandaction\dockerandaction\src\test\java\com\container\dockerandaction\ApiControllerTest.java. Using fallback presentation compiler.
2026.09.11 13:58:11 INFO  no build target found for C:\Users\user\Downloads\dockerandaction\dockerandaction\src\test\java\com\container\dockerandaction\ApiControllerTest.java. Using fallback presentation compiler.
2026.09.11 13:58:11 INFO  no build target found for C:\Users\user\Downloads\dockerandaction\dockerandaction\src\test\java\com\container\dockerandaction\ApiControllerTest.java. Using fallback presentation compiler.
2026.09.11 13:58:12 INFO  no build target found for C:\Users\user\Downloads\dockerandaction\dockerandaction\src\test\java\com\container\dockerandaction\ApiControllerTest.java. Using fallback presentation compiler.
Sept 11, 2026 1:58:12 PM org.eclipse.lsp4j.jsonrpc.RemoteEndpoint handleCancellation
WARNING: Unmatched cancel notification for request id 506
2026.09.11 13:58:12 INFO  no build target found for C:\Users\user\Downloads\dockerandaction\dockerandaction\src\test\java\com\container\dockerandaction\ApiControllerTest.java. Using fallback presentation compiler.
2026.09.11 13:58:12 INFO  no build target found for C:\Users\user\Downloads\dockerandaction\dockerandaction\src\test\java\com\container\dockerandaction\ApiControllerTest.java. Using fallback presentation compiler.
2026.09.11 13:58:14 INFO  no build target found for C:\Users\user\Downloads\dockerandaction\dockerandaction\src\test\java\com\container\dockerandaction\ApiControllerTest.java. Using fallback presentation compiler.
2026.09.11 13:58:16 INFO  no build target found for C:\Users\user\Downloads\dockerandaction\dockerandaction\src\test\java\com\container\dockerandaction\ApiControllerTest.java. Using fallback presentation compiler.
2026.09.11 13:58:17 INFO  no build target found for C:\Users\user\Downloads\dockerandaction\dockerandaction\src\test\java\com\container\dockerandaction\ApiControllerTest.java. Using fallback presentation compiler.
2026.09.11 13:58:17 INFO  no build target found for C:\Users\user\Downloads\dockerandaction\dockerandaction\src\test\java\com\container\dockerandaction\ApiControllerTest.java. Using fallback presentation compiler.
2026.09.11 13:58:17 INFO  no build target found for C:\Users\user\Downloads\dockerandaction\dockerandaction\src\test\java\com\container\dockerandaction\ApiControllerTest.java. Using fallback presentation compiler.
2026.09.11 13:58:17 INFO  no build target found for C:\Users\user\Downloads\dockerandaction\dockerandaction\src\test\java\com\container\dockerandaction\ApiControllerTest.java. Using fallback presentation compiler.
2026.09.11 13:58:17 INFO  no build target found for C:\Users\user\Downloads\dockerandaction\dockerandaction\src\test\java\com\container\dockerandaction\ApiControllerTest.java. Using fallback presentation compiler.
2026.09.11 13:58:17 INFO  no build target found for C:\Users\user\Downloads\dockerandaction\dockerandaction\src\test\java\com\container\dockerandaction\ApiControllerTest.java. Using fallback presentation compiler.
Sept 11, 2026 1:58:18 PM org.eclipse.lsp4j.jsonrpc.RemoteEndpoint handleCancellation
WARNING: Unmatched cancel notification for request id 518
2026.09.11 13:58:18 INFO  no build target found for C:\Users\user\Downloads\dockerandaction\dockerandaction\src\test\java\com\container\dockerandaction\ApiControllerTest.java. Using fallback presentation compiler.
2026.09.11 13:58:18 INFO  no build target found for C:\Users\user\Downloads\dockerandaction\dockerandaction\src\test\java\com\container\dockerandaction\ApiControllerTest.java. Using fallback presentation compiler.
2026.09.11 13:58:18 INFO  no build target found for C:\Users\user\Downloads\dockerandaction\dockerandaction\src\test\java\com\container\dockerandaction\ApiControllerTest.java. Using fallback presentation compiler.
2026.09.11 13:58:18 INFO  no build target found for C:\Users\user\Downloads\dockerandaction\dockerandaction\src\test\java\com\container\dockerandaction\ApiControllerTest.java. Using fallback presentation compiler.
2026.09.11 13:58:18 INFO  no build target found for C:\Users\user\Downloads\dockerandaction\dockerandaction\src\test\java\com\container\dockerandaction\ApiControllerTest.java. Using fallback presentation compiler.
2026.09.11 13:58:19 INFO  no build target found for C:\Users\user\Downloads\dockerandaction\dockerandaction\src\test\java\com\container\dockerandaction\ApiControllerTest.java. Using fallback presentation compiler.
2026.09.11 13:58:19 INFO  no build target found for C:\Users\user\Downloads\dockerandaction\dockerandaction\src\test\java\com\container\dockerandaction\ApiControllerTest.java. Using fallback presentation compiler.
2026.09.11 13:58:20 WARN  Running javac-semanticdb failed for file:///C:/Users/user/Downloads/dockerandaction/dockerandaction/src/test/java/com/container/dockerandaction/ApiControllerTest.java. Output:

2026.09.11 13:58:19 INFO  no build target found for C:\Users\user\Downloads\dockerandaction\dockerandaction\src\test\java\com\container\dockerandaction\ApiControllerTest.java. Using fallback presentation compiler.
2026.09.11 13:58:21 INFO  no build target found for C:\Users\user\Downloads\dockerandaction\dockerandaction\src\test\java\com\container\dockerandaction\ApiControllerTest.java. Using fallback presentation compiler.
2026.09.11 13:58:21 WARN  no build target for: C:\Users\user\Downloads\dockerandaction\dockerandaction\src\test\java\com\container\dockerandaction\ApiControllerTest.java
2026.09.11 13:58:21 INFO  no build target found for C:\Users\user\Downloads\dockerandaction\dockerandaction\src\test\java\com\container\dockerandaction\ApiControllerTest.java. Using fallback presentation compiler.
2026.09.11 13:58:21 INFO  no build target found for C:\Users\user\Downloads\dockerandaction\dockerandaction\src\test\java\com\container\dockerandaction\ApiControllerTest.java. Using fallback presentation compiler.
2026.09.11 13:58:22 INFO  no build target found for C:\Users\user\Downloads\dockerandaction\dockerandaction\src\test\java\com\container\dockerandaction\ApiControllerTest.java. Using fallback presentation compiler.
2026.09.11 13:58:22 INFO  no build target found for C:\Users\user\Downloads\dockerandaction\dockerandaction\src\test\java\com\container\dockerandaction\ApiControllerTest.java. Using fallback presentation compiler.
2026.09.11 13:58:23 INFO  no build target found for C:\Users\user\Downloads\dockerandaction\dockerandaction\src\test\java\com\container\dockerandaction\ApiControllerTest.java. Using fallback presentation compiler.
2026.09.11 13:58:24 INFO  no build target found for C:\Users\user\Downloads\dockerandaction\dockerandaction\src\test\java\com\container\dockerandaction\ApiControllerTest.java. Using fallback presentation compiler.
Sept 11, 2026 1:58:25 PM org.eclipse.lsp4j.jsonrpc.RemoteEndpoint handleCancellation
WARNING: Unmatched cancel notification for request id 537
2026.09.11 13:58:24 INFO  no build target found for C:\Users\user\Downloads\dockerandaction\dockerandaction\src\test\java\com\container\dockerandaction\ApiControllerTest.java. Using fallback presentation compiler.
2026.09.11 13:58:24 INFO  no build target found for C:\Users\user\Downloads\dockerandaction\dockerandaction\src\test\java\com\container\dockerandaction\ApiControllerTest.java. Using fallback presentation compiler.
2026.09.11 13:58:25 INFO  no build target found for C:\Users\user\Downloads\dockerandaction\dockerandaction\src\test\java\com\container\dockerandaction\ApiControllerTest.java. Using fallback presentation compiler.
2026.09.11 13:58:25 INFO  no build target found for C:\Users\user\Downloads\dockerandaction\dockerandaction\src\test\java\com\container\dockerandaction\ApiControllerTest.java. Using fallback presentation compiler.
2026.09.11 13:58:25 INFO  no build target found for C:\Users\user\Downloads\dockerandaction\dockerandaction\src\test\java\com\container\dockerandaction\ApiControllerTest.java. Using fallback presentation compiler.
2026.09.11 13:58:25 INFO  no build target found for C:\Users\user\Downloads\dockerandaction\dockerandaction\src\test\java\com\container\dockerandaction\ApiControllerTest.java. Using fallback presentation compiler.
2026.09.11 13:58:31 INFO  no build target found for C:\Users\user\Downloads\dockerandaction\dockerandaction\src\test\java\com\container\dockerandaction\ApiControllerTest.java. Using fallback presentation compiler.
2026.09.11 13:58:33 INFO  no build target found for C:\Users\user\Downloads\dockerandaction\dockerandaction\src\test\java\com\container\dockerandaction\ApiControllerTest.java. Using fallback presentation compiler.
2026.09.11 13:58:33 INFO  no build target found for C:\Users\user\Downloads\dockerandaction\dockerandaction\src\test\java\com\container\dockerandaction\ApiControllerTest.java. Using fallback presentation compiler.
2026.09.11 13:58:34 INFO  no build target found for C:\Users\user\Downloads\dockerandaction\dockerandaction\src\test\java\com\container\dockerandaction\ApiControllerTest.java. Using fallback presentation compiler.
2026.09.11 13:58:34 INFO  no build target found for C:\Users\user\Downloads\dockerandaction\dockerandaction\src\test\java\com\container\dockerandaction\ApiControllerTest.java. Using fallback presentation compiler.
2026.09.11 13:58:40 INFO  no build target found for C:\Users\user\Downloads\dockerandaction\dockerandaction\src\test\java\com\container\dockerandaction\ApiControllerTest.java. Using fallback presentation compiler.
2026.09.11 13:58:42 INFO  no build target found for C:\Users\user\Downloads\dockerandaction\dockerandaction\src\test\java\com\container\dockerandaction\ApiControllerTest.java. Using fallback presentation compiler.
2026.09.11 13:58:44 INFO  no build target found for C:\Users\user\Downloads\dockerandaction\dockerandaction\src\test\java\com\container\dockerandaction\ApiControllerTest.java. Using fallback presentation compiler.
2026.09.11 13:58:44 INFO  no build target found for C:\Users\user\Downloads\dockerandaction\dockerandaction\src\test\java\com\container\dockerandaction\ApiControllerTest.java. Using fallback presentation compiler.
2026.09.11 13:58:47 INFO  no build target found for C:\Users\user\Downloads\dockerandaction\dockerandaction\src\test\java\com\container\dockerandaction\ApiControllerTest.java. Using fallback presentation compiler.
2026.09.11 13:58:54 INFO  no build target found for C:\Users\user\Downloads\dockerandaction\dockerandaction\src\test\java\com\container\dockerandaction\ApiControllerTest.java. Using fallback presentation compiler.
2026.09.11 13:58:54 WARN  no build target for: C:\Users\user\Downloads\dockerandaction\dockerandaction\src\test\java\com\container\dockerandaction\ApiControllerTest.java
2026.09.11 13:58:54 INFO  no build target found for C:\Users\user\Downloads\dockerandaction\dockerandaction\src\test\java\com\container\dockerandaction\ApiControllerTest.java. Using fallback presentation compiler.
2026.09.11 13:58:54 INFO  no build target found for C:\Users\user\Downloads\dockerandaction\dockerandaction\src\test\java\com\container\dockerandaction\ApiControllerTest.java. Using fallback presentation compiler.
2026.09.11 13:58:55 INFO  no build target found for C:\Users\user\Downloads\dockerandaction\dockerandaction\src\test\java\com\container\dockerandaction\ApiControllerTest.java. Using fallback presentation compiler.
2026.09.11 13:58:56 INFO  no build target found for C:\Users\user\Downloads\dockerandaction\dockerandaction\src\test\java\com\container\dockerandaction\ApiControllerTest.java. Using fallback presentation compiler.
2026.09.11 13:58:56 INFO  no build target found for C:\Users\user\Downloads\dockerandaction\dockerandaction\src\test\java\com\container\dockerandaction\ApiControllerTest.java. Using fallback presentation compiler.
2026.09.11 13:58:56 INFO  no build target found for C:\Users\user\Downloads\dockerandaction\dockerandaction\src\test\java\com\container\dockerandaction\ApiControllerTest.java. Using fallback presentation compiler.
2026.09.11 13:58:57 INFO  no build target found for C:\Users\user\Downloads\dockerandaction\dockerandaction\src\test\java\com\container\dockerandaction\ApiControllerTest.java. Using fallback presentation compiler.
2026.09.11 13:58:57 INFO  no build target found for C:\Users\user\Downloads\dockerandaction\dockerandaction\src\test\java\com\container\dockerandaction\ApiControllerTest.java. Using fallback presentation compiler.
2026.09.11 13:58:59 INFO  no build target found for C:\Users\user\Downloads\dockerandaction\dockerandaction\src\test\java\com\container\dockerandaction\ApiControllerTest.java. Using fallback presentation compiler.
2026.09.11 13:59:00 INFO  no build target found for C:\Users\user\Downloads\dockerandaction\dockerandaction\src\test\java\com\container\dockerandaction\ApiControllerTest.java. Using fallback presentation compiler.
2026.09.11 13:59:00 INFO  no build target found for C:\Users\user\Downloads\dockerandaction\dockerandaction\src\test\java\com\container\dockerandaction\ApiControllerTest.java. Using fallback presentation compiler.
2026.09.11 13:59:02 INFO  no build target found for C:\Users\user\Downloads\dockerandaction\dockerandaction\src\test\java\com\container\dockerandaction\ApiControllerTest.java. Using fallback presentation compiler.
2026.09.11 13:59:02 INFO  no build target found for C:\Users\user\Downloads\dockerandaction\dockerandaction\src\test\java\com\container\dockerandaction\ApiControllerTest.java. Using fallback presentation compiler.
2026.09.11 13:59:04 INFO  no build target found for C:\Users\user\Downloads\dockerandaction\dockerandaction\src\test\java\com\container\dockerandaction\ApiControllerTest.java. Using fallback presentation compiler.
2026.09.11 13:59:06 INFO  no build target found for C:\Users\user\Downloads\dockerandaction\dockerandaction\src\test\java\com\container\dockerandaction\ApiControllerTest.java. Using fallback presentation compiler.
2026.09.11 13:59:07 INFO  no build target found for C:\Users\user\Downloads\dockerandaction\dockerandaction\src\test\java\com\container\dockerandaction\ApiControllerTest.java. Using fallback presentation compiler.
2026.09.11 13:59:08 INFO  no build target found for C:\Users\user\Downloads\dockerandaction\dockerandaction\src\test\java\com\container\dockerandaction\ApiControllerTest.java. Using fallback presentation compiler.
2026.09.11 13:59:08 INFO  no build target found for C:\Users\user\Downloads\dockerandaction\dockerandaction\src\test\java\com\container\dockerandaction\ApiControllerTest.java. Using fallback presentation compiler.
2026.09.11 13:59:10 INFO  no build target found for C:\Users\user\Downloads\dockerandaction\dockerandaction\src\test\java\com\container\dockerandaction\ApiControllerTest.java. Using fallback presentation compiler.
2026.09.11 13:59:13 INFO  no build target found for C:\Users\user\Downloads\dockerandaction\dockerandaction\src\test\java\com\container\dockerandaction\ApiControllerTest.java. Using fallback presentation compiler.
2026.09.11 13:59:13 INFO  no build target found for C:\Users\user\Downloads\dockerandaction\dockerandaction\src\test\java\com\container\dockerandaction\ApiControllerTest.java. Using fallback presentation compiler.
2026.09.11 13:59:13 INFO  no build target found for C:\Users\user\Downloads\dockerandaction\dockerandaction\src\test\java\com\container\dockerandaction\ApiControllerTest.java. Using fallback presentation compiler.
2026.09.11 13:59:14 INFO  no build target found for C:\Users\user\Downloads\dockerandaction\dockerandaction\src\test\java\com\container\dockerandaction\ApiControllerTest.java. Using fallback presentation compiler.
2026.09.11 13:59:17 INFO  no build target found for C:\Users\user\Downloads\dockerandaction\dockerandaction\src\test\java\com\container\dockerandaction\ApiControllerTest.java. Using fallback presentation compiler.
2026.09.11 13:59:17 INFO  no build target found for C:\Users\user\Downloads\dockerandaction\dockerandaction\src\test\java\com\container\dockerandaction\ApiControllerTest.java. Using fallback presentation compiler.
2026.09.11 13:59:21 INFO  no build target found for C:\Users\user\Downloads\dockerandaction\dockerandaction\src\test\java\com\container\dockerandaction\ApiControllerTest.java. Using fallback presentation compiler.
2026.09.11 13:59:23 INFO  no build target found for C:\Users\user\Downloads\dockerandaction\dockerandaction\src\test\java\com\container\dockerandaction\ApiControllerTest.java. Using fallback presentation compiler.
2026.09.11 13:59:24 INFO  no build target found for C:\Users\user\Downloads\dockerandaction\dockerandaction\src\test\java\com\container\dockerandaction\ApiControllerTest.java. Using fallback presentation compiler.
2026.09.11 13:59:26 INFO  no build target found for C:\Users\user\Downloads\dockerandaction\dockerandaction\src\test\java\com\container\dockerandaction\ApiControllerTest.java. Using fallback presentation compiler.
2026.09.11 13:59:26 INFO  no build target found for C:\Users\user\Downloads\dockerandaction\dockerandaction\src\test\java\com\container\dockerandaction\ApiControllerTest.java. Using fallback presentation compiler.
2026.09.11 13:59:28 INFO  no build target found for C:\Users\user\Downloads\dockerandaction\dockerandaction\src\test\java\com\container\dockerandaction\ApiControllerTest.java. Using fallback presentation compiler.
2026.09.11 13:59:32 INFO  no build target found for C:\Users\user\Downloads\dockerandaction\dockerandaction\src\test\java\com\container\dockerandaction\ApiControllerTest.java. Using fallback presentation compiler.
2026.09.11 13:59:34 INFO  no build target found for C:\Users\user\Downloads\dockerandaction\dockerandaction\src\test\java\com\container\dockerandaction\ApiControllerTest.java. Using fallback presentation compiler.
2026.09.11 13:59:34 INFO  no build target found for C:\Users\user\Downloads\dockerandaction\dockerandaction\src\test\java\com\container\dockerandaction\ApiControllerTest.java. Using fallback presentation compiler.
2026.09.11 13:59:36 INFO  no build target found for C:\Users\user\Downloads\dockerandaction\dockerandaction\src\test\java\com\container\dockerandaction\ApiControllerTest.java. Using fallback presentation compiler.
2026.09.11 13:59:36 INFO  no build target found for C:\Users\user\Downloads\dockerandaction\dockerandaction\src\test\java\com\container\dockerandaction\ApiControllerTest.java. Using fallback presentation compiler.
2026.09.11 13:59:37 INFO  no build target found for C:\Users\user\Downloads\dockerandaction\dockerandaction\src\test\java\com\container\dockerandaction\ApiControllerTest.java. Using fallback presentation compiler.
2026.09.11 13:59:37 INFO  no build target found for C:\Users\user\Downloads\dockerandaction\dockerandaction\src\test\java\com\container\dockerandaction\ApiControllerTest.java. Using fallback presentation compiler.
2026.09.11 13:59:39 INFO  no build target found for C:\Users\user\Downloads\dockerandaction\dockerandaction\src\test\java\com\container\dockerandaction\ApiControllerTest.java. Using fallback presentation compiler.
2026.09.11 13:59:40 INFO  no build target found for C:\Users\user\Downloads\dockerandaction\dockerandaction\src\test\java\com\container\dockerandaction\ApiControllerTest.java. Using fallback presentation compiler.
2026.09.11 13:59:40 INFO  no build target found for C:\Users\user\Downloads\dockerandaction\dockerandaction\src\test\java\com\container\dockerandaction\ApiControllerTest.java. Using fallback presentation compiler.
2026.09.11 13:59:42 INFO  no build target found for C:\Users\user\Downloads\dockerandaction\dockerandaction\src\test\java\com\container\dockerandaction\ApiControllerTest.java. Using fallback presentation compiler.
2026.09.11 13:59:44 INFO  no build target found for C:\Users\user\Downloads\dockerandaction\dockerandaction\src\test\java\com\container\dockerandaction\ApiControllerTest.java. Using fallback presentation compiler.
2026.09.11 13:59:44 INFO  no build target found for C:\Users\user\Downloads\dockerandaction\dockerandaction\src\test\java\com\container\dockerandaction\ApiControllerTest.java. Using fallback presentation compiler.
2026.09.11 13:59:45 INFO  no build target found for C:\Users\user\Downloads\dockerandaction\dockerandaction\src\test\java\com\container\dockerandaction\ApiControllerTest.java. Using fallback presentation compiler.
2026.09.11 13:59:47 INFO  no build target found for C:\Users\user\Downloads\dockerandaction\dockerandaction\src\test\java\com\container\dockerandaction\ApiControllerTest.java. Using fallback presentation compiler.
2026.09.11 13:59:49 INFO  no build target found for C:\Users\user\Downloads\dockerandaction\dockerandaction\src\test\java\com\container\dockerandaction\ApiControllerTest.java. Using fallback presentation compiler.
2026.09.11 13:59:49 INFO  no build target found for C:\Users\user\Downloads\dockerandaction\dockerandaction\src\test\java\com\container\dockerandaction\ApiControllerTest.java. Using fallback presentation compiler.
2026.09.11 13:59:52 INFO  no build target found for C:\Users\user\Downloads\dockerandaction\dockerandaction\src\test\java\com\container\dockerandaction\ApiControllerTest.java. Using fallback presentation compiler.
2026.09.11 13:59:53 INFO  no build target found for C:\Users\user\Downloads\dockerandaction\dockerandaction\src\test\java\com\container\dockerandaction\ApiControllerTest.java. Using fallback presentation compiler.
2026.09.11 13:59:53 INFO  no build target found for C:\Users\user\Downloads\dockerandaction\dockerandaction\src\test\java\com\container\dockerandaction\ApiControllerTest.java. Using fallback presentation compiler.
2026.09.11 13:59:54 INFO  no build target found for C:\Users\user\Downloads\dockerandaction\dockerandaction\src\test\java\com\container\dockerandaction\ApiControllerTest.java. Using fallback presentation compiler.
2026.09.11 13:59:54 INFO  no build target found for C:\Users\user\Downloads\dockerandaction\dockerandaction\src\test\java\com\container\dockerandaction\ApiControllerTest.java. Using fallback presentation compiler.
2026.09.11 13:59:57 INFO  no build target found for C:\Users\user\Downloads\dockerandaction\dockerandaction\src\test\java\com\container\dockerandaction\ApiControllerTest.java. Using fallback presentation compiler.
2026.09.11 13:59:57 INFO  no build target found for C:\Users\user\Downloads\dockerandaction\dockerandaction\src\test\java\com\container\dockerandaction\ApiControllerTest.java. Using fallback presentation compiler.
2026.09.11 13:59:59 INFO  no build target found for C:\Users\user\Downloads\dockerandaction\dockerandaction\src\test\java\com\container\dockerandaction\ApiControllerTest.java. Using fallback presentation compiler.
2026.09.11 13:59:59 INFO  no build target found for C:\Users\user\Downloads\dockerandaction\dockerandaction\src\test\java\com\container\dockerandaction\ApiControllerTest.java. Using fallback presentation compiler.
2026.09.11 14:00:00 INFO  no build target found for C:\Users\user\Downloads\dockerandaction\dockerandaction\src\test\java\com\container\dockerandaction\ApiControllerTest.java. Using fallback presentation compiler.
2026.09.11 14:00:04 INFO  no build target found for C:\Users\user\Downloads\dockerandaction\dockerandaction\src\test\java\com\container\dockerandaction\ApiControllerTest.java. Using fallback presentation compiler.
2026.09.11 14:00:05 INFO  no build target found for C:\Users\user\Downloads\dockerandaction\dockerandaction\src\test\java\com\container\dockerandaction\ApiControllerTest.java. Using fallback presentation compiler.
2026.09.11 14:00:05 INFO  no build target found for C:\Users\user\Downloads\dockerandaction\dockerandaction\src\test\java\com\container\dockerandaction\ApiControllerTest.java. Using fallback presentation compiler.
2026.09.11 14:00:07 INFO  no build target found for C:\Users\user\Downloads\dockerandaction\dockerandaction\src\test\java\com\container\dockerandaction\ApiControllerTest.java. Using fallback presentation compiler.
2026.09.11 14:00:08 INFO  no build target found for C:\Users\user\Downloads\dockerandaction\dockerandaction\src\test\java\com\container\dockerandaction\ApiControllerTest.java. Using fallback presentation compiler.
2026.09.11 14:00:08 INFO  no build target found for C:\Users\user\Downloads\dockerandaction\dockerandaction\src\test\java\com\container\dockerandaction\ApiControllerTest.java. Using fallback presentation compiler.
2026.09.11 14:00:10 INFO  no build target found for C:\Users\user\Downloads\dockerandaction\dockerandaction\src\test\java\com\container\dockerandaction\ApiControllerTest.java. Using fallback presentation compiler.
2026.09.11 14:00:10 INFO  no build target found for C:\Users\user\Downloads\dockerandaction\dockerandaction\src\test\java\com\container\dockerandaction\ApiControllerTest.java. Using fallback presentation compiler.
2026.09.11 14:00:12 INFO  no build target found for C:\Users\user\Downloads\dockerandaction\dockerandaction\src\test\java\com\container\dockerandaction\ApiControllerTest.java. Using fallback presentation compiler.
2026.09.11 14:00:12 INFO  no build target found for C:\Users\user\Downloads\dockerandaction\dockerandaction\src\test\java\com\container\dockerandaction\ApiControllerTest.java. Using fallback presentation compiler.
2026.09.11 14:00:19 INFO  no build target found for C:\Users\user\Downloads\dockerandaction\dockerandaction\src\test\java\com\container\dockerandaction\ApiControllerTest.java. Using fallback presentation compiler.
2026.09.11 14:00:27 INFO  no build target found for C:\Users\user\Downloads\dockerandaction\dockerandaction\src\test\java\com\container\dockerandaction\ApiControllerTest.java. Using fallback presentation compiler.
2026.09.11 14:00:28 INFO  no build target found for C:\Users\user\Downloads\dockerandaction\dockerandaction\src\test\java\com\container\dockerandaction\ApiControllerTest.java. Using fallback presentation compiler.
2026.09.11 14:00:35 INFO  no build target found for C:\Users\user\Downloads\dockerandaction\dockerandaction\src\test\java\com\container\dockerandaction\ApiControllerTest.java. Using fallback presentation compiler.
2026.09.11 14:00:35 INFO  no build target found for C:\Users\user\Downloads\dockerandaction\dockerandaction\src\test\java\com\container\dockerandaction\ApiControllerTest.java. Using fallback presentation compiler.
2026.09.11 14:00:35 INFO  no build target found for C:\Users\user\Downloads\dockerandaction\dockerandaction\src\test\java\com\container\dockerandaction\ApiControllerTest.java. Using fallback presentation compiler.
2026.09.11 14:00:35 INFO  no build target found for C:\Users\user\Downloads\dockerandaction\dockerandaction\src\test\java\com\container\dockerandaction\ApiControllerTest.java. Using fallback presentation compiler.
2026.09.11 14:00:37 INFO  no build target found for C:\Users\user\Downloads\dockerandaction\dockerandaction\src\test\java\com\container\dockerandaction\ApiControllerTest.java. Using fallback presentation compiler.
2026.09.11 14:00:43 INFO  no build target found for C:\Users\user\Downloads\dockerandaction\dockerandaction\src\test\java\com\container\dockerandaction\ApiControllerTest.java. Using fallback presentation compiler.
2026.09.11 14:00:46 INFO  no build target found for C:\Users\user\Downloads\dockerandaction\dockerandaction\src\test\java\com\container\dockerandaction\ApiControllerTest.java. Using fallback presentation compiler.
2026.09.11 14:00:46 INFO  no build target found for C:\Users\user\Downloads\dockerandaction\dockerandaction\src\test\java\com\container\dockerandaction\ApiControllerTest.java. Using fallback presentation compiler.
2026.09.11 14:00:47 INFO  no build target found for C:\Users\user\Downloads\dockerandaction\dockerandaction\src\test\java\com\container\dockerandaction\ApiControllerTest.java. Using fallback presentation compiler.
2026.09.11 14:00:49 INFO  no build target found for C:\Users\user\Downloads\dockerandaction\dockerandaction\src\test\java\com\container\dockerandaction\ApiControllerTest.java. Using fallback presentation compiler.
2026.09.11 14:00:53 INFO  no build target found for C:\Users\user\Downloads\dockerandaction\dockerandaction\src\test\java\com\container\dockerandaction\ApiControllerTest.java. Using fallback presentation compiler.
2026.09.11 14:00:53 INFO  no build target found for C:\Users\user\Downloads\dockerandaction\dockerandaction\src\test\java\com\container\dockerandaction\ApiControllerTest.java. Using fallback presentation compiler.
2026.09.11 14:00:58 INFO  no build target found for C:\Users\user\Downloads\dockerandaction\dockerandaction\src\test\java\com\container\dockerandaction\ApiControllerTest.java. Using fallback presentation compiler.
2026.09.11 14:01:01 INFO  no build target found for C:\Users\user\Downloads\dockerandaction\dockerandaction\src\test\java\com\container\dockerandaction\ApiControllerTest.java. Using fallback presentation compiler.
2026.09.11 14:01:03 INFO  no build target found for C:\Users\user\Downloads\dockerandaction\dockerandaction\src\test\java\com\container\dockerandaction\ApiControllerTest.java. Using fallback presentation compiler.
2026.09.11 14:01:05 INFO  no build target found for C:\Users\user\Downloads\dockerandaction\dockerandaction\src\test\java\com\container\dockerandaction\ApiControllerTest.java. Using fallback presentation compiler.
2026.09.11 14:01:05 INFO  no build target found for C:\Users\user\Downloads\dockerandaction\dockerandaction\src\main\java\com\container\dockerandaction\Api.java. Using fallback presentation compiler.
2026.09.11 14:01:07 INFO  no build target found for C:\Users\user\Downloads\dockerandaction\dockerandaction\src\test\java\com\container\dockerandaction\ApiControllerTest.java. Using fallback presentation compiler.
2026.09.11 14:01:15 INFO  no build target found for C:\Users\user\Downloads\dockerandaction\dockerandaction\src\test\java\com\container\dockerandaction\ApiControllerTest.java. Using fallback presentation compiler.
2026.09.11 14:01:21 INFO  no build target found for C:\Users\user\Downloads\dockerandaction\dockerandaction\src\test\java\com\container\dockerandaction\ApiControllerTest.java. Using fallback presentation compiler.
2026.09.11 14:01:21 INFO  no build target found for C:\Users\user\Downloads\dockerandaction\dockerandaction\src\test\java\com\container\dockerandaction\ApiControllerTest.java. Using fallback presentation compiler.
2026.09.11 14:01:26 INFO  no build target found for C:\Users\user\Downloads\dockerandaction\dockerandaction\src\test\java\com\container\dockerandaction\ApiControllerTest.java. Using fallback presentation compiler.
2026.09.11 14:01:26 INFO  no build target found for C:\Users\user\Downloads\dockerandaction\dockerandaction\src\test\java\com\container\dockerandaction\ApiControllerTest.java. Using fallback presentation compiler.
2026.09.11 14:01:28 INFO  no build target found for C:\Users\user\Downloads\dockerandaction\dockerandaction\src\test\java\com\container\dockerandaction\ApiControllerTest.java. Using fallback presentation compiler.
2026.09.11 14:01:29 INFO  no build target found for C:\Users\user\Downloads\dockerandaction\dockerandaction\src\test\java\com\container\dockerandaction\ApiControllerTest.java. Using fallback presentation compiler.
2026.09.11 14:01:29 INFO  no build target found for C:\Users\user\Downloads\dockerandaction\dockerandaction\src\test\java\com\container\dockerandaction\ApiControllerTest.java. Using fallback presentation compiler.
2026.09.11 14:01:31 INFO  no build target found for C:\Users\user\Downloads\dockerandaction\dockerandaction\src\test\java\com\container\dockerandaction\ApiControllerTest.java. Using fallback presentation compiler.
2026.09.11 14:01:32 INFO  no build target found for C:\Users\user\Downloads\dockerandaction\dockerandaction\src\test\java\com\container\dockerandaction\ApiControllerTest.java. Using fallback presentation compiler.
2026.09.11 14:01:32 INFO  no build target found for C:\Users\user\Downloads\dockerandaction\dockerandaction\src\test\java\com\container\dockerandaction\ApiControllerTest.java. Using fallback presentation compiler.
2026.09.11 14:01:33 INFO  no build target found for C:\Users\user\Downloads\dockerandaction\dockerandaction\src\test\java\com\container\dockerandaction\ApiControllerTest.java. Using fallback presentation compiler.
2026.09.11 14:01:33 INFO  no build target found for C:\Users\user\Downloads\dockerandaction\dockerandaction\src\test\java\com\container\dockerandaction\ApiControllerTest.java. Using fallback presentation compiler.
2026.09.11 14:01:35 INFO  no build target found for C:\Users\user\Downloads\dockerandaction\dockerandaction\src\test\java\com\container\dockerandaction\ApiControllerTest.java. Using fallback presentation compiler.
2026.09.11 14:01:36 INFO  no build target found for C:\Users\user\Downloads\dockerandaction\dockerandaction\src\test\java\com\container\dockerandaction\ApiControllerTest.java. Using fallback presentation compiler.
2026.09.11 14:01:36 INFO  no build target found for C:\Users\user\Downloads\dockerandaction\dockerandaction\src\test\java\com\container\dockerandaction\ApiControllerTest.java. Using fallback presentation compiler.
2026.09.11 14:01:36 INFO  no build target found for C:\Users\user\Downloads\dockerandaction\dockerandaction\src\test\java\com\container\dockerandaction\ApiControllerTest.java. Using fallback presentation compiler.
2026.09.11 14:01:37 INFO  no build target found for C:\Users\user\Downloads\dockerandaction\dockerandaction\src\test\java\com\container\dockerandaction\ApiControllerTest.java. Using fallback presentation compiler.
2026.09.11 14:01:37 INFO  no build target found for C:\Users\user\Downloads\dockerandaction\dockerandaction\src\test\java\com\container\dockerandaction\ApiControllerTest.java. Using fallback presentation compiler.
2026.09.11 14:01:37 INFO  no build target found for C:\Users\user\Downloads\dockerandaction\dockerandaction\src\test\java\com\container\dockerandaction\ApiControllerTest.java. Using fallback presentation compiler.
2026.09.11 14:01:37 INFO  no build target found for C:\Users\user\Downloads\dockerandaction\dockerandaction\src\test\java\com\container\dockerandaction\ApiControllerTest.java. Using fallback presentation compiler.
2026.09.11 14:01:38 INFO  no build target found for C:\Users\user\Downloads\dockerandaction\dockerandaction\src\test\java\com\container\dockerandaction\ApiControllerTest.java. Using fallback presentation compiler.
2026.09.11 14:01:38 INFO  no build target found for C:\Users\user\Downloads\dockerandaction\dockerandaction\src\test\java\com\container\dockerandaction\ApiControllerTest.java. Using fallback presentation compiler.
2026.09.11 14:01:38 INFO  no build target found for C:\Users\user\Downloads\dockerandaction\dockerandaction\src\test\java\com\container\dockerandaction\ApiControllerTest.java. Using fallback presentation compiler.
2026.09.11 14:01:38 INFO  no build target found for C:\Users\user\Downloads\dockerandaction\dockerandaction\src\test\java\com\container\dockerandaction\ApiControllerTest.java. Using fallback presentation compiler.
2026.09.11 14:01:40 INFO  no build target found for C:\Users\user\Downloads\dockerandaction\dockerandaction\src\test\java\com\container\dockerandaction\ApiControllerTest.java. Using fallback presentation compiler.
2026.09.11 14:01:42 INFO  no build target found for C:\Users\user\Downloads\dockerandaction\dockerandaction\src\test\java\com\container\dockerandaction\ApiControllerTest.java. Using fallback presentation compiler.
2026.09.11 14:01:42 INFO  no build target found for C:\Users\user\Downloads\dockerandaction\dockerandaction\src\test\java\com\container\dockerandaction\ApiControllerTest.java. Using fallback presentation compiler.
2026.09.11 14:01:43 INFO  no build target found for C:\Users\user\Downloads\dockerandaction\dockerandaction\src\test\java\com\container\dockerandaction\ApiControllerTest.java. Using fallback presentation compiler.
2026.09.11 14:01:43 INFO  no build target found for C:\Users\user\Downloads\dockerandaction\dockerandaction\src\test\java\com\container\dockerandaction\ApiControllerTest.java. Using fallback presentation compiler.
2026.09.11 14:01:43 INFO  no build target found for C:\Users\user\Downloads\dockerandaction\dockerandaction\src\test\java\com\container\dockerandaction\ApiControllerTest.java. Using fallback presentation compiler.
2026.09.11 14:01:46 INFO  no build target found for C:\Users\user\Downloads\dockerandaction\dockerandaction\src\test\java\com\container\dockerandaction\ApiControllerTest.java. Using fallback presentation compiler.
2026.09.11 14:01:46 INFO  no build target found for C:\Users\user\Downloads\dockerandaction\dockerandaction\src\test\java\com\container\dockerandaction\ApiControllerTest.java. Using fallback presentation compiler.
2026.09.11 14:01:49 INFO  no build target found for C:\Users\user\Downloads\dockerandaction\dockerandaction\src\test\java\com\container\dockerandaction\ApiControllerTest.java. Using fallback presentation compiler.
2026.09.11 14:01:49 INFO  no build target found for C:\Users\user\Downloads\dockerandaction\dockerandaction\src\test\java\com\container\dockerandaction\ApiControllerTest.java. Using fallback presentation compiler.
2026.09.11 14:01:50 INFO  no build target found for C:\Users\user\Downloads\dockerandaction\dockerandaction\src\test\java\com\container\dockerandaction\ApiControllerTest.java. Using fallback presentation compiler.
2026.09.11 14:01:50 INFO  no build target found for C:\Users\user\Downloads\dockerandaction\dockerandaction\src\test\java\com\container\dockerandaction\ApiControllerTest.java. Using fallback presentation compiler.
2026.09.11 14:01:50 INFO  no build target found for C:\Users\user\Downloads\dockerandaction\dockerandaction\src\test\java\com\container\dockerandaction\ApiControllerTest.java. Using fallback presentation compiler.
2026.09.11 14:01:51 INFO  no build target found for C:\Users\user\Downloads\dockerandaction\dockerandaction\src\test\java\com\container\dockerandaction\ApiControllerTest.java. Using fallback presentation compiler.
2026.09.11 14:01:51 INFO  no build target found for C:\Users\user\Downloads\dockerandaction\dockerandaction\src\test\java\com\container\dockerandaction\ApiControllerTest.java. Using fallback presentation compiler.
2026.09.11 14:01:51 INFO  no build target found for C:\Users\user\Downloads\dockerandaction\dockerandaction\src\test\java\com\container\dockerandaction\ApiControllerTest.java. Using fallback presentation compiler.
2026.09.11 14:01:52 INFO  no build target found for C:\Users\user\Downloads\dockerandaction\dockerandaction\src\test\java\com\container\dockerandaction\ApiControllerTest.java. Using fallback presentation compiler.
2026.09.11 14:01:52 INFO  no build target found for C:\Users\user\Downloads\dockerandaction\dockerandaction\src\test\java\com\container\dockerandaction\ApiControllerTest.java. Using fallback presentation compiler.
2026.09.11 14:01:52 INFO  no build target found for C:\Users\user\Downloads\dockerandaction\dockerandaction\src\test\java\com\container\dockerandaction\ApiControllerTest.java. Using fallback presentation compiler.
2026.09.11 14:01:53 INFO  no build target found for C:\Users\user\Downloads\dockerandaction\dockerandaction\src\test\java\com\container\dockerandaction\ApiControllerTest.java. Using fallback presentation compiler.
Sept 11, 2026 2:01:53 PM org.eclipse.lsp4j.jsonrpc.RemoteEndpoint handleCancellation
WARNING: Unmatched cancel notification for request id 695
2026.09.11 14:01:53 INFO  no build target found for C:\Users\user\Downloads\dockerandaction\dockerandaction\src\test\java\com\container\dockerandaction\ApiControllerTest.java. Using fallback presentation compiler.
2026.09.11 14:01:56 INFO  no build target found for C:\Users\user\Downloads\dockerandaction\dockerandaction\src\test\java\com\container\dockerandaction\ApiControllerTest.java. Using fallback presentation compiler.
2026.09.11 14:01:58 INFO  no build target found for C:\Users\user\Downloads\dockerandaction\dockerandaction\src\test\java\com\container\dockerandaction\ApiControllerTest.java. Using fallback presentation compiler.
2026.09.11 14:02:01 INFO  no build target found for C:\Users\user\Downloads\dockerandaction\dockerandaction\src\test\java\com\container\dockerandaction\ApiControllerTest.java. Using fallback presentation compiler.
2026.09.11 14:02:03 INFO  no build target found for C:\Users\user\Downloads\dockerandaction\dockerandaction\src\test\java\com\container\dockerandaction\ApiControllerTest.java. Using fallback presentation compiler.
2026.09.11 14:02:03 INFO  no build target found for C:\Users\user\Downloads\dockerandaction\dockerandaction\src\test\java\com\container\dockerandaction\ApiControllerTest.java. Using fallback presentation compiler.
2026.09.11 14:02:03 INFO  no build target found for C:\Users\user\Downloads\dockerandaction\dockerandaction\src\test\java\com\container\dockerandaction\ApiControllerTest.java. Using fallback presentation compiler.
2026.09.11 14:02:04 INFO  no build target found for C:\Users\user\Downloads\dockerandaction\dockerandaction\src\test\java\com\container\dockerandaction\ApiControllerTest.java. Using fallback presentation compiler.
2026.09.11 14:02:04 INFO  no build target found for C:\Users\user\Downloads\dockerandaction\dockerandaction\src\test\java\com\container\dockerandaction\ApiControllerTest.java. Using fallback presentation compiler.
2026.09.11 14:02:04 INFO  no build target found for C:\Users\user\Downloads\dockerandaction\dockerandaction\src\test\java\com\container\dockerandaction\ApiControllerTest.java. Using fallback presentation compiler.
2026.09.11 14:02:11 INFO  no build target found for C:\Users\user\Downloads\dockerandaction\dockerandaction\src\test\java\com\container\dockerandaction\ApiControllerTest.java. Using fallback presentation compiler.
2026.09.11 14:02:11 INFO  no build target found for C:\Users\user\Downloads\dockerandaction\dockerandaction\src\test\java\com\container\dockerandaction\ApiControllerTest.java. Using fallback presentation compiler.
2026.09.11 14:02:13 INFO  no build target found for C:\Users\user\Downloads\dockerandaction\dockerandaction\src\test\java\com\container\dockerandaction\ApiControllerTest.java. Using fallback presentation compiler.
2026.09.11 14:02:18 INFO  no build target found for C:\Users\user\Downloads\dockerandaction\dockerandaction\src\test\java\com\container\dockerandaction\ApiControllerTest.java. Using fallback presentation compiler.
2026.09.11 14:02:20 WARN  no build target for: C:\Users\user\Downloads\dockerandaction\dockerandaction\src\test\java\com\container\dockerandaction\ApiControllerTest.java
2026.09.11 14:02:20 INFO  no build target found for C:\Users\user\Downloads\dockerandaction\dockerandaction\src\test\java\com\container\dockerandaction\ApiControllerTest.java. Using fallback presentation compiler.
2026.09.11 14:02:20 INFO  no build target found for C:\Users\user\Downloads\dockerandaction\dockerandaction\src\test\java\com\container\dockerandaction\ApiControllerTest.java. Using fallback presentation compiler.
2026.09.11 14:02:20 WARN  Running javac-semanticdb failed for file:///C:/Users/user/Downloads/dockerandaction/dockerandaction/src/test/java/com/container/dockerandaction/ApiControllerTest.java. Output:

Sept 11, 2026 2:02:21 PM org.eclipse.lsp4j.jsonrpc.RemoteEndpoint handleCancellation
WARNING: Unmatched cancel notification for request id 715
2026.09.11 14:02:20 INFO  no build target found for C:\Users\user\Downloads\dockerandaction\dockerandaction\src\test\java\com\container\dockerandaction\ApiControllerTest.java. Using fallback presentation compiler.
2026.09.11 14:02:21 INFO  no build target found for C:\Users\user\Downloads\dockerandaction\dockerandaction\src\test\java\com\container\dockerandaction\ApiControllerTest.java. Using fallback presentation compiler.
2026.09.11 14:02:21 INFO  no build target found for C:\Users\user\Downloads\dockerandaction\dockerandaction\src\test\java\com\container\dockerandaction\ApiControllerTest.java. Using fallback presentation compiler.
2026.09.11 14:02:22 INFO  no build target found for C:\Users\user\Downloads\dockerandaction\dockerandaction\src\test\java\com\container\dockerandaction\ApiControllerTest.java. Using fallback presentation compiler.
2026.09.11 14:02:23 WARN  no build target for: C:\Users\user\Downloads\dockerandaction\dockerandaction\src\test\java\com\container\dockerandaction\ApiControllerTest.java
2026.09.11 14:02:23 INFO  no build target found for C:\Users\user\Downloads\dockerandaction\dockerandaction\src\test\java\com\container\dockerandaction\ApiControllerTest.java. Using fallback presentation compiler.
2026.09.11 14:02:24 INFO  no build target found for C:\Users\user\Downloads\dockerandaction\dockerandaction\src\test\java\com\container\dockerandaction\ApiControllerTest.java. Using fallback presentation compiler.
2026.09.11 14:02:26 INFO  no build target found for C:\Users\user\Downloads\dockerandaction\dockerandaction\src\test\java\com\container\dockerandaction\ApiControllerTest.java. Using fallback presentation compiler.
2026.09.11 14:02:26 INFO  no build target found for C:\Users\user\Downloads\dockerandaction\dockerandaction\src\test\java\com\container\dockerandaction\ApiControllerTest.java. Using fallback presentation compiler.
2026.09.11 14:02:27 INFO  no build target found for C:\Users\user\Downloads\dockerandaction\dockerandaction\src\test\java\com\container\dockerandaction\ApiControllerTest.java. Using fallback presentation compiler.
2026.09.11 14:02:48 INFO  no build target found for C:\Users\user\Downloads\dockerandaction\dockerandaction\src\test\java\com\container\dockerandaction\ApiControllerTest.java. Using fallback presentation compiler.
2026.09.11 14:02:48 INFO  no build target found for C:\Users\user\Downloads\dockerandaction\dockerandaction\src\test\java\com\container\dockerandaction\ApiControllerTest.java. Using fallback presentation compiler.
2026.09.11 14:02:48 INFO  no build target found for C:\Users\user\Downloads\dockerandaction\dockerandaction\src\test\java\com\container\dockerandaction\ApiControllerTest.java. Using fallback presentation compiler.
2026.09.11 14:02:48 WARN  no build target for: C:\Users\user\Downloads\dockerandaction\dockerandaction\src\test\java\com\container\dockerandaction\ApiControllerTest.java
2026.09.11 14:02:48 WARN  no build target for: C:\Users\user\Downloads\dockerandaction\dockerandaction\src\test\java\com\container\dockerandaction\ApiControllerTest.java
2026.09.11 14:02:48 INFO  no build target found for C:\Users\user\Downloads\dockerandaction\dockerandaction\src\test\java\com\container\dockerandaction\ApiControllerTest.java. Using fallback presentation compiler.
2026.09.11 14:02:50 INFO  no build target found for C:\Users\user\Downloads\dockerandaction\dockerandaction\src\test\java\com\container\dockerandaction\ApiControllerTest.java. Using fallback presentation compiler.
2026.09.11 14:02:50 WARN  no build target for: C:\Users\user\Downloads\dockerandaction\dockerandaction\src\test\java\com\container\dockerandaction\ApiControllerTest.java
2026.09.11 14:02:50 INFO  no build target found for C:\Users\user\Downloads\dockerandaction\dockerandaction\src\test\java\com\container\dockerandaction\ApiControllerTest.java. Using fallback presentation compiler.
2026.09.11 14:02:51 INFO  no build target found for C:\Users\user\Downloads\dockerandaction\dockerandaction\src\test\java\com\container\dockerandaction\ApiControllerTest.java. Using fallback presentation compiler.
2026.09.11 14:02:51 WARN  no build target for: C:\Users\user\Downloads\dockerandaction\dockerandaction\src\test\java\com\container\dockerandaction\ApiControllerTest.java
Sept 11, 2026 2:02:51 PM org.eclipse.lsp4j.jsonrpc.RemoteEndpoint handleCancellation
WARNING: Unmatched cancel notification for request id 737
2026.09.11 14:02:51 INFO  no build target found for C:\Users\user\Downloads\dockerandaction\dockerandaction\src\test\java\com\container\dockerandaction\ApiControllerTest.java. Using fallback presentation compiler.
2026.09.11 14:02:51 INFO  no build target found for C:\Users\user\Downloads\dockerandaction\dockerandaction\src\test\java\com\container\dockerandaction\ApiControllerTest.java. Using fallback presentation compiler.
2026.09.11 14:02:53 WARN  no build target for: C:\Users\user\Downloads\dockerandaction\dockerandaction\src\test\java\com\container\dockerandaction\ApiControllerTest.java
2026.09.11 14:02:53 INFO  no build target found for C:\Users\user\Downloads\dockerandaction\dockerandaction\src\test\java\com\container\dockerandaction\ApiControllerTest.java. Using fallback presentation compiler.
2026.09.11 14:02:53 INFO  no build target found for C:\Users\user\Downloads\dockerandaction\dockerandaction\src\test\java\com\container\dockerandaction\ApiControllerTest.java. Using fallback presentation compiler.
2026.09.11 14:02:53 INFO  no build target found for C:\Users\user\Downloads\dockerandaction\dockerandaction\src\test\java\com\container\dockerandaction\ApiControllerTest.java. Using fallback presentation compiler.
2026.09.11 14:02:54 INFO  no build target found for C:\Users\user\Downloads\dockerandaction\dockerandaction\src\test\java\com\container\dockerandaction\ApiControllerTest.java. Using fallback presentation compiler.
2026.09.11 14:02:58 INFO  no build target found for C:\Users\user\Downloads\dockerandaction\dockerandaction\src\test\java\com\container\dockerandaction\ApiControllerTest.java. Using fallback presentation compiler.
2026.09.11 14:02:58 INFO  no build target found for C:\Users\user\Downloads\dockerandaction\dockerandaction\src\test\java\com\container\dockerandaction\ApiControllerTest.java. Using fallback presentation compiler.
2026.09.11 14:02:59 INFO  no build target found for C:\Users\user\Downloads\dockerandaction\dockerandaction\src\test\java\com\container\dockerandaction\ApiControllerTest.java. Using fallback presentation compiler.
2026.09.11 14:02:59 INFO  no build target found for C:\Users\user\Downloads\dockerandaction\dockerandaction\src\test\java\com\container\dockerandaction\ApiControllerTest.java. Using fallback presentation compiler.
2026.09.11 14:02:59 INFO  no build target found for C:\Users\user\Downloads\dockerandaction\dockerandaction\src\test\java\com\container\dockerandaction\ApiControllerTest.java. Using fallback presentation compiler.
2026.09.11 14:02:59 INFO  no build target found for C:\Users\user\Downloads\dockerandaction\dockerandaction\src\test\java\com\container\dockerandaction\ApiControllerTest.java. Using fallback presentation compiler.
2026.09.11 14:03:04 INFO  no build target found for C:\Users\user\Downloads\dockerandaction\dockerandaction\src\test\java\com\container\dockerandaction\ApiControllerTest.java. Using fallback presentation compiler.
2026.09.11 14:03:04 INFO  no build target found for C:\Users\user\Downloads\dockerandaction\dockerandaction\src\test\java\com\container\dockerandaction\ApiControllerTest.java. Using fallback presentation compiler.
2026.09.11 14:03:04 INFO  no build target found for C:\Users\user\Downloads\dockerandaction\dockerandaction\src\test\java\com\container\dockerandaction\ApiControllerTest.java. Using fallback presentation compiler.
2026.09.11 14:03:05 WARN  no build target for: C:\Users\user\Downloads\dockerandaction\dockerandaction\src\test\java\com\container\dockerandaction\ApiControllerTest.java
2026.09.11 14:03:05 INFO  no build target found for C:\Users\user\Downloads\dockerandaction\dockerandaction\src\test\java\com\container\dockerandaction\ApiControllerTest.java. Using fallback presentation compiler.
2026.09.11 14:03:05 WARN  Running javac-semanticdb failed for file:///C:/Users/user/Downloads/dockerandaction/dockerandaction/src/test/java/com/container/dockerandaction/ApiControllerTest.java. Output:

Sept 11, 2026 2:03:05 PM org.eclipse.lsp4j.jsonrpc.RemoteEndpoint handleCancellation
WARNING: Unmatched cancel notification for request id 762
2026.09.11 14:03:05 INFO  no build target found for C:\Users\user\Downloads\dockerandaction\dockerandaction\src\test\java\com\container\dockerandaction\ApiControllerTest.java. Using fallback presentation compiler.
2026.09.11 14:03:05 INFO  no build target found for C:\Users\user\Downloads\dockerandaction\dockerandaction\src\test\java\com\container\dockerandaction\ApiControllerTest.java. Using fallback presentation compiler.
2026.09.11 14:03:06 INFO  no build target found for C:\Users\user\Downloads\dockerandaction\dockerandaction\src\test\java\com\container\dockerandaction\ApiControllerTest.java. Using fallback presentation compiler.
2026.09.11 14:03:06 INFO  no build target found for C:\Users\user\Downloads\dockerandaction\dockerandaction\src\test\java\com\container\dockerandaction\ApiControllerTest.java. Using fallback presentation compiler.
2026.09.11 14:03:06 INFO  no build target found for C:\Users\user\Downloads\dockerandaction\dockerandaction\src\test\java\com\container\dockerandaction\ApiControllerTest.java. Using fallback presentation compiler.
2026.09.11 14:03:07 INFO  no build target found for C:\Users\user\Downloads\dockerandaction\dockerandaction\src\test\java\com\container\dockerandaction\ApiControllerTest.java. Using fallback presentation compiler.
2026.09.11 14:03:08 WARN  no build target for: C:\Users\user\Downloads\dockerandaction\dockerandaction\src\test\java\com\container\dockerandaction\ApiControllerTest.java
2026.09.11 14:03:07 INFO  no build target found for C:\Users\user\Downloads\dockerandaction\dockerandaction\src\test\java\com\container\dockerandaction\ApiControllerTest.java. Using fallback presentation compiler.
Sept 11, 2026 2:03:08 PM org.eclipse.lsp4j.jsonrpc.RemoteEndpoint handleCancellation
WARNING: Unmatched cancel notification for request id 773
2026.09.11 14:03:08 INFO  no build target found for C:\Users\user\Downloads\dockerandaction\dockerandaction\src\test\java\com\container\dockerandaction\ApiControllerTest.java. Using fallback presentation compiler.
2026.09.11 14:03:08 INFO  no build target found for C:\Users\user\Downloads\dockerandaction\dockerandaction\src\test\java\com\container\dockerandaction\ApiControllerTest.java. Using fallback presentation compiler.
2026.09.11 14:03:09 INFO  no build target found for C:\Users\user\Downloads\dockerandaction\dockerandaction\src\test\java\com\container\dockerandaction\ApiControllerTest.java. Using fallback presentation compiler.
2026.09.11 14:03:09 WARN  no build target for: C:\Users\user\Downloads\dockerandaction\dockerandaction\src\test\java\com\container\dockerandaction\ApiControllerTest.java
2026.09.11 14:03:09 INFO  no build target found for C:\Users\user\Downloads\dockerandaction\dockerandaction\src\test\java\com\container\dockerandaction\ApiControllerTest.java. Using fallback presentation compiler.
Sept 11, 2026 2:03:09 PM org.eclipse.lsp4j.jsonrpc.RemoteEndpoint handleCancellation
WARNING: Unmatched cancel notification for request id 779
2026.09.11 14:03:09 INFO  no build target found for C:\Users\user\Downloads\dockerandaction\dockerandaction\src\test\java\com\container\dockerandaction\ApiControllerTest.java. Using fallback presentation compiler.
2026.09.11 14:03:09 INFO  no build target found for C:\Users\user\Downloads\dockerandaction\dockerandaction\src\test\java\com\container\dockerandaction\ApiControllerTest.java. Using fallback presentation compiler.
2026.09.11 14:03:10 INFO  no build target found for C:\Users\user\Downloads\dockerandaction\dockerandaction\src\test\java\com\container\dockerandaction\ApiControllerTest.java. Using fallback presentation compiler.
2026.09.11 14:03:10 INFO  no build target found for C:\Users\user\Downloads\dockerandaction\dockerandaction\src\test\java\com\container\dockerandaction\ApiControllerTest.java. Using fallback presentation compiler.
Sept 11, 2026 2:03:11 PM org.eclipse.lsp4j.jsonrpc.RemoteEndpoint handleCancellation
WARNING: Unmatched cancel notification for request id 783
Sept 11, 2026 2:03:11 PM org.eclipse.lsp4j.jsonrpc.RemoteEndpoint handleCancellation
WARNING: Unmatched cancel notification for request id 784
2026.09.11 14:03:10 INFO  no build target found for C:\Users\user\Downloads\dockerandaction\dockerandaction\src\test\java\com\container\dockerandaction\ApiControllerTest.java. Using fallback presentation compiler.
2026.09.11 14:03:11 INFO  no build target found for C:\Users\user\Downloads\dockerandaction\dockerandaction\src\test\java\com\container\dockerandaction\ApiControllerTest.java. Using fallback presentation compiler.
2026.09.11 14:03:10 INFO  no build target found for C:\Users\user\Downloads\dockerandaction\dockerandaction\src\test\java\com\container\dockerandaction\ApiControllerTest.java. Using fallback presentation compiler.
2026.09.11 14:03:12 WARN  no build target for: C:\Users\user\Downloads\dockerandaction\dockerandaction\src\test\java\com\container\dockerandaction\ApiControllerTest.java
2026.09.11 14:03:12 INFO  no build target found for C:\Users\user\Downloads\dockerandaction\dockerandaction\src\test\java\com\container\dockerandaction\ApiControllerTest.java. Using fallback presentation compiler.
2026.09.11 14:03:12 INFO  no build target found for C:\Users\user\Downloads\dockerandaction\dockerandaction\src\test\java\com\container\dockerandaction\ApiControllerTest.java. Using fallback presentation compiler.
2026.09.11 14:03:14 INFO  no build target found for C:\Users\user\Downloads\dockerandaction\dockerandaction\src\test\java\com\container\dockerandaction\ApiControllerTest.java. Using fallback presentation compiler.
2026.09.11 14:03:14 INFO  no build target found for C:\Users\user\Downloads\dockerandaction\dockerandaction\src\test\java\com\container\dockerandaction\ApiControllerTest.java. Using fallback presentation compiler.
2026.09.11 14:03:17 INFO  no build target found for C:\Users\user\Downloads\dockerandaction\dockerandaction\src\test\java\com\container\dockerandaction\ApiControllerTest.java. Using fallback presentation compiler.
2026.09.11 14:03:17 WARN  no build target for: C:\Users\user\Downloads\dockerandaction\dockerandaction\src\test\java\com\container\dockerandaction\ApiControllerTest.java
2026.09.11 14:03:17 INFO  no build target found for C:\Users\user\Downloads\dockerandaction\dockerandaction\src\test\java\com\container\dockerandaction\ApiControllerTest.java. Using fallback presentation compiler.
Sept 11, 2026 2:03:17 PM org.eclipse.lsp4j.jsonrpc.RemoteEndpoint handleCancellation
WARNING: Unmatched cancel notification for request id 797
Sept 11, 2026 2:03:17 PM org.eclipse.lsp4j.jsonrpc.RemoteEndpoint handleCancellation
WARNING: Unmatched cancel notification for request id 799
2026.09.11 14:03:17 INFO  no build target found for C:\Users\user\Downloads\dockerandaction\dockerandaction\src\test\java\com\container\dockerandaction\ApiControllerTest.java. Using fallback presentation compiler.
2026.09.11 14:03:17 INFO  no build target found for C:\Users\user\Downloads\dockerandaction\dockerandaction\src\test\java\com\container\dockerandaction\ApiControllerTest.java. Using fallback presentation compiler.
2026.09.11 14:03:17 INFO  no build target found for C:\Users\user\Downloads\dockerandaction\dockerandaction\src\test\java\com\container\dockerandaction\ApiControllerTest.java. Using fallback presentation compiler.
2026.09.11 14:03:17 INFO  no build target found for C:\Users\user\Downloads\dockerandaction\dockerandaction\src\test\java\com\container\dockerandaction\ApiControllerTest.java. Using fallback presentation compiler.
2026.09.11 14:03:18 INFO  no build target found for C:\Users\user\Downloads\dockerandaction\dockerandaction\src\test\java\com\container\dockerandaction\ApiControllerTest.java. Using fallback presentation compiler.
2026.09.11 14:03:19 INFO  no build target found for C:\Users\user\Downloads\dockerandaction\dockerandaction\src\test\java\com\container\dockerandaction\ApiControllerTest.java. Using fallback presentation compiler.
2026.09.11 14:03:18 INFO  no build target found for C:\Users\user\Downloads\dockerandaction\dockerandaction\src\test\java\com\container\dockerandaction\ApiControllerTest.java. Using fallback presentation compiler.
2026.09.11 14:03:18 INFO  no build target found for C:\Users\user\Downloads\dockerandaction\dockerandaction\src\test\java\com\container\dockerandaction\ApiControllerTest.java. Using fallback presentation compiler.
2026.09.11 14:03:20 INFO  no build target found for C:\Users\user\Downloads\dockerandaction\dockerandaction\src\test\java\com\container\dockerandaction\ApiControllerTest.java. Using fallback presentation compiler.
2026.09.11 14:03:20 INFO  no build target found for C:\Users\user\Downloads\dockerandaction\dockerandaction\src\test\java\com\container\dockerandaction\ApiControllerTest.java. Using fallback presentation compiler.
2026.09.11 14:03:20 INFO  no build target found for C:\Users\user\Downloads\dockerandaction\dockerandaction\src\test\java\com\container\dockerandaction\ApiControllerTest.java. Using fallback presentation compiler.
2026.09.11 14:03:22 INFO  no build target found for C:\Users\user\Downloads\dockerandaction\dockerandaction\src\test\java\com\container\dockerandaction\ApiControllerTest.java. Using fallback presentation compiler.
2026.09.11 14:03:22 INFO  no build target found for C:\Users\user\Downloads\dockerandaction\dockerandaction\src\test\java\com\container\dockerandaction\ApiControllerTest.java. Using fallback presentation compiler.
2026.09.11 14:03:23 INFO  no build target found for C:\Users\user\Downloads\dockerandaction\dockerandaction\src\test\java\com\container\dockerandaction\ApiControllerTest.java. Using fallback presentation compiler.
2026.09.11 14:03:25 WARN  no build target for: C:\Users\user\Downloads\dockerandaction\dockerandaction\src\test\java\com\container\dockerandaction\ApiControllerTest.java
2026.09.11 14:03:27 INFO  no build target found for C:\Users\user\Downloads\dockerandaction\dockerandaction\src\test\java\com\container\dockerandaction\ApiControllerTest.java. Using fallback presentation compiler.
Sept 11, 2026 2:03:28 PM org.eclipse.lsp4j.jsonrpc.RemoteEndpoint handleCancellation
WARNING: Unmatched cancel notification for request id 823
2026.09.11 14:03:28 INFO  no build target found for C:\Users\user\Downloads\dockerandaction\dockerandaction\src\test\java\com\container\dockerandaction\ApiControllerTest.java. Using fallback presentation compiler.
2026.09.11 14:03:28 INFO  no build target found for C:\Users\user\Downloads\dockerandaction\dockerandaction\src\test\java\com\container\dockerandaction\ApiControllerTest.java. Using fallback presentation compiler.
2026.09.11 14:03:30 WARN  no build target for: C:\Users\user\Downloads\dockerandaction\dockerandaction\src\test\java\com\container\dockerandaction\ApiControllerTest.java
2026.09.11 14:03:30 INFO  no build target found for C:\Users\user\Downloads\dockerandaction\dockerandaction\src\test\java\com\container\dockerandaction\ApiControllerTest.java. Using fallback presentation compiler.
2026.09.11 14:03:30 INFO  no build target found for C:\Users\user\Downloads\dockerandaction\dockerandaction\src\test\java\com\container\dockerandaction\ApiControllerTest.java. Using fallback presentation compiler.
2026.09.11 14:03:30 INFO  no build target found for C:\Users\user\Downloads\dockerandaction\dockerandaction\src\test\java\com\container\dockerandaction\ApiControllerTest.java. Using fallback presentation compiler.
2026.09.11 14:03:31 INFO  no build target found for C:\Users\user\Downloads\dockerandaction\dockerandaction\src\test\java\com\container\dockerandaction\ApiControllerTest.java. Using fallback presentation compiler.
2026.09.11 14:03:31 INFO  no build target found for C:\Users\user\Downloads\dockerandaction\dockerandaction\src\test\java\com\container\dockerandaction\ApiControllerTest.java. Using fallback presentation compiler.
2026.09.11 14:03:31 INFO  no build target found for C:\Users\user\Downloads\dockerandaction\dockerandaction\src\test\java\com\container\dockerandaction\ApiControllerTest.java. Using fallback presentation compiler.
2026.09.11 14:03:31 INFO  no build target found for C:\Users\user\Downloads\dockerandaction\dockerandaction\src\test\java\com\container\dockerandaction\ApiControllerTest.java. Using fallback presentation compiler.
Sept 11, 2026 2:03:31 PM org.eclipse.lsp4j.jsonrpc.RemoteEndpoint handleCancellation
WARNING: Unmatched cancel notification for request id 835
2026.09.11 14:03:31 INFO  no build target found for C:\Users\user\Downloads\dockerandaction\dockerandaction\src\test\java\com\container\dockerandaction\ApiControllerTest.java. Using fallback presentation compiler.
2026.09.11 14:03:31 INFO  no build target found for C:\Users\user\Downloads\dockerandaction\dockerandaction\src\test\java\com\container\dockerandaction\ApiControllerTest.java. Using fallback presentation compiler.
2026.09.11 14:03:33 INFO  no build target found for C:\Users\user\Downloads\dockerandaction\dockerandaction\src\test\java\com\container\dockerandaction\ApiControllerTest.java. Using fallback presentation compiler.
2026.09.11 14:03:33 INFO  no build target found for C:\Users\user\Downloads\dockerandaction\dockerandaction\src\test\java\com\container\dockerandaction\ApiControllerTest.java. Using fallback presentation compiler.
Sept 11, 2026 2:03:33 PM org.eclipse.lsp4j.jsonrpc.RemoteEndpoint handleCancellation
WARNING: Unmatched cancel notification for request id 838
2026.09.11 14:03:33 INFO  no build target found for C:\Users\user\Downloads\dockerandaction\dockerandaction\src\test\java\com\container\dockerandaction\ApiControllerTest.java. Using fallback presentation compiler.
2026.09.11 14:03:33 INFO  no build target found for C:\Users\user\Downloads\dockerandaction\dockerandaction\src\test\java\com\container\dockerandaction\ApiControllerTest.java. Using fallback presentation compiler.
Sept 11, 2026 2:03:34 PM org.eclipse.lsp4j.jsonrpc.RemoteEndpoint handleCancellation
WARNING: Unmatched cancel notification for request id 839
2026.09.11 14:03:33 INFO  no build target found for C:\Users\user\Downloads\dockerandaction\dockerandaction\src\test\java\com\container\dockerandaction\ApiControllerTest.java. Using fallback presentation compiler.
2026.09.11 14:03:34 INFO  no build target found for C:\Users\user\Downloads\dockerandaction\dockerandaction\src\test\java\com\container\dockerandaction\ApiControllerTest.java. Using fallback presentation compiler.
2026.09.11 14:03:35 INFO  no build target found for C:\Users\user\Downloads\dockerandaction\dockerandaction\src\test\java\com\container\dockerandaction\ApiControllerTest.java. Using fallback presentation compiler.
2026.09.11 14:03:34 INFO  no build target found for C:\Users\user\Downloads\dockerandaction\dockerandaction\src\test\java\com\container\dockerandaction\ApiControllerTest.java. Using fallback presentation compiler.
2026.09.11 14:03:35 INFO  no build target found for C:\Users\user\Downloads\dockerandaction\dockerandaction\src\test\java\com\container\dockerandaction\ApiControllerTest.java. Using fallback presentation compiler.
2026.09.11 14:03:35 INFO  no build target found for C:\Users\user\Downloads\dockerandaction\dockerandaction\src\test\java\com\container\dockerandaction\ApiControllerTest.java. Using fallback presentation compiler.
2026.09.11 14:03:36 WARN  no build target for: C:\Users\user\Downloads\dockerandaction\dockerandaction\src\test\java\com\container\dockerandaction\ApiControllerTest.java
Sept 11, 2026 2:03:36 PM org.eclipse.lsp4j.jsonrpc.RemoteEndpoint handleCancellation
WARNING: Unmatched cancel notification for request id 850
2026.09.11 14:03:36 INFO  no build target found for C:\Users\user\Downloads\dockerandaction\dockerandaction\src\test\java\com\container\dockerandaction\ApiControllerTest.java. Using fallback presentation compiler.
2026.09.11 14:03:38 INFO  no build target found for C:\Users\user\Downloads\dockerandaction\dockerandaction\src\test\java\com\container\dockerandaction\ApiControllerTest.java. Using fallback presentation compiler.
2026.09.11 14:03:38 INFO  no build target found for C:\Users\user\Downloads\dockerandaction\dockerandaction\src\test\java\com\container\dockerandaction\ApiControllerTest.java. Using fallback presentation compiler.
2026.09.11 14:03:41 WARN  no build target for: C:\Users\user\Downloads\dockerandaction\dockerandaction\src\test\java\com\container\dockerandaction\ApiControllerTest.java
2026.09.11 14:03:41 INFO  no build target found for C:\Users\user\Downloads\dockerandaction\dockerandaction\src\test\java\com\container\dockerandaction\ApiControllerTest.java. Using fallback presentation compiler.
2026.09.11 14:03:57 INFO  no build target found for C:\Users\user\Downloads\dockerandaction\dockerandaction\src\main\java\com\container\dockerandaction\Api.java. Using fallback presentation compiler.
2026.09.11 14:03:59 INFO  no build target found for C:\Users\user\Downloads\dockerandaction\dockerandaction\src\main\java\com\container\dockerandaction\Api.java. Using fallback presentation compiler.
2026.09.11 14:03:59 INFO  no build target found for C:\Users\user\Downloads\dockerandaction\dockerandaction\src\main\java\com\container\dockerandaction\Api.java. Using fallback presentation compiler.
2026.09.11 14:04:02 INFO  no build target found for C:\Users\user\Downloads\dockerandaction\dockerandaction\src\main\java\com\container\dockerandaction\Api.java. Using fallback presentation compiler.
2026.09.11 14:04:03 INFO  no build target found for C:\Users\user\Downloads\dockerandaction\dockerandaction\src\main\java\com\container\dockerandaction\Api.java. Using fallback presentation compiler.
2026.09.11 14:04:03 INFO  no build target found for C:\Users\user\Downloads\dockerandaction\dockerandaction\src\main\java\com\container\dockerandaction\Api.java. Using fallback presentation compiler.
2026.09.11 14:04:05 INFO  no build target found for C:\Users\user\Downloads\dockerandaction\dockerandaction\src\test\java\com\container\dockerandaction\ApiControllerTest.java. Using fallback presentation compiler.
2026.09.11 14:04:05 WARN  no build target for: C:\Users\user\Downloads\dockerandaction\dockerandaction\src\test\java\com\container\dockerandaction\ApiControllerTest.java
2026.09.11 14:04:05 INFO  no build target found for C:\Users\user\Downloads\dockerandaction\dockerandaction\src\test\java\com\container\dockerandaction\ApiControllerTest.java. Using fallback presentation compiler.
2026.09.11 14:04:23 INFO  no build target found for C:\Users\user\Downloads\dockerandaction\dockerandaction\src\test\java\com\container\dockerandaction\ApiControllerTest.java. Using fallback presentation compiler.
2026.09.11 14:04:26 INFO  no build target found for C:\Users\user\Downloads\dockerandaction\dockerandaction\src\test\java\com\container\dockerandaction\ApiControllerTest.java. Using fallback presentation compiler.
2026.09.11 14:11:08 INFO  Started: Metals version 1.6.8 in folders 'C:\Users\user\Downloads\dockerandaction' for client Visual Studio Code 1.135.0.
2026.09.11 14:11:08 INFO  time: initialize in 0.19s
2026.09.11 14:11:09 INFO  Memory monitor started
2026.09.11 14:11:34 WARN  Using H2 2.4.240 which is newer than the version Flyway has been verified with. The latest verified version of H2 is 2.3.232.
2026.09.11 14:11:36 INFO  no build target found for C:\Users\user\Downloads\dockerandaction\dockerandaction\src\test\java\com\container\dockerandaction\ApiControllerTest.java. Using fallback presentation compiler.
2026.09.11 14:11:41 INFO  no build target found for C:\Users\user\Downloads\dockerandaction\dockerandaction\src\test\java\com\container\dockerandaction\ApiControllerTest.java. Using fallback presentation compiler.
2026.09.11 14:11:43 INFO  no build target found for C:\Users\user\Downloads\dockerandaction\dockerandaction\src\test\java\com\container\dockerandaction\ApiControllerTest.java. Using fallback presentation compiler.
Sept 11, 2026 2:11:44 PM org.eclipse.lsp4j.jsonrpc.RemoteEndpoint handleCancellation
WARNING: Unmatched cancel notification for request id 10
2026.09.11 14:11:47 INFO  no build target found for C:\Users\user\Downloads\dockerandaction\dockerandaction\src\test\java\com\container\dockerandaction\ApiControllerTest.java. Using fallback presentation compiler.
2026.09.11 14:12:00 INFO  no build target found for C:\Users\user\Downloads\dockerandaction\dockerandaction\src\test\java\com\container\dockerandaction\ApiControllerTest.java. Using fallback presentation compiler.
2026.09.11 14:12:50 INFO  no build target found for C:\Users\user\Downloads\dockerandaction\dockerandaction\src\test\java\com\container\dockerandaction\ApiControllerTest.java. Using fallback presentation compiler.
2026.09.11 14:12:52 INFO  no build target found for C:\Users\user\Downloads\dockerandaction\dockerandaction\src\test\java\com\container\dockerandaction\ApiControllerTest.java. Using fallback presentation compiler.
2026.09.11 14:12:57 INFO  no build target found for C:\Users\user\Downloads\dockerandaction\dockerandaction\src\test\java\com\container\dockerandaction\ApiControllerTest.java. Using fallback presentation compiler.
2026.09.11 14:12:57 INFO  no build target found for C:\Users\user\Downloads\dockerandaction\dockerandaction\src\test\java\com\container\dockerandaction\ApiControllerTest.java. Using fallback presentation compiler.
2026.09.11 14:13:01 INFO  no build target found for C:\Users\user\Downloads\dockerandaction\dockerandaction\src\test\java\com\container\dockerandaction\ApiControllerTest.java. Using fallback presentation compiler.
2026.09.11 14:13:02 INFO  no build target found for C:\Users\user\Downloads\dockerandaction\dockerandaction\src\test\java\com\container\dockerandaction\ApiControllerTest.java. Using fallback presentation compiler.
2026.09.11 14:13:03 INFO  no build target found for C:\Users\user\Downloads\dockerandaction\dockerandaction\src\test\java\com\container\dockerandaction\ApiControllerTest.java. Using fallback presentation compiler.
2026.09.11 14:13:03 INFO  no build target found for C:\Users\user\Downloads\dockerandaction\dockerandaction\src\test\java\com\container\dockerandaction\ApiControllerTest.java. Using fallback presentation compiler.
2026.09.11 14:13:04 INFO  no build target found for C:\Users\user\Downloads\dockerandaction\dockerandaction\src\test\java\com\container\dockerandaction\ApiControllerTest.java. Using fallback presentation compiler.
2026.09.11 14:13:04 INFO  no build target found for C:\Users\user\Downloads\dockerandaction\dockerandaction\src\test\java\com\container\dockerandaction\ApiControllerTest.java. Using fallback presentation compiler.
2026.09.11 14:13:05 INFO  no build target found for C:\Users\user\Downloads\dockerandaction\dockerandaction\src\test\java\com\container\dockerandaction\ApiControllerTest.java. Using fallback presentation compiler.
2026.09.11 14:13:05 INFO  no build target found for C:\Users\user\Downloads\dockerandaction\dockerandaction\src\test\java\com\container\dockerandaction\ApiControllerTest.java. Using fallback presentation compiler.
2026.09.11 14:13:05 INFO  no build target found for C:\Users\user\Downloads\dockerandaction\dockerandaction\src\test\java\com\container\dockerandaction\ApiControllerTest.java. Using fallback presentation compiler.
Sept 11, 2026 2:13:06 PM org.eclipse.lsp4j.jsonrpc.RemoteEndpoint handleCancellation
WARNING: Unmatched cancel notification for request id 26
2026.09.11 14:13:08 INFO  no build target found for C:\Users\user\Downloads\dockerandaction\dockerandaction\src\test\java\com\container\dockerandaction\ApiControllerTest.java. Using fallback presentation compiler.
2026.09.11 14:13:10 INFO  no build target found for C:\Users\user\Downloads\dockerandaction\dockerandaction\src\test\java\com\container\dockerandaction\ApiControllerTest.java. Using fallback presentation compiler.
2026.09.11 14:13:10 INFO  no build target found for C:\Users\user\Downloads\dockerandaction\dockerandaction\src\test\java\com\container\dockerandaction\ApiControllerTest.java. Using fallback presentation compiler.
2026.09.11 14:13:12 INFO  no build target found for C:\Users\user\Downloads\dockerandaction\dockerandaction\src\test\java\com\container\dockerandaction\ApiControllerTest.java. Using fallback presentation compiler.
2026.09.11 14:13:12 INFO  no build target found for C:\Users\user\Downloads\dockerandaction\dockerandaction\src\test\java\com\container\dockerandaction\ApiControllerTest.java. Using fallback presentation compiler.
2026.09.11 14:13:14 INFO  no build target found for C:\Users\user\Downloads\dockerandaction\dockerandaction\src\test\java\com\container\dockerandaction\ApiControllerTest.java. Using fallback presentation compiler.
2026.09.11 14:13:14 INFO  no build target found for C:\Users\user\Downloads\dockerandaction\dockerandaction\src\test\java\com\container\dockerandaction\ApiControllerTest.java. Using fallback presentation compiler.
2026.09.11 14:13:16 INFO  no build target found for C:\Users\user\Downloads\dockerandaction\dockerandaction\src\test\java\com\container\dockerandaction\ApiControllerTest.java. Using fallback presentation compiler.
2026.09.11 14:13:18 INFO  no build target found for C:\Users\user\Downloads\dockerandaction\dockerandaction\src\test\java\com\container\dockerandaction\ApiControllerTest.java. Using fallback presentation compiler.
2026.09.11 14:13:18 INFO  no build target found for C:\Users\user\Downloads\dockerandaction\dockerandaction\src\test\java\com\container\dockerandaction\ApiControllerTest.java. Using fallback presentation compiler.
2026.09.11 14:13:19 INFO  no build target found for C:\Users\user\Downloads\dockerandaction\dockerandaction\src\test\java\com\container\dockerandaction\ApiControllerTest.java. Using fallback presentation compiler.
2026.09.11 14:13:19 INFO  no build target found for C:\Users\user\Downloads\dockerandaction\dockerandaction\src\test\java\com\container\dockerandaction\ApiControllerTest.java. Using fallback presentation compiler.
2026.09.11 14:13:22 INFO  no build target found for C:\Users\user\Downloads\dockerandaction\dockerandaction\src\test\java\com\container\dockerandaction\ApiControllerTest.java. Using fallback presentation compiler.
2026.09.11 14:13:24 INFO  no build target found for C:\Users\user\Downloads\dockerandaction\dockerandaction\src\test\java\com\container\dockerandaction\ApiControllerTest.java. Using fallback presentation compiler.
2026.09.11 14:13:25 INFO  no build target found for C:\Users\user\Downloads\dockerandaction\dockerandaction\src\test\java\com\container\dockerandaction\ApiControllerTest.java. Using fallback presentation compiler.
2026.09.11 14:13:26 INFO  no build target found for C:\Users\user\Downloads\dockerandaction\dockerandaction\src\test\java\com\container\dockerandaction\ApiControllerTest.java. Using fallback presentation compiler.
2026.09.11 14:13:26 INFO  no build target found for C:\Users\user\Downloads\dockerandaction\dockerandaction\src\test\java\com\container\dockerandaction\ApiControllerTest.java. Using fallback presentation compiler.
2026.09.11 14:13:26 INFO  no build target found for C:\Users\user\Downloads\dockerandaction\dockerandaction\src\test\java\com\container\dockerandaction\ApiControllerTest.java. Using fallback presentation compiler.
2026.09.11 14:13:28 INFO  no build target found for C:\Users\user\Downloads\dockerandaction\dockerandaction\src\test\java\com\container\dockerandaction\ApiControllerTest.java. Using fallback presentation compiler.
2026.09.11 14:13:29 INFO  no build target found for C:\Users\user\Downloads\dockerandaction\dockerandaction\src\test\java\com\container\dockerandaction\ApiControllerTest.java. Using fallback presentation compiler.
2026.09.11 14:13:29 INFO  no build target found for C:\Users\user\Downloads\dockerandaction\dockerandaction\src\test\java\com\container\dockerandaction\ApiControllerTest.java. Using fallback presentation compiler.
2026.09.11 14:13:29 INFO  no build target found for C:\Users\user\Downloads\dockerandaction\dockerandaction\src\test\java\com\container\dockerandaction\ApiControllerTest.java. Using fallback presentation compiler.
2026.09.11 14:13:30 INFO  no build target found for C:\Users\user\Downloads\dockerandaction\dockerandaction\src\test\java\com\container\dockerandaction\ApiControllerTest.java. Using fallback presentation compiler.
2026.09.11 14:13:30 INFO  no build target found for C:\Users\user\Downloads\dockerandaction\dockerandaction\src\test\java\com\container\dockerandaction\ApiControllerTest.java. Using fallback presentation compiler.
2026.09.11 14:13:32 INFO  no build target found for C:\Users\user\Downloads\dockerandaction\dockerandaction\src\test\java\com\container\dockerandaction\ApiControllerTest.java. Using fallback presentation compiler.
2026.09.11 14:13:32 INFO  no build target found for C:\Users\user\Downloads\dockerandaction\dockerandaction\src\test\java\com\container\dockerandaction\ApiControllerTest.java. Using fallback presentation compiler.
2026.09.11 14:13:32 INFO  no build target found for C:\Users\user\Downloads\dockerandaction\dockerandaction\src\test\java\com\container\dockerandaction\ApiControllerTest.java. Using fallback presentation compiler.
2026.09.11 14:13:34 INFO  no build target found for C:\Users\user\Downloads\dockerandaction\dockerandaction\src\test\java\com\container\dockerandaction\ApiControllerTest.java. Using fallback presentation compiler.
2026.09.11 14:13:34 INFO  no build target found for C:\Users\user\Downloads\dockerandaction\dockerandaction\src\test\java\com\container\dockerandaction\ApiControllerTest.java. Using fallback presentation compiler.
2026.09.11 14:13:34 INFO  no build target found for C:\Users\user\Downloads\dockerandaction\dockerandaction\src\test\java\com\container\dockerandaction\ApiControllerTest.java. Using fallback presentation compiler.
2026.09.11 14:13:37 INFO  no build target found for C:\Users\user\Downloads\dockerandaction\dockerandaction\src\test\java\com\container\dockerandaction\ApiControllerTest.java. Using fallback presentation compiler.
2026.09.11 14:13:39 INFO  no build target found for C:\Users\user\Downloads\dockerandaction\dockerandaction\src\test\java\com\container\dockerandaction\ApiControllerTest.java. Using fallback presentation compiler.
2026.09.11 14:13:41 INFO  no build target found for C:\Users\user\Downloads\dockerandaction\dockerandaction\src\test\java\com\container\dockerandaction\ApiControllerTest.java. Using fallback presentation compiler.
2026.09.11 14:13:41 INFO  no build target found for C:\Users\user\Downloads\dockerandaction\dockerandaction\src\test\java\com\container\dockerandaction\ApiControllerTest.java. Using fallback presentation compiler.
2026.09.11 14:13:41 INFO  no build target found for C:\Users\user\Downloads\dockerandaction\dockerandaction\src\test\java\com\container\dockerandaction\ApiControllerTest.java. Using fallback presentation compiler.
2026.09.11 14:13:42 INFO  no build target found for C:\Users\user\Downloads\dockerandaction\dockerandaction\src\test\java\com\container\dockerandaction\ApiControllerTest.java. Using fallback presentation compiler.
2026.09.11 14:13:44 INFO  no build target found for C:\Users\user\Downloads\dockerandaction\dockerandaction\src\test\java\com\container\dockerandaction\ApiControllerTest.java. Using fallback presentation compiler.
2026.09.11 14:13:49 INFO  no build target found for C:\Users\user\Downloads\dockerandaction\dockerandaction\src\test\java\com\container\dockerandaction\ApiControllerTest.java. Using fallback presentation compiler.
2026.09.11 14:13:50 INFO  no build target found for C:\Users\user\Downloads\dockerandaction\dockerandaction\src\test\java\com\container\dockerandaction\ApiControllerTest.java. Using fallback presentation compiler.
2026.09.11 14:13:50 INFO  no build target found for C:\Users\user\Downloads\dockerandaction\dockerandaction\src\test\java\com\container\dockerandaction\ApiControllerTest.java. Using fallback presentation compiler.
2026.09.11 14:13:51 INFO  no build target found for C:\Users\user\Downloads\dockerandaction\dockerandaction\src\test\java\com\container\dockerandaction\ApiControllerTest.java. Using fallback presentation compiler.
2026.09.11 14:13:53 INFO  no build target found for C:\Users\user\Downloads\dockerandaction\dockerandaction\src\test\java\com\container\dockerandaction\ApiControllerTest.java. Using fallback presentation compiler.
2026.09.11 14:13:53 INFO  no build target found for C:\Users\user\Downloads\dockerandaction\dockerandaction\src\test\java\com\container\dockerandaction\ApiControllerTest.java. Using fallback presentation compiler.
2026.09.11 14:13:53 INFO  no build target found for C:\Users\user\Downloads\dockerandaction\dockerandaction\src\test\java\com\container\dockerandaction\ApiControllerTest.java. Using fallback presentation compiler.
2026.09.11 14:13:56 INFO  no build target found for C:\Users\user\Downloads\dockerandaction\dockerandaction\src\test\java\com\container\dockerandaction\ApiControllerTest.java. Using fallback presentation compiler.
2026.09.11 14:13:57 INFO  no build target found for C:\Users\user\Downloads\dockerandaction\dockerandaction\src\test\java\com\container\dockerandaction\ApiControllerTest.java. Using fallback presentation compiler.
2026.09.11 14:13:59 INFO  no build target found for C:\Users\user\Downloads\dockerandaction\dockerandaction\src\test\java\com\container\dockerandaction\ApiControllerTest.java. Using fallback presentation compiler.
2026.09.11 14:14:01 INFO  no build target found for C:\Users\user\Downloads\dockerandaction\dockerandaction\src\test\java\com\container\dockerandaction\ApiControllerTest.java. Using fallback presentation compiler.
2026.09.11 14:14:01 INFO  no build target found for C:\Users\user\Downloads\dockerandaction\dockerandaction\src\test\java\com\container\dockerandaction\ApiControllerTest.java. Using fallback presentation compiler.
2026.09.11 14:14:02 INFO  no build target found for C:\Users\user\Downloads\dockerandaction\dockerandaction\src\test\java\com\container\dockerandaction\ApiControllerTest.java. Using fallback presentation compiler.
2026.09.11 14:14:04 INFO  no build target found for C:\Users\user\Downloads\dockerandaction\dockerandaction\src\test\java\com\container\dockerandaction\ApiControllerTest.java. Using fallback presentation compiler.
2026.09.11 14:14:08 INFO  no build target found for C:\Users\user\Downloads\dockerandaction\dockerandaction\src\test\java\com\container\dockerandaction\ApiControllerTest.java. Using fallback presentation compiler.
2026.09.11 14:14:10 INFO  no build target found for C:\Users\user\Downloads\dockerandaction\dockerandaction\src\test\java\com\container\dockerandaction\ApiControllerTest.java. Using fallback presentation compiler.
2026.09.11 14:14:12 INFO  no build target found for C:\Users\user\Downloads\dockerandaction\dockerandaction\src\test\java\com\container\dockerandaction\ApiControllerTest.java. Using fallback presentation compiler.
2026.09.11 14:14:12 INFO  no build target found for C:\Users\user\Downloads\dockerandaction\dockerandaction\src\test\java\com\container\dockerandaction\ApiControllerTest.java. Using fallback presentation compiler.
2026.09.11 14:14:16 INFO  no build target found for C:\Users\user\Downloads\dockerandaction\dockerandaction\src\test\java\com\container\dockerandaction\ApiControllerTest.java. Using fallback presentation compiler.
2026.09.11 14:14:19 INFO  no build target found for C:\Users\user\Downloads\dockerandaction\dockerandaction\src\test\java\com\container\dockerandaction\ApiControllerTest.java. Using fallback presentation compiler.
2026.09.11 14:14:21 INFO  no build target found for C:\Users\user\Downloads\dockerandaction\dockerandaction\src\test\java\com\container\dockerandaction\ApiControllerTest.java. Using fallback presentation compiler.
2026.09.11 14:14:21 INFO  no build target found for C:\Users\user\Downloads\dockerandaction\dockerandaction\src\test\java\com\container\dockerandaction\ApiControllerTest.java. Using fallback presentation compiler.
2026.09.11 14:14:21 INFO  no build target found for C:\Users\user\Downloads\dockerandaction\dockerandaction\src\test\java\com\container\dockerandaction\ApiControllerTest.java. Using fallback presentation compiler.
2026.09.11 14:14:24 INFO  no build target found for C:\Users\user\Downloads\dockerandaction\dockerandaction\src\test\java\com\container\dockerandaction\ApiControllerTest.java. Using fallback presentation compiler.
2026.09.11 14:14:26 INFO  no build target found for C:\Users\user\Downloads\dockerandaction\dockerandaction\src\test\java\com\container\dockerandaction\ApiControllerTest.java. Using fallback presentation compiler.
Sept 11, 2026 2:14:26 PM org.eclipse.lsp4j.jsonrpc.RemoteEndpoint handleCancellation
WARNING: Unmatched cancel notification for request id 89
2026.09.11 14:14:26 INFO  no build target found for C:\Users\user\Downloads\dockerandaction\dockerandaction\src\test\java\com\container\dockerandaction\ApiControllerTest.java. Using fallback presentation compiler.
2026.09.11 14:14:27 INFO  no build target found for C:\Users\user\Downloads\dockerandaction\dockerandaction\src\test\java\com\container\dockerandaction\ApiControllerTest.java. Using fallback presentation compiler.
2026.09.11 14:14:27 INFO  no build target found for C:\Users\user\Downloads\dockerandaction\dockerandaction\src\test\java\com\container\dockerandaction\ApiControllerTest.java. Using fallback presentation compiler.
2026.09.11 14:14:29 INFO  no build target found for C:\Users\user\Downloads\dockerandaction\dockerandaction\src\test\java\com\container\dockerandaction\ApiControllerTest.java. Using fallback presentation compiler.
2026.09.11 14:14:29 INFO  no build target found for C:\Users\user\Downloads\dockerandaction\dockerandaction\src\test\java\com\container\dockerandaction\ApiControllerTest.java. Using fallback presentation compiler.
2026.09.11 14:14:29 INFO  no build target found for C:\Users\user\Downloads\dockerandaction\dockerandaction\src\test\java\com\container\dockerandaction\ApiControllerTest.java. Using fallback presentation compiler.
2026.09.11 14:14:31 INFO  no build target found for C:\Users\user\Downloads\dockerandaction\dockerandaction\src\test\java\com\container\dockerandaction\ApiControllerTest.java. Using fallback presentation compiler.
2026.09.11 14:14:35 INFO  no build target found for C:\Users\user\Downloads\dockerandaction\dockerandaction\src\test\java\com\container\dockerandaction\ApiControllerTest.java. Using fallback presentation compiler.
2026.09.11 14:14:37 INFO  no build target found for C:\Users\user\Downloads\dockerandaction\dockerandaction\src\test\java\com\container\dockerandaction\ApiControllerTest.java. Using fallback presentation compiler.
2026.09.11 14:14:40 INFO  no build target found for C:\Users\user\Downloads\dockerandaction\dockerandaction\src\test\java\com\container\dockerandaction\ApiControllerTest.java. Using fallback presentation compiler.
2026.09.11 14:14:41 INFO  no build target found for C:\Users\user\Downloads\dockerandaction\dockerandaction\src\test\java\com\container\dockerandaction\ApiControllerTest.java. Using fallback presentation compiler.
2026.09.11 14:14:44 INFO  no build target found for C:\Users\user\Downloads\dockerandaction\dockerandaction\src\test\java\com\container\dockerandaction\ApiControllerTest.java. Using fallback presentation compiler.
2026.09.11 14:14:44 INFO  no build target found for C:\Users\user\Downloads\dockerandaction\dockerandaction\src\test\java\com\container\dockerandaction\ApiControllerTest.java. Using fallback presentation compiler.
2026.09.11 14:14:45 INFO  no build target found for C:\Users\user\Downloads\dockerandaction\dockerandaction\src\test\java\com\container\dockerandaction\ApiControllerTest.java. Using fallback presentation compiler.
2026.09.11 14:14:47 INFO  no build target found for C:\Users\user\Downloads\dockerandaction\dockerandaction\src\test\java\com\container\dockerandaction\ApiControllerTest.java. Using fallback presentation compiler.
2026.09.11 14:14:49 INFO  no build target found for C:\Users\user\Downloads\dockerandaction\dockerandaction\src\test\java\com\container\dockerandaction\ApiControllerTest.java. Using fallback presentation compiler.
2026.09.11 14:14:49 INFO  no build target found for C:\Users\user\Downloads\dockerandaction\dockerandaction\src\test\java\com\container\dockerandaction\ApiControllerTest.java. Using fallback presentation compiler.
2026.09.11 14:14:52 INFO  no build target found for C:\Users\user\Downloads\dockerandaction\dockerandaction\src\test\java\com\container\dockerandaction\ApiControllerTest.java. Using fallback presentation compiler.
2026.09.11 14:14:53 INFO  no build target found for C:\Users\user\Downloads\dockerandaction\dockerandaction\src\test\java\com\container\dockerandaction\ApiControllerTest.java. Using fallback presentation compiler.
2026.09.11 14:14:55 INFO  no build target found for C:\Users\user\Downloads\dockerandaction\dockerandaction\src\test\java\com\container\dockerandaction\ApiControllerTest.java. Using fallback presentation compiler.
2026.09.11 14:14:56 INFO  no build target found for C:\Users\user\Downloads\dockerandaction\dockerandaction\src\test\java\com\container\dockerandaction\ApiControllerTest.java. Using fallback presentation compiler.
2026.09.11 14:14:56 INFO  no build target found for C:\Users\user\Downloads\dockerandaction\dockerandaction\src\test\java\com\container\dockerandaction\ApiControllerTest.java. Using fallback presentation compiler.
2026.09.11 14:14:58 INFO  no build target found for C:\Users\user\Downloads\dockerandaction\dockerandaction\src\test\java\com\container\dockerandaction\ApiControllerTest.java. Using fallback presentation compiler.
2026.09.11 14:15:01 INFO  no build target found for C:\Users\user\Downloads\dockerandaction\dockerandaction\src\test\java\com\container\dockerandaction\ApiControllerTest.java. Using fallback presentation compiler.
2026.09.11 14:15:01 INFO  no build target found for C:\Users\user\Downloads\dockerandaction\dockerandaction\src\test\java\com\container\dockerandaction\ApiControllerTest.java. Using fallback presentation compiler.
2026.09.11 14:15:01 INFO  no build target found for C:\Users\user\Downloads\dockerandaction\dockerandaction\src\test\java\com\container\dockerandaction\ApiControllerTest.java. Using fallback presentation compiler.
2026.09.11 14:15:05 INFO  no build target found for C:\Users\user\Downloads\dockerandaction\dockerandaction\src\test\java\com\container\dockerandaction\ApiControllerTest.java. Using fallback presentation compiler.
2026.09.11 14:15:07 INFO  no build target found for C:\Users\user\Downloads\dockerandaction\dockerandaction\src\test\java\com\container\dockerandaction\ApiControllerTest.java. Using fallback presentation compiler.
2026.09.11 14:15:08 INFO  no build target found for C:\Users\user\Downloads\dockerandaction\dockerandaction\src\test\java\com\container\dockerandaction\ApiControllerTest.java. Using fallback presentation compiler.
2026.09.11 14:15:10 INFO  no build target found for C:\Users\user\Downloads\dockerandaction\dockerandaction\src\test\java\com\container\dockerandaction\ApiControllerTest.java. Using fallback presentation compiler.
2026.09.11 14:15:10 INFO  no build target found for C:\Users\user\Downloads\dockerandaction\dockerandaction\src\test\java\com\container\dockerandaction\ApiControllerTest.java. Using fallback presentation compiler.
2026.09.11 14:15:10 INFO  no build target found for C:\Users\user\Downloads\dockerandaction\dockerandaction\src\test\java\com\container\dockerandaction\ApiControllerTest.java. Using fallback presentation compiler.
2026.09.11 14:15:11 INFO  no build target found for C:\Users\user\Downloads\dockerandaction\dockerandaction\src\test\java\com\container\dockerandaction\ApiControllerTest.java. Using fallback presentation compiler.
2026.09.11 14:15:12 INFO  no build target found for C:\Users\user\Downloads\dockerandaction\dockerandaction\src\test\java\com\container\dockerandaction\ApiControllerTest.java. Using fallback presentation compiler.
2026.09.11 14:15:12 INFO  no build target found for C:\Users\user\Downloads\dockerandaction\dockerandaction\src\test\java\com\container\dockerandaction\ApiControllerTest.java. Using fallback presentation compiler.
2026.09.11 14:15:14 INFO  no build target found for C:\Users\user\Downloads\dockerandaction\dockerandaction\src\test\java\com\container\dockerandaction\ApiControllerTest.java. Using fallback presentation compiler.
2026.09.11 14:15:14 INFO  no build target found for C:\Users\user\Downloads\dockerandaction\dockerandaction\src\test\java\com\container\dockerandaction\ApiControllerTest.java. Using fallback presentation compiler.
2026.09.11 14:15:15 INFO  no build target found for C:\Users\user\Downloads\dockerandaction\dockerandaction\src\test\java\com\container\dockerandaction\ApiControllerTest.java. Using fallback presentation compiler.
2026.09.11 14:15:15 INFO  no build target found for C:\Users\user\Downloads\dockerandaction\dockerandaction\src\test\java\com\container\dockerandaction\ApiControllerTest.java. Using fallback presentation compiler.
2026.09.11 14:15:16 INFO  no build target found for C:\Users\user\Downloads\dockerandaction\dockerandaction\src\test\java\com\container\dockerandaction\ApiControllerTest.java. Using fallback presentation compiler.
2026.09.11 14:15:18 INFO  no build target found for C:\Users\user\Downloads\dockerandaction\dockerandaction\src\test\java\com\container\dockerandaction\ApiControllerTest.java. Using fallback presentation compiler.
2026.09.11 14:15:18 INFO  no build target found for C:\Users\user\Downloads\dockerandaction\dockerandaction\src\test\java\com\container\dockerandaction\ApiControllerTest.java. Using fallback presentation compiler.
2026.09.11 14:15:19 INFO  no build target found for C:\Users\user\Downloads\dockerandaction\dockerandaction\src\test\java\com\container\dockerandaction\ApiControllerTest.java. Using fallback presentation compiler.
2026.09.11 14:15:20 INFO  no build target found for C:\Users\user\Downloads\dockerandaction\dockerandaction\src\test\java\com\container\dockerandaction\ApiControllerTest.java. Using fallback presentation compiler.
2026.09.11 14:15:20 INFO  no build target found for C:\Users\user\Downloads\dockerandaction\dockerandaction\src\test\java\com\container\dockerandaction\ApiControllerTest.java. Using fallback presentation compiler.
2026.09.11 14:15:22 INFO  no build target found for C:\Users\user\Downloads\dockerandaction\dockerandaction\src\test\java\com\container\dockerandaction\ApiControllerTest.java. Using fallback presentation compiler.
2026.09.11 14:15:23 INFO  no build target found for C:\Users\user\Downloads\dockerandaction\dockerandaction\src\test\java\com\container\dockerandaction\ApiControllerTest.java. Using fallback presentation compiler.
2026.09.11 14:15:23 INFO  no build target found for C:\Users\user\Downloads\dockerandaction\dockerandaction\src\test\java\com\container\dockerandaction\ApiControllerTest.java. Using fallback presentation compiler.
2026.09.11 14:15:25 INFO  no build target found for C:\Users\user\Downloads\dockerandaction\dockerandaction\src\test\java\com\container\dockerandaction\ApiControllerTest.java. Using fallback presentation compiler.
2026.09.11 14:15:29 INFO  no build target found for C:\Users\user\Downloads\dockerandaction\dockerandaction\src\test\java\com\container\dockerandaction\ApiControllerTest.java. Using fallback presentation compiler.
2026.09.11 14:15:34 INFO  no build target found for C:\Users\user\Downloads\dockerandaction\dockerandaction\src\test\java\com\container\dockerandaction\ApiControllerTest.java. Using fallback presentation compiler.
2026.09.11 14:15:34 INFO  no build target found for C:\Users\user\Downloads\dockerandaction\dockerandaction\src\test\java\com\container\dockerandaction\ApiControllerTest.java. Using fallback presentation compiler.
2026.09.11 14:15:35 INFO  no build target found for C:\Users\user\Downloads\dockerandaction\dockerandaction\src\test\java\com\container\dockerandaction\ApiControllerTest.java. Using fallback presentation compiler.
2026.09.11 14:15:35 INFO  no build target found for C:\Users\user\Downloads\dockerandaction\dockerandaction\src\test\java\com\container\dockerandaction\ApiControllerTest.java. Using fallback presentation compiler.
2026.09.11 14:15:35 INFO  no build target found for C:\Users\user\Downloads\dockerandaction\dockerandaction\src\test\java\com\container\dockerandaction\ApiControllerTest.java. Using fallback presentation compiler.
2026.09.11 14:15:38 INFO  no build target found for C:\Users\user\Downloads\dockerandaction\dockerandaction\src\test\java\com\container\dockerandaction\ApiControllerTest.java. Using fallback presentation compiler.
2026.09.11 14:15:40 INFO  no build target found for C:\Users\user\Downloads\dockerandaction\dockerandaction\src\test\java\com\container\dockerandaction\ApiControllerTest.java. Using fallback presentation compiler.
2026.09.11 14:15:40 INFO  no build target found for C:\Users\user\Downloads\dockerandaction\dockerandaction\src\test\java\com\container\dockerandaction\ApiControllerTest.java. Using fallback presentation compiler.
2026.09.11 14:15:41 INFO  no build target found for C:\Users\user\Downloads\dockerandaction\dockerandaction\src\test\java\com\container\dockerandaction\ApiControllerTest.java. Using fallback presentation compiler.
2026.09.11 14:15:42 INFO  no build target found for C:\Users\user\Downloads\dockerandaction\dockerandaction\src\test\java\com\container\dockerandaction\ApiControllerTest.java. Using fallback presentation compiler.
2026.09.11 14:15:42 INFO  no build target found for C:\Users\user\Downloads\dockerandaction\dockerandaction\src\test\java\com\container\dockerandaction\ApiControllerTest.java. Using fallback presentation compiler.
2026.09.11 14:15:47 INFO  no build target found for C:\Users\user\Downloads\dockerandaction\dockerandaction\src\test\java\com\container\dockerandaction\ApiControllerTest.java. Using fallback presentation compiler.
2026.09.11 14:15:47 INFO  no build target found for C:\Users\user\Downloads\dockerandaction\dockerandaction\src\test\java\com\container\dockerandaction\ApiControllerTest.java. Using fallback presentation compiler.
2026.09.11 14:15:47 INFO  no build target found for C:\Users\user\Downloads\dockerandaction\dockerandaction\src\test\java\com\container\dockerandaction\ApiControllerTest.java. Using fallback presentation compiler.
2026.09.11 14:15:49 INFO  no build target found for C:\Users\user\Downloads\dockerandaction\dockerandaction\src\test\java\com\container\dockerandaction\ApiControllerTest.java. Using fallback presentation compiler.
2026.09.11 14:15:57 INFO  no build target found for C:\Users\user\Downloads\dockerandaction\dockerandaction\src\test\java\com\container\dockerandaction\ApiControllerTest.java. Using fallback presentation compiler.
2026.09.11 14:16:05 INFO  no build target found for C:\Users\user\Downloads\dockerandaction\dockerandaction\src\test\java\com\container\dockerandaction\ApiControllerTest.java. Using fallback presentation compiler.
2026.09.11 14:16:06 INFO  no build target found for C:\Users\user\Downloads\dockerandaction\dockerandaction\src\test\java\com\container\dockerandaction\ApiControllerTest.java. Using fallback presentation compiler.
2026.09.11 14:16:12 INFO  no build target found for C:\Users\user\Downloads\dockerandaction\dockerandaction\src\test\java\com\container\dockerandaction\ApiControllerTest.java. Using fallback presentation compiler.
2026.09.11 14:16:12 INFO  no build target found for C:\Users\user\Downloads\dockerandaction\dockerandaction\src\test\java\com\container\dockerandaction\ApiControllerTest.java. Using fallback presentation compiler.
2026.09.11 14:16:21 INFO  no build target found for C:\Users\user\Downloads\dockerandaction\dockerandaction\src\test\java\com\container\dockerandaction\ApiControllerTest.java. Using fallback presentation compiler.
2026.09.11 14:16:24 INFO  no build target found for C:\Users\user\Downloads\dockerandaction\dockerandaction\src\test\java\com\container\dockerandaction\ApiControllerTest.java. Using fallback presentation compiler.
2026.09.11 14:16:24 INFO  no build target found for C:\Users\user\Downloads\dockerandaction\dockerandaction\src\test\java\com\container\dockerandaction\ApiControllerTest.java. Using fallback presentation compiler.
2026.09.11 14:16:25 INFO  no build target found for C:\Users\user\Downloads\dockerandaction\dockerandaction\src\test\java\com\container\dockerandaction\ApiControllerTest.java. Using fallback presentation compiler.
2026.09.11 14:16:29 INFO  no build target found for C:\Users\user\Downloads\dockerandaction\dockerandaction\src\test\java\com\container\dockerandaction\ApiControllerTest.java. Using fallback presentation compiler.
2026.09.11 14:16:33 INFO  no build target found for C:\Users\user\Downloads\dockerandaction\dockerandaction\src\test\java\com\container\dockerandaction\ApiControllerTest.java. Using fallback presentation compiler.
2026.09.11 14:16:33 INFO  no build target found for C:\Users\user\Downloads\dockerandaction\dockerandaction\src\test\java\com\container\dockerandaction\ApiControllerTest.java. Using fallback presentation compiler.
2026.09.11 14:16:35 INFO  no build target found for C:\Users\user\Downloads\dockerandaction\dockerandaction\src\test\java\com\container\dockerandaction\ApiControllerTest.java. Using fallback presentation compiler.
2026.09.11 14:16:35 INFO  no build target found for C:\Users\user\Downloads\dockerandaction\dockerandaction\src\test\java\com\container\dockerandaction\ApiControllerTest.java. Using fallback presentation compiler.
2026.09.11 14:16:38 INFO  no build target found for C:\Users\user\Downloads\dockerandaction\dockerandaction\src\test\java\com\container\dockerandaction\ApiControllerTest.java. Using fallback presentation compiler.
2026.09.11 14:16:42 INFO  no build target found for C:\Users\user\Downloads\dockerandaction\dockerandaction\src\test\java\com\container\dockerandaction\ApiControllerTest.java. Using fallback presentation compiler.
2026.09.11 14:16:42 INFO  no build target found for C:\Users\user\Downloads\dockerandaction\dockerandaction\src\test\java\com\container\dockerandaction\ApiControllerTest.java. Using fallback presentation compiler.
2026.09.11 14:16:44 INFO  no build target found for C:\Users\user\Downloads\dockerandaction\dockerandaction\src\test\java\com\container\dockerandaction\ApiControllerTest.java. Using fallback presentation compiler.
2026.09.11 14:16:44 INFO  no build target found for C:\Users\user\Downloads\dockerandaction\dockerandaction\src\test\java\com\container\dockerandaction\ApiControllerTest.java. Using fallback presentation compiler.
2026.09.11 14:16:48 INFO  no build target found for C:\Users\user\Downloads\dockerandaction\dockerandaction\src\test\java\com\container\dockerandaction\ApiControllerTest.java. Using fallback presentation compiler.
2026.09.11 14:16:50 INFO  no build target found for C:\Users\user\Downloads\dockerandaction\dockerandaction\src\test\java\com\container\dockerandaction\ApiControllerTest.java. Using fallback presentation compiler.
2026.09.11 14:16:50 INFO  no build target found for C:\Users\user\Downloads\dockerandaction\dockerandaction\src\test\java\com\container\dockerandaction\ApiControllerTest.java. Using fallback presentation compiler.
2026.09.11 14:16:58 INFO  no build target found for C:\Users\user\Downloads\dockerandaction\dockerandaction\src\test\java\com\container\dockerandaction\ApiControllerTest.java. Using fallback presentation compiler.
2026.09.11 14:17:06 INFO  no build target found for C:\Users\user\Downloads\dockerandaction\dockerandaction\src\test\java\com\container\dockerandaction\ApiControllerTest.java. Using fallback presentation compiler.
2026.09.11 14:17:06 INFO  no build target found for C:\Users\user\Downloads\dockerandaction\dockerandaction\src\test\java\com\container\dockerandaction\ApiControllerTest.java. Using fallback presentation compiler.
2026.09.11 14:17:09 INFO  no build target found for C:\Users\user\Downloads\dockerandaction\dockerandaction\src\test\java\com\container\dockerandaction\ApiControllerTest.java. Using fallback presentation compiler.
2026.09.11 14:17:09 INFO  no build target found for C:\Users\user\Downloads\dockerandaction\dockerandaction\src\test\java\com\container\dockerandaction\ApiControllerTest.java. Using fallback presentation compiler.
2026.09.11 14:17:12 INFO  no build target found for C:\Users\user\Downloads\dockerandaction\dockerandaction\src\test\java\com\container\dockerandaction\ApiControllerTest.java. Using fallback presentation compiler.
2026.09.11 14:17:12 INFO  no build target found for C:\Users\user\Downloads\dockerandaction\dockerandaction\src\test\java\com\container\dockerandaction\ApiControllerTest.java. Using fallback presentation compiler.
2026.09.11 14:17:13 INFO  no build target found for C:\Users\user\Downloads\dockerandaction\dockerandaction\src\test\java\com\container\dockerandaction\ApiControllerTest.java. Using fallback presentation compiler.
2026.09.11 14:17:14 INFO  no build target found for C:\Users\user\Downloads\dockerandaction\dockerandaction\src\test\java\com\container\dockerandaction\ApiControllerTest.java. Using fallback presentation compiler.
2026.09.11 14:17:14 INFO  no build target found for C:\Users\user\Downloads\dockerandaction\dockerandaction\src\test\java\com\container\dockerandaction\ApiControllerTest.java. Using fallback presentation compiler.
2026.09.11 14:17:22 INFO  no build target found for C:\Users\user\Downloads\dockerandaction\dockerandaction\src\test\java\com\container\dockerandaction\ApiControllerTest.java. Using fallback presentation compiler.
2026.09.11 14:17:30 INFO  no build target found for C:\Users\user\Downloads\dockerandaction\dockerandaction\src\test\java\com\container\dockerandaction\ApiControllerTest.java. Using fallback presentation compiler.
2026.09.11 14:17:33 INFO  no build target found for C:\Users\user\Downloads\dockerandaction\dockerandaction\src\test\java\com\container\dockerandaction\ApiControllerTest.java. Using fallback presentation compiler.
2026.09.11 14:17:34 INFO  no build target found for C:\Users\user\Downloads\dockerandaction\dockerandaction\src\test\java\com\container\dockerandaction\ApiControllerTest.java. Using fallback presentation compiler.
2026.09.11 14:17:34 INFO  no build target found for C:\Users\user\Downloads\dockerandaction\dockerandaction\src\test\java\com\container\dockerandaction\ApiControllerTest.java. Using fallback presentation compiler.
2026.09.11 14:17:38 INFO  no build target found for C:\Users\user\Downloads\dockerandaction\dockerandaction\src\test\java\com\container\dockerandaction\ApiControllerTest.java. Using fallback presentation compiler.
2026.09.11 14:17:46 INFO  no build target found for C:\Users\user\Downloads\dockerandaction\dockerandaction\src\test\java\com\container\dockerandaction\ApiControllerTest.java. Using fallback presentation compiler.
2026.09.11 14:17:46 INFO  no build target found for C:\Users\user\Downloads\dockerandaction\dockerandaction\src\test\java\com\container\dockerandaction\ApiControllerTest.java. Using fallback presentation compiler.
2026.09.11 14:17:47 INFO  no build target found for C:\Users\user\Downloads\dockerandaction\dockerandaction\src\test\java\com\container\dockerandaction\ApiControllerTest.java. Using fallback presentation compiler.
2026.09.11 14:17:50 INFO  no build target found for C:\Users\user\Downloads\dockerandaction\dockerandaction\src\test\java\com\container\dockerandaction\ApiControllerTest.java. Using fallback presentation compiler.
2026.09.11 14:17:55 INFO  no build target found for C:\Users\user\Downloads\dockerandaction\dockerandaction\src\test\java\com\container\dockerandaction\ApiControllerTest.java. Using fallback presentation compiler.
2026.09.11 14:18:01 INFO  no build target found for C:\Users\user\Downloads\dockerandaction\dockerandaction\src\test\java\com\container\dockerandaction\ApiControllerTest.java. Using fallback presentation compiler.
2026.09.11 14:18:01 INFO  no build target found for C:\Users\user\Downloads\dockerandaction\dockerandaction\src\test\java\com\container\dockerandaction\ApiControllerTest.java. Using fallback presentation compiler.
2026.09.11 14:18:01 INFO  no build target found for C:\Users\user\Downloads\dockerandaction\dockerandaction\src\test\java\com\container\dockerandaction\ApiControllerTest.java. Using fallback presentation compiler.
2026.09.11 14:18:03 INFO  no build target found for C:\Users\user\Downloads\dockerandaction\dockerandaction\src\test\java\com\container\dockerandaction\ApiControllerTest.java. Using fallback presentation compiler.
2026.09.11 14:18:05 INFO  no build target found for C:\Users\user\Downloads\dockerandaction\dockerandaction\src\test\java\com\container\dockerandaction\ApiControllerTest.java. Using fallback presentation compiler.
2026.09.11 14:18:06 INFO  no build target found for C:\Users\user\Downloads\dockerandaction\dockerandaction\src\test\java\com\container\dockerandaction\ApiControllerTest.java. Using fallback presentation compiler.
2026.09.11 14:18:07 INFO  no build target found for C:\Users\user\Downloads\dockerandaction\dockerandaction\src\test\java\com\container\dockerandaction\ApiControllerTest.java. Using fallback presentation compiler.
2026.09.11 14:18:14 INFO  no build target found for C:\Users\user\Downloads\dockerandaction\dockerandaction\src\test\java\com\container\dockerandaction\ApiControllerTest.java. Using fallback presentation compiler.
2026.09.11 14:18:16 INFO  no build target found for C:\Users\user\Downloads\dockerandaction\dockerandaction\src\test\java\com\container\dockerandaction\ApiControllerTest.java. Using fallback presentation compiler.
2026.09.11 14:18:20 INFO  no build target found for C:\Users\user\Downloads\dockerandaction\dockerandaction\src\test\java\com\container\dockerandaction\ApiControllerTest.java. Using fallback presentation compiler.
2026.09.11 14:18:24 INFO  no build target found for C:\Users\user\Downloads\dockerandaction\dockerandaction\src\test\java\com\container\dockerandaction\ApiControllerTest.java. Using fallback presentation compiler.
2026.09.11 14:18:31 INFO  no build target found for C:\Users\user\Downloads\dockerandaction\dockerandaction\src\test\java\com\container\dockerandaction\ApiControllerTest.java. Using fallback presentation compiler.
2026.09.11 14:18:38 INFO  no build target found for C:\Users\user\Downloads\dockerandaction\dockerandaction\src\test\java\com\container\dockerandaction\ApiControllerTest.java. Using fallback presentation compiler.
2026.09.11 14:18:39 INFO  no build target found for C:\Users\user\Downloads\dockerandaction\dockerandaction\src\test\java\com\container\dockerandaction\ApiControllerTest.java. Using fallback presentation compiler.
2026.09.11 14:18:47 INFO  no build target found for C:\Users\user\Downloads\dockerandaction\dockerandaction\src\test\java\com\container\dockerandaction\ApiControllerTest.java. Using fallback presentation compiler.
2026.09.11 14:18:55 INFO  no build target found for C:\Users\user\Downloads\dockerandaction\dockerandaction\src\test\java\com\container\dockerandaction\ApiControllerTest.java. Using fallback presentation compiler.
2026.09.11 14:18:55 INFO  no build target found for C:\Users\user\Downloads\dockerandaction\dockerandaction\src\test\java\com\container\dockerandaction\ApiControllerTest.java. Using fallback presentation compiler.
2026.09.11 14:19:04 INFO  no build target found for C:\Users\user\Downloads\dockerandaction\dockerandaction\src\test\java\com\container\dockerandaction\ApiControllerTest.java. Using fallback presentation compiler.
2026.09.11 14:19:07 INFO  no build target found for C:\Users\user\Downloads\dockerandaction\dockerandaction\src\test\java\com\container\dockerandaction\ApiControllerTest.java. Using fallback presentation compiler.
2026.09.11 14:19:09 INFO  no build target found for C:\Users\user\Downloads\dockerandaction\dockerandaction\src\test\java\com\container\dockerandaction\ApiControllerTest.java. Using fallback presentation compiler.
2026.09.11 14:19:09 INFO  no build target found for C:\Users\user\Downloads\dockerandaction\dockerandaction\src\test\java\com\container\dockerandaction\ApiControllerTest.java. Using fallback presentation compiler.
2026.09.11 14:19:09 INFO  no build target found for C:\Users\user\Downloads\dockerandaction\dockerandaction\src\test\java\com\container\dockerandaction\ApiControllerTest.java. Using fallback presentation compiler.
2026.09.11 14:19:20 INFO  no build target found for C:\Users\user\Downloads\dockerandaction\dockerandaction\src\test\java\com\container\dockerandaction\ApiControllerTest.java. Using fallback presentation compiler.
2026.09.11 14:19:28 INFO  no build target found for C:\Users\user\Downloads\dockerandaction\dockerandaction\src\test\java\com\container\dockerandaction\ApiControllerTest.java. Using fallback presentation compiler.
2026.09.11 14:19:33 INFO  no build target found for C:\Users\user\Downloads\dockerandaction\dockerandaction\src\test\java\com\container\dockerandaction\ApiControllerTest.java. Using fallback presentation compiler.
2026.09.11 14:19:36 INFO  no build target found for C:\Users\user\Downloads\dockerandaction\dockerandaction\src\test\java\com\container\dockerandaction\ApiControllerTest.java. Using fallback presentation compiler.
2026.09.11 14:19:43 INFO  no build target found for C:\Users\user\Downloads\dockerandaction\dockerandaction\src\test\java\com\container\dockerandaction\ApiControllerTest.java. Using fallback presentation compiler.
2026.09.11 14:19:43 INFO  no build target found for C:\Users\user\Downloads\dockerandaction\dockerandaction\src\test\java\com\container\dockerandaction\ApiControllerTest.java. Using fallback presentation compiler.
2026.09.11 14:19:51 INFO  no build target found for C:\Users\user\Downloads\dockerandaction\dockerandaction\src\test\java\com\container\dockerandaction\ApiControllerTest.java. Using fallback presentation compiler.
2026.09.11 14:19:59 INFO  no build target found for C:\Users\user\Downloads\dockerandaction\dockerandaction\src\test\java\com\container\dockerandaction\ApiControllerTest.java. Using fallback presentation compiler.
2026.09.11 14:20:00 INFO  no build target found for C:\Users\user\Downloads\dockerandaction\dockerandaction\src\test\java\com\container\dockerandaction\ApiControllerTest.java. Using fallback presentation compiler.
2026.09.11 14:20:15 INFO  no build target found for C:\Users\user\Downloads\dockerandaction\dockerandaction\src\test\java\com\container\dockerandaction\ApiControllerTest.java. Using fallback presentation compiler.
2026.09.11 14:20:24 INFO  no build target found for C:\Users\user\Downloads\dockerandaction\dockerandaction\src\test\java\com\container\dockerandaction\ApiControllerTest.java. Using fallback presentation compiler.
2026.09.11 14:20:30 INFO  no build target found for C:\Users\user\Downloads\dockerandaction\dockerandaction\src\test\java\com\container\dockerandaction\ApiControllerTest.java. Using fallback presentation compiler.
2026.09.11 14:20:30 INFO  no build target found for C:\Users\user\Downloads\dockerandaction\dockerandaction\src\test\java\com\container\dockerandaction\ApiControllerTest.java. Using fallback presentation compiler.
2026.09.11 14:20:36 INFO  no build target found for C:\Users\user\Downloads\dockerandaction\dockerandaction\src\test\java\com\container\dockerandaction\ApiControllerTest.java. Using fallback presentation compiler.
2026.09.11 14:20:38 INFO  no build target found for C:\Users\user\Downloads\dockerandaction\dockerandaction\src\test\java\com\container\dockerandaction\ApiControllerTest.java. Using fallback presentation compiler.
2026.09.11 14:20:45 INFO  no build target found for C:\Users\user\Downloads\dockerandaction\dockerandaction\src\test\java\com\container\dockerandaction\ApiControllerTest.java. Using fallback presentation compiler.
2026.09.11 14:20:48 INFO  no build target found for C:\Users\user\Downloads\dockerandaction\dockerandaction\src\test\java\com\container\dockerandaction\ApiControllerTest.java. Using fallback presentation compiler.
2026.09.11 14:20:53 INFO  no build target found for C:\Users\user\Downloads\dockerandaction\dockerandaction\src\test\java\com\container\dockerandaction\ApiControllerTest.java. Using fallback presentation compiler.
2026.09.11 14:20:58 INFO  no build target found for C:\Users\user\Downloads\dockerandaction\dockerandaction\src\test\java\com\container\dockerandaction\ApiControllerTest.java. Using fallback presentation compiler.
2026.09.11 14:21:01 INFO  no build target found for C:\Users\user\Downloads\dockerandaction\dockerandaction\src\test\java\com\container\dockerandaction\ApiControllerTest.java. Using fallback presentation compiler.
2026.09.11 14:21:07 INFO  no build target found for C:\Users\user\Downloads\dockerandaction\dockerandaction\src\test\java\com\container\dockerandaction\ApiControllerTest.java. Using fallback presentation compiler.
2026.09.11 14:21:09 INFO  no build target found for C:\Users\user\Downloads\dockerandaction\dockerandaction\src\test\java\com\container\dockerandaction\ApiControllerTest.java. Using fallback presentation compiler.
2026.09.11 14:21:17 INFO  no build target found for C:\Users\user\Downloads\dockerandaction\dockerandaction\src\test\java\com\container\dockerandaction\ApiControllerTest.java. Using fallback presentation compiler.
2026.09.11 14:21:32 INFO  no build target found for C:\Users\user\Downloads\dockerandaction\dockerandaction\src\test\java\com\container\dockerandaction\ApiControllerTest.java. Using fallback presentation compiler.
2026.09.11 14:21:32 INFO  no build target found for C:\Users\user\Downloads\dockerandaction\dockerandaction\src\test\java\com\container\dockerandaction\ApiControllerTest.java. Using fallback presentation compiler.
2026.09.11 14:21:37 INFO  no build target found for C:\Users\user\Downloads\dockerandaction\dockerandaction\src\test\java\com\container\dockerandaction\ApiControllerTest.java. Using fallback presentation compiler.
2026.09.11 14:21:41 INFO  no build target found for C:\Users\user\Downloads\dockerandaction\dockerandaction\src\test\java\com\container\dockerandaction\ApiControllerTest.java. Using fallback presentation compiler.
2026.09.11 14:21:46 INFO  no build target found for C:\Users\user\Downloads\dockerandaction\dockerandaction\src\test\java\com\container\dockerandaction\ApiControllerTest.java. Using fallback presentation compiler.
2026.09.11 14:21:48 INFO  no build target found for C:\Users\user\Downloads\dockerandaction\dockerandaction\src\test\java\com\container\dockerandaction\ApiControllerTest.java. Using fallback presentation compiler.
2026.09.11 14:21:49 INFO  no build target found for C:\Users\user\Downloads\dockerandaction\dockerandaction\src\test\java\com\container\dockerandaction\ApiControllerTest.java. Using fallback presentation compiler.
2026.09.11 14:21:49 INFO  no build target found for C:\Users\user\Downloads\dockerandaction\dockerandaction\src\test\java\com\container\dockerandaction\ApiControllerTest.java. Using fallback presentation compiler.
2026.09.11 14:21:56 INFO  no build target found for C:\Users\user\Downloads\dockerandaction\dockerandaction\src\test\java\com\container\dockerandaction\ApiControllerTest.java. Using fallback presentation compiler.
2026.09.11 14:22:04 INFO  no build target found for C:\Users\user\Downloads\dockerandaction\dockerandaction\src\test\java\com\container\dockerandaction\ApiControllerTest.java. Using fallback presentation compiler.
2026.09.11 14:22:12 INFO  no build target found for C:\Users\user\Downloads\dockerandaction\dockerandaction\src\test\java\com\container\dockerandaction\ApiControllerTest.java. Using fallback presentation compiler.
2026.09.11 14:22:19 INFO  no build target found for C:\Users\user\Downloads\dockerandaction\dockerandaction\src\test\java\com\container\dockerandaction\ApiControllerTest.java. Using fallback presentation compiler.
2026.09.11 14:22:27 INFO  no build target found for C:\Users\user\Downloads\dockerandaction\dockerandaction\src\test\java\com\container\dockerandaction\ApiControllerTest.java. Using fallback presentation compiler.
2026.09.11 14:22:35 INFO  no build target found for C:\Users\user\Downloads\dockerandaction\dockerandaction\src\test\java\com\container\dockerandaction\ApiControllerTest.java. Using fallback presentation compiler.
2026.09.11 14:22:35 INFO  no build target found for C:\Users\user\Downloads\dockerandaction\dockerandaction\src\test\java\com\container\dockerandaction\ApiControllerTest.java. Using fallback presentation compiler.
2026.09.11 14:22:41 INFO  no build target found for C:\Users\user\Downloads\dockerandaction\dockerandaction\src\test\java\com\container\dockerandaction\ApiControllerTest.java. Using fallback presentation compiler.
2026.09.11 14:22:43 INFO  no build target found for C:\Users\user\Downloads\dockerandaction\dockerandaction\src\test\java\com\container\dockerandaction\ApiControllerTest.java. Using fallback presentation compiler.
2026.09.11 14:22:46 INFO  no build target found for C:\Users\user\Downloads\dockerandaction\dockerandaction\src\test\java\com\container\dockerandaction\ApiControllerTest.java. Using fallback presentation compiler.
2026.09.11 14:22:58 INFO  no build target found for C:\Users\user\Downloads\dockerandaction\dockerandaction\src\test\java\com\container\dockerandaction\ApiControllerTest.java. Using fallback presentation compiler.
2026.09.11 14:23:00 INFO  no build target found for C:\Users\user\Downloads\dockerandaction\dockerandaction\src\test\java\com\container\dockerandaction\ApiControllerTest.java. Using fallback presentation compiler.
2026.09.11 14:23:00 INFO  no build target found for C:\Users\user\Downloads\dockerandaction\dockerandaction\src\test\java\com\container\dockerandaction\ApiControllerTest.java. Using fallback presentation compiler.
2026.09.11 14:23:05 INFO  no build target found for C:\Users\user\Downloads\dockerandaction\dockerandaction\src\test\java\com\container\dockerandaction\ApiControllerTest.java. Using fallback presentation compiler.
2026.09.11 14:23:05 INFO  no build target found for C:\Users\user\Downloads\dockerandaction\dockerandaction\src\test\java\com\container\dockerandaction\ApiControllerTest.java. Using fallback presentation compiler.
2026.09.11 14:23:05 INFO  no build target found for C:\Users\user\Downloads\dockerandaction\dockerandaction\src\test\java\com\container\dockerandaction\ApiControllerTest.java. Using fallback presentation compiler.
2026.09.11 14:23:14 INFO  no build target found for C:\Users\user\Downloads\dockerandaction\dockerandaction\src\test\java\com\container\dockerandaction\ApiControllerTest.java. Using fallback presentation compiler.
2026.09.11 14:23:21 INFO  no build target found for C:\Users\user\Downloads\dockerandaction\dockerandaction\src\test\java\com\container\dockerandaction\ApiControllerTest.java. Using fallback presentation compiler.
2026.09.11 14:23:29 INFO  no build target found for C:\Users\user\Downloads\dockerandaction\dockerandaction\src\test\java\com\container\dockerandaction\ApiControllerTest.java. Using fallback presentation compiler.
2026.09.11 14:23:32 INFO  no build target found for C:\Users\user\Downloads\dockerandaction\dockerandaction\src\test\java\com\container\dockerandaction\ApiControllerTest.java. Using fallback presentation compiler.
2026.09.11 14:23:32 INFO  no build target found for C:\Users\user\Downloads\dockerandaction\dockerandaction\src\test\java\com\container\dockerandaction\ApiControllerTest.java. Using fallback presentation compiler.
2026.09.11 14:23:39 INFO  no build target found for C:\Users\user\Downloads\dockerandaction\dockerandaction\src\test\java\com\container\dockerandaction\ApiControllerTest.java. Using fallback presentation compiler.
2026.09.11 14:23:43 INFO  no build target found for C:\Users\user\Downloads\dockerandaction\dockerandaction\src\test\java\com\container\dockerandaction\ApiControllerTest.java. Using fallback presentation compiler.
2026.09.11 14:23:45 INFO  no build target found for C:\Users\user\Downloads\dockerandaction\dockerandaction\src\test\java\com\container\dockerandaction\ApiControllerTest.java. Using fallback presentation compiler.
2026.09.11 14:23:53 INFO  no build target found for C:\Users\user\Downloads\dockerandaction\dockerandaction\src\test\java\com\container\dockerandaction\ApiControllerTest.java. Using fallback presentation compiler.
2026.09.11 14:23:53 INFO  no build target found for C:\Users\user\Downloads\dockerandaction\dockerandaction\src\test\java\com\container\dockerandaction\ApiControllerTest.java. Using fallback presentation compiler.
2026.09.11 14:23:56 INFO  no build target found for C:\Users\user\Downloads\dockerandaction\dockerandaction\src\test\java\com\container\dockerandaction\ApiControllerTest.java. Using fallback presentation compiler.
2026.09.11 14:24:01 INFO  no build target found for C:\Users\user\Downloads\dockerandaction\dockerandaction\src\test\java\com\container\dockerandaction\ApiControllerTest.java. Using fallback presentation compiler.
2026.09.11 14:24:03 INFO  no build target found for C:\Users\user\Downloads\dockerandaction\dockerandaction\src\test\java\com\container\dockerandaction\ApiControllerTest.java. Using fallback presentation compiler.
2026.09.11 14:24:13 INFO  no build target found for C:\Users\user\Downloads\dockerandaction\dockerandaction\src\test\java\com\container\dockerandaction\ApiControllerTest.java. Using fallback presentation compiler.
2026.09.11 14:24:17 INFO  no build target found for C:\Users\user\Downloads\dockerandaction\dockerandaction\src\test\java\com\container\dockerandaction\ApiControllerTest.java. Using fallback presentation compiler.
2026.09.11 14:24:17 INFO  no build target found for C:\Users\user\Downloads\dockerandaction\dockerandaction\src\test\java\com\container\dockerandaction\ApiControllerTest.java. Using fallback presentation compiler.
2026.09.11 14:24:22 INFO  no build target found for C:\Users\user\Downloads\dockerandaction\dockerandaction\src\test\java\com\container\dockerandaction\ApiControllerTest.java. Using fallback presentation compiler.
2026.09.11 14:24:22 INFO  no build target found for C:\Users\user\Downloads\dockerandaction\dockerandaction\src\test\java\com\container\dockerandaction\ApiControllerTest.java. Using fallback presentation compiler.
2026.09.11 14:24:25 INFO  no build target found for C:\Users\user\Downloads\dockerandaction\dockerandaction\src\test\java\com\container\dockerandaction\ApiControllerTest.java. Using fallback presentation compiler.
2026.09.11 14:24:32 INFO  no build target found for C:\Users\user\Downloads\dockerandaction\dockerandaction\src\test\java\com\container\dockerandaction\ApiControllerTest.java. Using fallback presentation compiler.
2026.09.11 14:24:48 INFO  no build target found for C:\Users\user\Downloads\dockerandaction\dockerandaction\src\test\java\com\container\dockerandaction\ApiControllerTest.java. Using fallback presentation compiler.
2026.09.11 14:24:51 INFO  no build target found for C:\Users\user\Downloads\dockerandaction\dockerandaction\src\test\java\com\container\dockerandaction\ApiControllerTest.java. Using fallback presentation compiler.
2026.09.11 14:25:03 INFO  no build target found for C:\Users\user\Downloads\dockerandaction\dockerandaction\src\test\java\com\container\dockerandaction\ApiControllerTest.java. Using fallback presentation compiler.
2026.09.11 14:25:09 INFO  no build target found for C:\Users\user\Downloads\dockerandaction\dockerandaction\src\test\java\com\container\dockerandaction\ApiControllerTest.java. Using fallback presentation compiler.
2026.09.11 14:25:09 INFO  no build target found for C:\Users\user\Downloads\dockerandaction\dockerandaction\src\test\java\com\container\dockerandaction\ApiControllerTest.java. Using fallback presentation compiler.
2026.09.11 14:25:26 INFO  no build target found for C:\Users\user\Downloads\dockerandaction\dockerandaction\src\test\java\com\container\dockerandaction\ApiControllerTest.java. Using fallback presentation compiler.
2026.09.11 14:25:34 INFO  no build target found for C:\Users\user\Downloads\dockerandaction\dockerandaction\src\test\java\com\container\dockerandaction\ApiControllerTest.java. Using fallback presentation compiler.
2026.09.11 14:25:39 INFO  no build target found for C:\Users\user\Downloads\dockerandaction\dockerandaction\src\test\java\com\container\dockerandaction\ApiControllerTest.java. Using fallback presentation compiler.
2026.09.11 14:25:42 INFO  no build target found for C:\Users\user\Downloads\dockerandaction\dockerandaction\src\test\java\com\container\dockerandaction\ApiControllerTest.java. Using fallback presentation compiler.
2026.09.11 14:25:42 INFO  no build target found for C:\Users\user\Downloads\dockerandaction\dockerandaction\src\test\java\com\container\dockerandaction\ApiControllerTest.java. Using fallback presentation compiler.
2026.09.11 14:25:43 INFO  no build target found for C:\Users\user\Downloads\dockerandaction\dockerandaction\src\test\java\com\container\dockerandaction\ApiControllerTest.java. Using fallback presentation compiler.
2026.09.11 14:25:50 INFO  no build target found for C:\Users\user\Downloads\dockerandaction\dockerandaction\src\test\java\com\container\dockerandaction\ApiControllerTest.java. Using fallback presentation compiler.
2026.09.11 14:25:57 INFO  no build target found for C:\Users\user\Downloads\dockerandaction\dockerandaction\src\test\java\com\container\dockerandaction\ApiControllerTest.java. Using fallback presentation compiler.
2026.09.11 14:26:05 INFO  no build target found for C:\Users\user\Downloads\dockerandaction\dockerandaction\src\test\java\com\container\dockerandaction\ApiControllerTest.java. Using fallback presentation compiler.
2026.09.11 14:26:13 INFO  no build target found for C:\Users\user\Downloads\dockerandaction\dockerandaction\src\test\java\com\container\dockerandaction\ApiControllerTest.java. Using fallback presentation compiler.
2026.09.11 14:26:16 INFO  no build target found for C:\Users\user\Downloads\dockerandaction\dockerandaction\src\test\java\com\container\dockerandaction\ApiControllerTest.java. Using fallback presentation compiler.
2026.09.11 14:26:21 INFO  no build target found for C:\Users\user\Downloads\dockerandaction\dockerandaction\src\test\java\com\container\dockerandaction\ApiControllerTest.java. Using fallback presentation compiler.
2026.09.11 14:26:27 INFO  no build target found for C:\Users\user\Downloads\dockerandaction\dockerandaction\src\test\java\com\container\dockerandaction\ApiControllerTest.java. Using fallback presentation compiler.
2026.09.11 14:26:36 INFO  no build target found for C:\Users\user\Downloads\dockerandaction\dockerandaction\src\test\java\com\container\dockerandaction\ApiControllerTest.java. Using fallback presentation compiler.
2026.09.11 14:26:43 INFO  no build target found for C:\Users\user\Downloads\dockerandaction\dockerandaction\src\test\java\com\container\dockerandaction\ApiControllerTest.java. Using fallback presentation compiler.
2026.09.11 14:26:51 INFO  no build target found for C:\Users\user\Downloads\dockerandaction\dockerandaction\src\test\java\com\container\dockerandaction\ApiControllerTest.java. Using fallback presentation compiler.
2026.09.11 14:27:06 INFO  no build target found for C:\Users\user\Downloads\dockerandaction\dockerandaction\src\test\java\com\container\dockerandaction\ApiControllerTest.java. Using fallback presentation compiler.
2026.09.11 14:27:08 INFO  no build target found for C:\Users\user\Downloads\dockerandaction\dockerandaction\src\test\java\com\container\dockerandaction\ApiControllerTest.java. Using fallback presentation compiler.
2026.09.11 14:27:22 INFO  no build target found for C:\Users\user\Downloads\dockerandaction\dockerandaction\src\test\java\com\container\dockerandaction\ApiControllerTest.java. Using fallback presentation compiler.
2026.09.11 14:27:24 INFO  no build target found for C:\Users\user\Downloads\dockerandaction\dockerandaction\src\test\java\com\container\dockerandaction\ApiControllerTest.java. Using fallback presentation compiler.
2026.09.11 14:27:37 INFO  no build target found for C:\Users\user\Downloads\dockerandaction\dockerandaction\src\test\java\com\container\dockerandaction\ApiControllerTest.java. Using fallback presentation compiler.
2026.09.11 14:27:45 INFO  no build target found for C:\Users\user\Downloads\dockerandaction\dockerandaction\src\test\java\com\container\dockerandaction\ApiControllerTest.java. Using fallback presentation compiler.
2026.09.11 14:27:53 INFO  no build target found for C:\Users\user\Downloads\dockerandaction\dockerandaction\src\test\java\com\container\dockerandaction\ApiControllerTest.java. Using fallback presentation compiler.
2026.09.11 14:28:08 INFO  no build target found for C:\Users\user\Downloads\dockerandaction\dockerandaction\src\test\java\com\container\dockerandaction\ApiControllerTest.java. Using fallback presentation compiler.
2026.09.11 14:28:16 INFO  no build target found for C:\Users\user\Downloads\dockerandaction\dockerandaction\src\test\java\com\container\dockerandaction\ApiControllerTest.java. Using fallback presentation compiler.
2026.09.11 14:28:19 INFO  no build target found for C:\Users\user\Downloads\dockerandaction\dockerandaction\src\test\java\com\container\dockerandaction\ApiControllerTest.java. Using fallback presentation compiler.
2026.09.11 14:28:31 INFO  no build target found for C:\Users\user\Downloads\dockerandaction\dockerandaction\src\test\java\com\container\dockerandaction\ApiControllerTest.java. Using fallback presentation compiler.
2026.09.11 14:28:40 INFO  no build target found for C:\Users\user\Downloads\dockerandaction\dockerandaction\src\test\java\com\container\dockerandaction\ApiControllerTest.java. Using fallback presentation compiler.
2026.09.11 14:28:46 INFO  no build target found for C:\Users\user\Downloads\dockerandaction\dockerandaction\src\test\java\com\container\dockerandaction\ApiControllerTest.java. Using fallback presentation compiler.
2026.09.11 14:28:48 INFO  no build target found for C:\Users\user\Downloads\dockerandaction\dockerandaction\src\test\java\com\container\dockerandaction\ApiControllerTest.java. Using fallback presentation compiler.
2026.09.11 14:28:55 INFO  no build target found for C:\Users\user\Downloads\dockerandaction\dockerandaction\src\test\java\com\container\dockerandaction\ApiControllerTest.java. Using fallback presentation compiler.
2026.09.11 14:29:03 INFO  no build target found for C:\Users\user\Downloads\dockerandaction\dockerandaction\src\test\java\com\container\dockerandaction\ApiControllerTest.java. Using fallback presentation compiler.
2026.09.11 14:29:07 INFO  no build target found for C:\Users\user\Downloads\dockerandaction\dockerandaction\src\test\java\com\container\dockerandaction\ApiControllerTest.java. Using fallback presentation compiler.
2026.09.11 14:29:11 INFO  no build target found for C:\Users\user\Downloads\dockerandaction\dockerandaction\src\test\java\com\container\dockerandaction\ApiControllerTest.java. Using fallback presentation compiler.
2026.09.11 14:29:19 INFO  no build target found for C:\Users\user\Downloads\dockerandaction\dockerandaction\src\test\java\com\container\dockerandaction\ApiControllerTest.java. Using fallback presentation compiler.
2026.09.11 14:29:26 INFO  no build target found for C:\Users\user\Downloads\dockerandaction\dockerandaction\src\test\java\com\container\dockerandaction\ApiControllerTest.java. Using fallback presentation compiler.
2026.09.11 14:29:34 INFO  no build target found for C:\Users\user\Downloads\dockerandaction\dockerandaction\src\test\java\com\container\dockerandaction\ApiControllerTest.java. Using fallback presentation compiler.
2026.09.11 14:29:41 INFO  no build target found for C:\Users\user\Downloads\dockerandaction\dockerandaction\src\test\java\com\container\dockerandaction\ApiControllerTest.java. Using fallback presentation compiler.
2026.09.11 14:29:41 INFO  no build target found for C:\Users\user\Downloads\dockerandaction\dockerandaction\src\test\java\com\container\dockerandaction\ApiControllerTest.java. Using fallback presentation compiler.
2026.09.11 14:29:48 INFO  no build target found for C:\Users\user\Downloads\dockerandaction\dockerandaction\src\test\java\com\container\dockerandaction\ApiControllerTest.java. Using fallback presentation compiler.
2026.09.11 14:29:53 INFO  no build target found for C:\Users\user\Downloads\dockerandaction\dockerandaction\src\test\java\com\container\dockerandaction\ApiControllerTest.java. Using fallback presentation compiler.
2026.09.11 14:30:00 INFO  no build target found for C:\Users\user\Downloads\dockerandaction\dockerandaction\src\test\java\com\container\dockerandaction\ApiControllerTest.java. Using fallback presentation compiler.
2026.09.11 14:30:09 INFO  no build target found for C:\Users\user\Downloads\dockerandaction\dockerandaction\src\test\java\com\container\dockerandaction\ApiControllerTest.java. Using fallback presentation compiler.
2026.09.11 14:30:09 INFO  no build target found for C:\Users\user\Downloads\dockerandaction\dockerandaction\src\test\java\com\container\dockerandaction\ApiControllerTest.java. Using fallback presentation compiler.
2026.09.11 14:30:14 INFO  no build target found for C:\Users\user\Downloads\dockerandaction\dockerandaction\src\test\java\com\container\dockerandaction\ApiControllerTest.java. Using fallback presentation compiler.
2026.09.11 14:30:21 INFO  no build target found for C:\Users\user\Downloads\dockerandaction\dockerandaction\src\test\java\com\container\dockerandaction\ApiControllerTest.java. Using fallback presentation compiler.
2026.09.11 14:30:37 INFO  no build target found for C:\Users\user\Downloads\dockerandaction\dockerandaction\src\test\java\com\container\dockerandaction\ApiControllerTest.java. Using fallback presentation compiler.
2026.09.11 14:30:45 INFO  no build target found for C:\Users\user\Downloads\dockerandaction\dockerandaction\src\test\java\com\container\dockerandaction\ApiControllerTest.java. Using fallback presentation compiler.
2026.09.11 14:30:51 INFO  no build target found for C:\Users\user\Downloads\dockerandaction\dockerandaction\src\test\java\com\container\dockerandaction\ApiControllerTest.java. Using fallback presentation compiler.
2026.09.11 14:30:51 INFO  no build target found for C:\Users\user\Downloads\dockerandaction\dockerandaction\src\test\java\com\container\dockerandaction\ApiControllerTest.java. Using fallback presentation compiler.
2026.09.11 14:30:53 INFO  no build target found for C:\Users\user\Downloads\dockerandaction\dockerandaction\src\test\java\com\container\dockerandaction\ApiControllerTest.java. Using fallback presentation compiler.
2026.09.11 14:31:00 INFO  no build target found for C:\Users\user\Downloads\dockerandaction\dockerandaction\src\test\java\com\container\dockerandaction\ApiControllerTest.java. Using fallback presentation compiler.
2026.09.11 14:31:08 INFO  no build target found for C:\Users\user\Downloads\dockerandaction\dockerandaction\src\test\java\com\container\dockerandaction\ApiControllerTest.java. Using fallback presentation compiler.
2026.09.11 14:31:15 INFO  no build target found for C:\Users\user\Downloads\dockerandaction\dockerandaction\src\test\java\com\container\dockerandaction\ApiControllerTest.java. Using fallback presentation compiler.
2026.09.11 14:31:23 INFO  no build target found for C:\Users\user\Downloads\dockerandaction\dockerandaction\src\test\java\com\container\dockerandaction\ApiControllerTest.java. Using fallback presentation compiler.
2026.09.11 14:31:31 INFO  no build target found for C:\Users\user\Downloads\dockerandaction\dockerandaction\src\test\java\com\container\dockerandaction\ApiControllerTest.java. Using fallback presentation compiler.
2026.09.11 14:31:31 INFO  no build target found for C:\Users\user\Downloads\dockerandaction\dockerandaction\src\test\java\com\container\dockerandaction\ApiControllerTest.java. Using fallback presentation compiler.
2026.09.11 14:31:31 INFO  no build target found for C:\Users\user\Downloads\dockerandaction\dockerandaction\src\test\java\com\container\dockerandaction\ApiControllerTest.java. Using fallback presentation compiler.
2026.09.11 14:31:39 INFO  no build target found for C:\Users\user\Downloads\dockerandaction\dockerandaction\src\test\java\com\container\dockerandaction\ApiControllerTest.java. Using fallback presentation compiler.
2026.09.11 14:31:46 INFO  no build target found for C:\Users\user\Downloads\dockerandaction\dockerandaction\src\test\java\com\container\dockerandaction\ApiControllerTest.java. Using fallback presentation compiler.
2026.09.11 14:31:54 INFO  no build target found for C:\Users\user\Downloads\dockerandaction\dockerandaction\src\test\java\com\container\dockerandaction\ApiControllerTest.java. Using fallback presentation compiler.
2026.09.11 14:32:02 INFO  no build target found for C:\Users\user\Downloads\dockerandaction\dockerandaction\src\test\java\com\container\dockerandaction\ApiControllerTest.java. Using fallback presentation compiler.
2026.09.11 14:32:05 INFO  no build target found for C:\Users\user\Downloads\dockerandaction\dockerandaction\src\test\java\com\container\dockerandaction\ApiControllerTest.java. Using fallback presentation compiler.
2026.09.11 14:32:10 INFO  no build target found for C:\Users\user\Downloads\dockerandaction\dockerandaction\src\test\java\com\container\dockerandaction\ApiControllerTest.java. Using fallback presentation compiler.
2026.09.11 14:32:18 INFO  no build target found for C:\Users\user\Downloads\dockerandaction\dockerandaction\src\test\java\com\container\dockerandaction\ApiControllerTest.java. Using fallback presentation compiler.
2026.09.11 14:32:25 INFO  no build target found for C:\Users\user\Downloads\dockerandaction\dockerandaction\src\test\java\com\container\dockerandaction\ApiControllerTest.java. Using fallback presentation compiler.
2026.09.11 14:32:31 INFO  no build target found for C:\Users\user\Downloads\dockerandaction\dockerandaction\src\test\java\com\container\dockerandaction\ApiControllerTest.java. Using fallback presentation compiler.
2026.09.11 14:32:31 INFO  no build target found for C:\Users\user\Downloads\dockerandaction\dockerandaction\src\test\java\com\container\dockerandaction\ApiControllerTest.java. Using fallback presentation compiler.
2026.09.11 14:32:33 INFO  no build target found for C:\Users\user\Downloads\dockerandaction\dockerandaction\src\test\java\com\container\dockerandaction\ApiControllerTest.java. Using fallback presentation compiler.
2026.09.11 14:32:41 INFO  no build target found for C:\Users\user\Downloads\dockerandaction\dockerandaction\src\test\java\com\container\dockerandaction\ApiControllerTest.java. Using fallback presentation compiler.
2026.09.11 14:32:48 INFO  no build target found for C:\Users\user\Downloads\dockerandaction\dockerandaction\src\test\java\com\container\dockerandaction\ApiControllerTest.java. Using fallback presentation compiler.
2026.09.11 14:32:56 INFO  no build target found for C:\Users\user\Downloads\dockerandaction\dockerandaction\src\test\java\com\container\dockerandaction\ApiControllerTest.java. Using fallback presentation compiler.
2026.09.11 14:33:04 INFO  no build target found for C:\Users\user\Downloads\dockerandaction\dockerandaction\src\test\java\com\container\dockerandaction\ApiControllerTest.java. Using fallback presentation compiler.
2026.09.11 14:33:08 INFO  no build target found for C:\Users\user\Downloads\dockerandaction\dockerandaction\src\test\java\com\container\dockerandaction\ApiControllerTest.java. Using fallback presentation compiler.
2026.09.11 14:33:12 INFO  no build target found for C:\Users\user\Downloads\dockerandaction\dockerandaction\src\test\java\com\container\dockerandaction\ApiControllerTest.java. Using fallback presentation compiler.
2026.09.11 14:33:13 INFO  no build target found for C:\Users\user\Downloads\dockerandaction\dockerandaction\src\test\java\com\container\dockerandaction\ApiControllerTest.java. Using fallback presentation compiler.
2026.09.11 14:33:28 INFO  no build target found for C:\Users\user\Downloads\dockerandaction\dockerandaction\src\test\java\com\container\dockerandaction\ApiControllerTest.java. Using fallback presentation compiler.
2026.09.11 14:33:35 INFO  no build target found for C:\Users\user\Downloads\dockerandaction\dockerandaction\src\test\java\com\container\dockerandaction\ApiControllerTest.java. Using fallback presentation compiler.
2026.09.11 14:33:51 INFO  no build target found for C:\Users\user\Downloads\dockerandaction\dockerandaction\src\test\java\com\container\dockerandaction\ApiControllerTest.java. Using fallback presentation compiler.
2026.09.11 14:34:07 INFO  no build target found for C:\Users\user\Downloads\dockerandaction\dockerandaction\src\test\java\com\container\dockerandaction\ApiControllerTest.java. Using fallback presentation compiler.
2026.09.11 14:34:14 INFO  no build target found for C:\Users\user\Downloads\dockerandaction\dockerandaction\src\test\java\com\container\dockerandaction\ApiControllerTest.java. Using fallback presentation compiler.
2026.09.11 14:34:20 INFO  no build target found for C:\Users\user\Downloads\dockerandaction\dockerandaction\src\test\java\com\container\dockerandaction\ApiControllerTest.java. Using fallback presentation compiler.
2026.09.11 14:34:22 INFO  no build target found for C:\Users\user\Downloads\dockerandaction\dockerandaction\src\test\java\com\container\dockerandaction\ApiControllerTest.java. Using fallback presentation compiler.
2026.09.11 14:34:22 INFO  no build target found for C:\Users\user\Downloads\dockerandaction\dockerandaction\src\test\java\com\container\dockerandaction\ApiControllerTest.java. Using fallback presentation compiler.
2026.09.11 14:34:30 INFO  no build target found for C:\Users\user\Downloads\dockerandaction\dockerandaction\src\test\java\com\container\dockerandaction\ApiControllerTest.java. Using fallback presentation compiler.
2026.09.11 14:34:38 INFO  no build target found for C:\Users\user\Downloads\dockerandaction\dockerandaction\src\test\java\com\container\dockerandaction\ApiControllerTest.java. Using fallback presentation compiler.
2026.09.11 14:34:41 INFO  no build target found for C:\Users\user\Downloads\dockerandaction\dockerandaction\src\test\java\com\container\dockerandaction\ApiControllerTest.java. Using fallback presentation compiler.
2026.09.11 14:34:46 INFO  no build target found for C:\Users\user\Downloads\dockerandaction\dockerandaction\src\test\java\com\container\dockerandaction\ApiControllerTest.java. Using fallback presentation compiler.
2026.09.11 14:34:53 INFO  no build target found for C:\Users\user\Downloads\dockerandaction\dockerandaction\src\test\java\com\container\dockerandaction\ApiControllerTest.java. Using fallback presentation compiler.
2026.09.11 14:35:02 INFO  no build target found for C:\Users\user\Downloads\dockerandaction\dockerandaction\src\test\java\com\container\dockerandaction\ApiControllerTest.java. Using fallback presentation compiler.
2026.09.11 14:35:08 INFO  no build target found for C:\Users\user\Downloads\dockerandaction\dockerandaction\src\test\java\com\container\dockerandaction\ApiControllerTest.java. Using fallback presentation compiler.
2026.09.11 14:35:24 INFO  no build target found for C:\Users\user\Downloads\dockerandaction\dockerandaction\src\test\java\com\container\dockerandaction\ApiControllerTest.java. Using fallback presentation compiler.
2026.09.11 14:35:30 INFO  no build target found for C:\Users\user\Downloads\dockerandaction\dockerandaction\src\test\java\com\container\dockerandaction\ApiControllerTest.java. Using fallback presentation compiler.
2026.09.11 14:35:32 INFO  no build target found for C:\Users\user\Downloads\dockerandaction\dockerandaction\src\test\java\com\container\dockerandaction\ApiControllerTest.java. Using fallback presentation compiler.
2026.09.11 14:35:32 INFO  no build target found for C:\Users\user\Downloads\dockerandaction\dockerandaction\src\test\java\com\container\dockerandaction\ApiControllerTest.java. Using fallback presentation compiler.
2026.09.11 14:35:33 INFO  no build target found for C:\Users\user\Downloads\dockerandaction\dockerandaction\src\test\java\com\container\dockerandaction\ApiControllerTest.java. Using fallback presentation compiler.
2026.09.11 14:35:39 INFO  no build target found for C:\Users\user\Downloads\dockerandaction\dockerandaction\src\test\java\com\container\dockerandaction\ApiControllerTest.java. Using fallback presentation compiler.
2026.09.11 14:35:47 INFO  no build target found for C:\Users\user\Downloads\dockerandaction\dockerandaction\src\test\java\com\container\dockerandaction\ApiControllerTest.java. Using fallback presentation compiler.
2026.09.11 14:35:55 INFO  no build target found for C:\Users\user\Downloads\dockerandaction\dockerandaction\src\test\java\com\container\dockerandaction\ApiControllerTest.java. Using fallback presentation compiler.
2026.09.11 14:36:03 INFO  no build target found for C:\Users\user\Downloads\dockerandaction\dockerandaction\src\test\java\com\container\dockerandaction\ApiControllerTest.java. Using fallback presentation compiler.
2026.09.11 14:36:07 INFO  no build target found for C:\Users\user\Downloads\dockerandaction\dockerandaction\src\test\java\com\container\dockerandaction\ApiControllerTest.java. Using fallback presentation compiler.
2026.09.11 14:36:07 INFO  no build target found for C:\Users\user\Downloads\dockerandaction\dockerandaction\src\test\java\com\container\dockerandaction\ApiControllerTest.java. Using fallback presentation compiler.
2026.09.11 14:36:18 INFO  no build target found for C:\Users\user\Downloads\dockerandaction\dockerandaction\src\test\java\com\container\dockerandaction\ApiControllerTest.java. Using fallback presentation compiler.
2026.09.11 14:36:34 INFO  no build target found for C:\Users\user\Downloads\dockerandaction\dockerandaction\src\test\java\com\container\dockerandaction\ApiControllerTest.java. Using fallback presentation compiler.
2026.09.11 14:36:38 INFO  no build target found for C:\Users\user\Downloads\dockerandaction\dockerandaction\src\test\java\com\container\dockerandaction\ApiControllerTest.java. Using fallback presentation compiler.
2026.09.11 14:36:42 INFO  no build target found for C:\Users\user\Downloads\dockerandaction\dockerandaction\src\test\java\com\container\dockerandaction\ApiControllerTest.java. Using fallback presentation compiler.
2026.09.11 14:36:50 INFO  no build target found for C:\Users\user\Downloads\dockerandaction\dockerandaction\src\test\java\com\container\dockerandaction\ApiControllerTest.java. Using fallback presentation compiler.
2026.09.11 14:36:52 INFO  no build target found for C:\Users\user\Downloads\dockerandaction\dockerandaction\src\test\java\com\container\dockerandaction\ApiControllerTest.java. Using fallback presentation compiler.
2026.09.11 14:36:52 INFO  no build target found for C:\Users\user\Downloads\dockerandaction\dockerandaction\src\test\java\com\container\dockerandaction\ApiControllerTest.java. Using fallback presentation compiler.
2026.09.11 14:36:58 INFO  no build target found for C:\Users\user\Downloads\dockerandaction\dockerandaction\src\test\java\com\container\dockerandaction\ApiControllerTest.java. Using fallback presentation compiler.
2026.09.11 14:37:06 INFO  no build target found for C:\Users\user\Downloads\dockerandaction\dockerandaction\src\test\java\com\container\dockerandaction\ApiControllerTest.java. Using fallback presentation compiler.
2026.09.11 14:37:13 INFO  no build target found for C:\Users\user\Downloads\dockerandaction\dockerandaction\src\test\java\com\container\dockerandaction\ApiControllerTest.java. Using fallback presentation compiler.
2026.09.11 14:37:21 INFO  no build target found for C:\Users\user\Downloads\dockerandaction\dockerandaction\src\test\java\com\container\dockerandaction\ApiControllerTest.java. Using fallback presentation compiler.
2026.09.11 14:37:37 INFO  no build target found for C:\Users\user\Downloads\dockerandaction\dockerandaction\src\test\java\com\container\dockerandaction\ApiControllerTest.java. Using fallback presentation compiler.
2026.09.11 14:37:44 INFO  no build target found for C:\Users\user\Downloads\dockerandaction\dockerandaction\src\test\java\com\container\dockerandaction\ApiControllerTest.java. Using fallback presentation compiler.
2026.09.11 14:37:46 INFO  no build target found for C:\Users\user\Downloads\dockerandaction\dockerandaction\src\test\java\com\container\dockerandaction\ApiControllerTest.java. Using fallback presentation compiler.
2026.09.11 14:37:53 INFO  no build target found for C:\Users\user\Downloads\dockerandaction\dockerandaction\src\test\java\com\container\dockerandaction\ApiControllerTest.java. Using fallback presentation compiler.
2026.09.11 14:37:55 INFO  no build target found for C:\Users\user\Downloads\dockerandaction\dockerandaction\src\test\java\com\container\dockerandaction\ApiControllerTest.java. Using fallback presentation compiler.
2026.09.11 14:38:08 INFO  no build target found for C:\Users\user\Downloads\dockerandaction\dockerandaction\src\test\java\com\container\dockerandaction\ApiControllerTest.java. Using fallback presentation compiler.
2026.09.11 14:38:08 INFO  no build target found for C:\Users\user\Downloads\dockerandaction\dockerandaction\src\test\java\com\container\dockerandaction\ApiControllerTest.java. Using fallback presentation compiler.
2026.09.11 14:38:17 INFO  no build target found for C:\Users\user\Downloads\dockerandaction\dockerandaction\src\test\java\com\container\dockerandaction\ApiControllerTest.java. Using fallback presentation compiler.
2026.09.11 14:38:24 INFO  no build target found for C:\Users\user\Downloads\dockerandaction\dockerandaction\src\test\java\com\container\dockerandaction\ApiControllerTest.java. Using fallback presentation compiler.
2026.09.11 14:38:32 INFO  no build target found for C:\Users\user\Downloads\dockerandaction\dockerandaction\src\test\java\com\container\dockerandaction\ApiControllerTest.java. Using fallback presentation compiler.
2026.09.11 14:38:35 INFO  no build target found for C:\Users\user\Downloads\dockerandaction\dockerandaction\src\test\java\com\container\dockerandaction\ApiControllerTest.java. Using fallback presentation compiler.
2026.09.11 14:38:40 INFO  no build target found for C:\Users\user\Downloads\dockerandaction\dockerandaction\src\test\java\com\container\dockerandaction\ApiControllerTest.java. Using fallback presentation compiler.
2026.09.11 14:38:48 INFO  no build target found for C:\Users\user\Downloads\dockerandaction\dockerandaction\src\test\java\com\container\dockerandaction\ApiControllerTest.java. Using fallback presentation compiler.
2026.09.11 14:38:53 INFO  no build target found for C:\Users\user\Downloads\dockerandaction\dockerandaction\src\test\java\com\container\dockerandaction\ApiControllerTest.java. Using fallback presentation compiler.
2026.09.11 14:38:56 INFO  no build target found for C:\Users\user\Downloads\dockerandaction\dockerandaction\src\test\java\com\container\dockerandaction\ApiControllerTest.java. Using fallback presentation compiler.
2026.09.11 14:39:10 INFO  no build target found for C:\Users\user\Downloads\dockerandaction\dockerandaction\src\test\java\com\container\dockerandaction\ApiControllerTest.java. Using fallback presentation compiler.
2026.09.11 14:39:28 INFO  no build target found for C:\Users\user\Downloads\dockerandaction\dockerandaction\src\test\java\com\container\dockerandaction\ApiControllerTest.java. Using fallback presentation compiler.
2026.09.11 14:39:31 INFO  no build target found for C:\Users\user\Downloads\dockerandaction\dockerandaction\src\test\java\com\container\dockerandaction\ApiControllerTest.java. Using fallback presentation compiler.
2026.09.11 14:39:35 INFO  no build target found for C:\Users\user\Downloads\dockerandaction\dockerandaction\src\test\java\com\container\dockerandaction\ApiControllerTest.java. Using fallback presentation compiler.
Sept 11, 2026 2:39:35 PM org.eclipse.lsp4j.jsonrpc.RemoteEndpoint handleCancellation
WARNING: Unmatched cancel notification for request id 423
2026.09.11 14:39:35 INFO  no build target found for C:\Users\user\Downloads\dockerandaction\dockerandaction\src\test\java\com\container\dockerandaction\ApiControllerTest.java. Using fallback presentation compiler.
2026.09.11 14:39:36 INFO  no build target found for C:\Users\user\Downloads\dockerandaction\dockerandaction\src\test\java\com\container\dockerandaction\ApiControllerTest.java. Using fallback presentation compiler.
2026.09.11 14:39:36 INFO  no build target found for C:\Users\user\Downloads\dockerandaction\dockerandaction\src\test\java\com\container\dockerandaction\ApiControllerTest.java. Using fallback presentation compiler.
2026.09.11 14:39:36 INFO  no build target found for C:\Users\user\Downloads\dockerandaction\dockerandaction\src\test\java\com\container\dockerandaction\ApiControllerTest.java. Using fallback presentation compiler.
2026.09.11 14:39:51 INFO  no build target found for C:\Users\user\Downloads\dockerandaction\dockerandaction\src\test\java\com\container\dockerandaction\ApiControllerTest.java. Using fallback presentation compiler.
2026.09.11 14:39:53 INFO  no build target found for C:\Users\user\Downloads\dockerandaction\dockerandaction\src\test\java\com\container\dockerandaction\ApiControllerTest.java. Using fallback presentation compiler.
2026.09.11 14:39:56 INFO  no build target found for C:\Users\user\Downloads\dockerandaction\dockerandaction\src\test\java\com\container\dockerandaction\ApiControllerTest.java. Using fallback presentation compiler.
2026.09.11 14:39:59 INFO  no build target found for C:\Users\user\Downloads\dockerandaction\dockerandaction\src\test\java\com\container\dockerandaction\ApiControllerTest.java. Using fallback presentation compiler.
2026.09.11 14:40:03 INFO  no build target found for C:\Users\user\Downloads\dockerandaction\dockerandaction\src\test\java\com\container\dockerandaction\ApiControllerTest.java. Using fallback presentation compiler.
2026.09.11 14:40:08 INFO  no build target found for C:\Users\user\Downloads\dockerandaction\dockerandaction\src\test\java\com\container\dockerandaction\ApiControllerTest.java. Using fallback presentation compiler.
2026.09.11 14:40:15 INFO  no build target found for C:\Users\user\Downloads\dockerandaction\dockerandaction\src\test\java\com\container\dockerandaction\ApiControllerTest.java. Using fallback presentation compiler.
2026.09.11 14:40:17 INFO  no build target found for C:\Users\user\Downloads\dockerandaction\dockerandaction\src\test\java\com\container\dockerandaction\ApiControllerTest.java. Using fallback presentation compiler.
2026.09.11 14:40:23 INFO  no build target found for C:\Users\user\Downloads\dockerandaction\dockerandaction\src\test\java\com\container\dockerandaction\ApiControllerTest.java. Using fallback presentation compiler.
2026.09.11 14:40:23 INFO  no build target found for C:\Users\user\Downloads\dockerandaction\dockerandaction\src\test\java\com\container\dockerandaction\ApiControllerTest.java. Using fallback presentation compiler.
2026.09.11 14:40:32 INFO  no build target found for C:\Users\user\Downloads\dockerandaction\dockerandaction\src\test\java\com\container\dockerandaction\ApiControllerTest.java. Using fallback presentation compiler.
2026.09.11 14:40:40 INFO  no build target found for C:\Users\user\Downloads\dockerandaction\dockerandaction\src\test\java\com\container\dockerandaction\ApiControllerTest.java. Using fallback presentation compiler.
2026.09.11 14:40:48 INFO  no build target found for C:\Users\user\Downloads\dockerandaction\dockerandaction\src\test\java\com\container\dockerandaction\ApiControllerTest.java. Using fallback presentation compiler.
2026.09.11 14:40:55 INFO  no build target found for C:\Users\user\Downloads\dockerandaction\dockerandaction\src\test\java\com\container\dockerandaction\ApiControllerTest.java. Using fallback presentation compiler.
2026.09.11 14:41:11 INFO  no build target found for C:\Users\user\Downloads\dockerandaction\dockerandaction\src\test\java\com\container\dockerandaction\ApiControllerTest.java. Using fallback presentation compiler.
2026.09.11 14:41:13 INFO  no build target found for C:\Users\user\Downloads\dockerandaction\dockerandaction\src\test\java\com\container\dockerandaction\ApiControllerTest.java. Using fallback presentation compiler.
2026.09.11 14:41:19 INFO  no build target found for C:\Users\user\Downloads\dockerandaction\dockerandaction\src\test\java\com\container\dockerandaction\ApiControllerTest.java. Using fallback presentation compiler.
2026.09.11 14:41:26 INFO  no build target found for C:\Users\user\Downloads\dockerandaction\dockerandaction\src\test\java\com\container\dockerandaction\ApiControllerTest.java. Using fallback presentation compiler.
2026.09.11 14:41:26 INFO  no build target found for C:\Users\user\Downloads\dockerandaction\dockerandaction\src\test\java\com\container\dockerandaction\ApiControllerTest.java. Using fallback presentation compiler.
2026.09.11 14:41:26 INFO  no build target found for C:\Users\user\Downloads\dockerandaction\dockerandaction\src\test\java\com\container\dockerandaction\ApiControllerTest.java. Using fallback presentation compiler.
2026.09.11 14:41:34 INFO  no build target found for C:\Users\user\Downloads\dockerandaction\dockerandaction\src\test\java\com\container\dockerandaction\ApiControllerTest.java. Using fallback presentation compiler.
2026.09.11 14:41:50 INFO  no build target found for C:\Users\user\Downloads\dockerandaction\dockerandaction\src\test\java\com\container\dockerandaction\ApiControllerTest.java. Using fallback presentation compiler.
2026.09.11 14:41:58 INFO  no build target found for C:\Users\user\Downloads\dockerandaction\dockerandaction\src\test\java\com\container\dockerandaction\ApiControllerTest.java. Using fallback presentation compiler.
2026.09.11 14:42:13 INFO  no build target found for C:\Users\user\Downloads\dockerandaction\dockerandaction\src\test\java\com\container\dockerandaction\ApiControllerTest.java. Using fallback presentation compiler.
2026.09.11 14:42:19 INFO  no build target found for C:\Users\user\Downloads\dockerandaction\dockerandaction\src\test\java\com\container\dockerandaction\ApiControllerTest.java. Using fallback presentation compiler.
2026.09.11 14:42:21 INFO  no build target found for C:\Users\user\Downloads\dockerandaction\dockerandaction\src\test\java\com\container\dockerandaction\ApiControllerTest.java. Using fallback presentation compiler.
2026.09.11 14:42:29 INFO  no build target found for C:\Users\user\Downloads\dockerandaction\dockerandaction\src\test\java\com\container\dockerandaction\ApiControllerTest.java. Using fallback presentation compiler.
2026.09.11 14:42:44 INFO  no build target found for C:\Users\user\Downloads\dockerandaction\dockerandaction\src\test\java\com\container\dockerandaction\ApiControllerTest.java. Using fallback presentation compiler.
2026.09.11 14:42:46 INFO  no build target found for C:\Users\user\Downloads\dockerandaction\dockerandaction\src\test\java\com\container\dockerandaction\ApiControllerTest.java. Using fallback presentation compiler.
2026.09.11 14:42:52 INFO  no build target found for C:\Users\user\Downloads\dockerandaction\dockerandaction\src\test\java\com\container\dockerandaction\ApiControllerTest.java. Using fallback presentation compiler.
2026.09.11 14:42:52 INFO  no build target found for C:\Users\user\Downloads\dockerandaction\dockerandaction\src\test\java\com\container\dockerandaction\ApiControllerTest.java. Using fallback presentation compiler.
2026.09.11 14:42:59 INFO  no build target found for C:\Users\user\Downloads\dockerandaction\dockerandaction\src\test\java\com\container\dockerandaction\ApiControllerTest.java. Using fallback presentation compiler.
2026.09.11 14:43:00 INFO  no build target found for C:\Users\user\Downloads\dockerandaction\dockerandaction\src\test\java\com\container\dockerandaction\ApiControllerTest.java. Using fallback presentation compiler.
2026.09.11 14:43:07 INFO  no build target found for C:\Users\user\Downloads\dockerandaction\dockerandaction\src\test\java\com\container\dockerandaction\ApiControllerTest.java. Using fallback presentation compiler.
2026.09.11 14:43:07 INFO  no build target found for C:\Users\user\Downloads\dockerandaction\dockerandaction\src\test\java\com\container\dockerandaction\ApiControllerTest.java. Using fallback presentation compiler.
2026.09.11 14:43:16 INFO  no build target found for C:\Users\user\Downloads\dockerandaction\dockerandaction\src\test\java\com\container\dockerandaction\ApiControllerTest.java. Using fallback presentation compiler.
2026.09.11 14:43:24 INFO  no build target found for C:\Users\user\Downloads\dockerandaction\dockerandaction\src\test\java\com\container\dockerandaction\ApiControllerTest.java. Using fallback presentation compiler.
2026.09.11 14:43:28 INFO  no build target found for C:\Users\user\Downloads\dockerandaction\dockerandaction\src\test\java\com\container\dockerandaction\ApiControllerTest.java. Using fallback presentation compiler.
2026.09.11 14:43:35 INFO  no build target found for C:\Users\user\Downloads\dockerandaction\dockerandaction\src\test\java\com\container\dockerandaction\ApiControllerTest.java. Using fallback presentation compiler.
2026.09.11 14:43:35 INFO  no build target found for C:\Users\user\Downloads\dockerandaction\dockerandaction\src\test\java\com\container\dockerandaction\ApiControllerTest.java. Using fallback presentation compiler.
2026.09.11 14:43:35 INFO  no build target found for C:\Users\user\Downloads\dockerandaction\dockerandaction\src\test\java\com\container\dockerandaction\ApiControllerTest.java. Using fallback presentation compiler.
2026.09.11 14:43:35 INFO  no build target found for C:\Users\user\Downloads\dockerandaction\dockerandaction\src\test\java\com\container\dockerandaction\ApiControllerTest.java. Using fallback presentation compiler.
2026.09.11 14:43:39 INFO  no build target found for C:\Users\user\Downloads\dockerandaction\dockerandaction\src\test\java\com\container\dockerandaction\ApiControllerTest.java. Using fallback presentation compiler.
2026.09.11 14:43:55 INFO  no build target found for C:\Users\user\Downloads\dockerandaction\dockerandaction\src\test\java\com\container\dockerandaction\ApiControllerTest.java. Using fallback presentation compiler.
2026.09.11 14:44:10 INFO  no build target found for C:\Users\user\Downloads\dockerandaction\dockerandaction\src\test\java\com\container\dockerandaction\ApiControllerTest.java. Using fallback presentation compiler.
2026.09.11 14:44:10 INFO  no build target found for C:\Users\user\Downloads\dockerandaction\dockerandaction\src\test\java\com\container\dockerandaction\ApiControllerTest.java. Using fallback presentation compiler.
2026.09.11 14:44:18 INFO  no build target found for C:\Users\user\Downloads\dockerandaction\dockerandaction\src\test\java\com\container\dockerandaction\ApiControllerTest.java. Using fallback presentation compiler.
2026.09.11 14:44:18 INFO  no build target found for C:\Users\user\Downloads\dockerandaction\dockerandaction\src\test\java\com\container\dockerandaction\ApiControllerTest.java. Using fallback presentation compiler.
2026.09.11 14:44:30 INFO  no build target found for C:\Users\user\Downloads\dockerandaction\dockerandaction\src\test\java\com\container\dockerandaction\ApiControllerTest.java. Using fallback presentation compiler.
2026.09.11 14:44:30 INFO  no build target found for C:\Users\user\Downloads\dockerandaction\dockerandaction\src\test\java\com\container\dockerandaction\ApiControllerTest.java. Using fallback presentation compiler.
2026.09.11 14:44:33 INFO  no build target found for C:\Users\user\Downloads\dockerandaction\dockerandaction\src\test\java\com\container\dockerandaction\ApiControllerTest.java. Using fallback presentation compiler.
2026.09.11 14:44:33 INFO  no build target found for C:\Users\user\Downloads\dockerandaction\dockerandaction\src\test\java\com\container\dockerandaction\ApiControllerTest.java. Using fallback presentation compiler.
2026.09.11 14:44:33 INFO  no build target found for C:\Users\user\Downloads\dockerandaction\dockerandaction\src\test\java\com\container\dockerandaction\ApiControllerTest.java. Using fallback presentation compiler.
2026.09.11 14:44:37 INFO  no build target found for C:\Users\user\Downloads\dockerandaction\dockerandaction\src\test\java\com\container\dockerandaction\ApiControllerTest.java. Using fallback presentation compiler.
2026.09.11 14:44:42 INFO  no build target found for C:\Users\user\Downloads\dockerandaction\dockerandaction\src\test\java\com\container\dockerandaction\ApiControllerTest.java. Using fallback presentation compiler.
2026.09.11 14:44:50 INFO  no build target found for C:\Users\user\Downloads\dockerandaction\dockerandaction\src\test\java\com\container\dockerandaction\ApiControllerTest.java. Using fallback presentation compiler.
2026.09.11 14:44:57 INFO  no build target found for C:\Users\user\Downloads\dockerandaction\dockerandaction\src\test\java\com\container\dockerandaction\ApiControllerTest.java. Using fallback presentation compiler.
2026.09.11 14:45:01 INFO  no build target found for C:\Users\user\Downloads\dockerandaction\dockerandaction\src\test\java\com\container\dockerandaction\ApiControllerTest.java. Using fallback presentation compiler.
2026.09.11 14:45:05 INFO  no build target found for C:\Users\user\Downloads\dockerandaction\dockerandaction\src\test\java\com\container\dockerandaction\ApiControllerTest.java. Using fallback presentation compiler.
2026.09.11 14:45:13 INFO  no build target found for C:\Users\user\Downloads\dockerandaction\dockerandaction\src\test\java\com\container\dockerandaction\ApiControllerTest.java. Using fallback presentation compiler.
2026.09.11 14:45:21 INFO  no build target found for C:\Users\user\Downloads\dockerandaction\dockerandaction\src\test\java\com\container\dockerandaction\ApiControllerTest.java. Using fallback presentation compiler.
2026.09.11 14:45:27 INFO  no build target found for C:\Users\user\Downloads\dockerandaction\dockerandaction\src\test\java\com\container\dockerandaction\ApiControllerTest.java. Using fallback presentation compiler.
2026.09.11 14:45:29 INFO  no build target found for C:\Users\user\Downloads\dockerandaction\dockerandaction\src\test\java\com\container\dockerandaction\ApiControllerTest.java. Using fallback presentation compiler.
2026.09.11 14:45:37 INFO  no build target found for C:\Users\user\Downloads\dockerandaction\dockerandaction\src\test\java\com\container\dockerandaction\ApiControllerTest.java. Using fallback presentation compiler.
2026.09.11 14:45:45 INFO  no build target found for C:\Users\user\Downloads\dockerandaction\dockerandaction\src\test\java\com\container\dockerandaction\ApiControllerTest.java. Using fallback presentation compiler.
2026.09.11 14:45:49 INFO  no build target found for C:\Users\user\Downloads\dockerandaction\dockerandaction\src\test\java\com\container\dockerandaction\ApiControllerTest.java. Using fallback presentation compiler.
2026.09.11 14:45:52 INFO  no build target found for C:\Users\user\Downloads\dockerandaction\dockerandaction\src\test\java\com\container\dockerandaction\ApiControllerTest.java. Using fallback presentation compiler.
2026.09.11 14:45:53 INFO  no build target found for C:\Users\user\Downloads\dockerandaction\dockerandaction\src\test\java\com\container\dockerandaction\ApiControllerTest.java. Using fallback presentation compiler.
2026.09.11 14:45:54 INFO  no build target found for C:\Users\user\Downloads\dockerandaction\dockerandaction\src\test\java\com\container\dockerandaction\ApiControllerTest.java. Using fallback presentation compiler.
2026.09.11 14:45:58 INFO  no build target found for C:\Users\user\Downloads\dockerandaction\dockerandaction\src\test\java\com\container\dockerandaction\ApiControllerTest.java. Using fallback presentation compiler.
2026.09.11 14:46:09 INFO  no build target found for C:\Users\user\Downloads\dockerandaction\dockerandaction\src\test\java\com\container\dockerandaction\ApiControllerTest.java. Using fallback presentation compiler.
2026.09.11 14:46:17 INFO  no build target found for C:\Users\user\Downloads\dockerandaction\dockerandaction\src\test\java\com\container\dockerandaction\ApiControllerTest.java. Using fallback presentation compiler.
2026.09.11 14:46:24 INFO  no build target found for C:\Users\user\Downloads\dockerandaction\dockerandaction\src\test\java\com\container\dockerandaction\ApiControllerTest.java. Using fallback presentation compiler.
2026.09.11 14:46:24 INFO  no build target found for C:\Users\user\Downloads\dockerandaction\dockerandaction\src\test\java\com\container\dockerandaction\ApiControllerTest.java. Using fallback presentation compiler.
2026.09.11 14:46:24 INFO  no build target found for C:\Users\user\Downloads\dockerandaction\dockerandaction\src\test\java\com\container\dockerandaction\ApiControllerTest.java. Using fallback presentation compiler.
2026.09.11 14:46:32 INFO  no build target found for C:\Users\user\Downloads\dockerandaction\dockerandaction\src\test\java\com\container\dockerandaction\ApiControllerTest.java. Using fallback presentation compiler.
2026.09.11 14:46:40 INFO  no build target found for C:\Users\user\Downloads\dockerandaction\dockerandaction\src\test\java\com\container\dockerandaction\ApiControllerTest.java. Using fallback presentation compiler.
2026.09.11 14:46:47 INFO  no build target found for C:\Users\user\Downloads\dockerandaction\dockerandaction\src\test\java\com\container\dockerandaction\ApiControllerTest.java. Using fallback presentation compiler.
2026.09.11 14:46:49 INFO  no build target found for C:\Users\user\Downloads\dockerandaction\dockerandaction\src\test\java\com\container\dockerandaction\ApiControllerTest.java. Using fallback presentation compiler.
2026.09.11 14:46:49 INFO  no build target found for C:\Users\user\Downloads\dockerandaction\dockerandaction\src\test\java\com\container\dockerandaction\ApiControllerTest.java. Using fallback presentation compiler.
2026.09.11 14:46:49 INFO  no build target found for C:\Users\user\Downloads\dockerandaction\dockerandaction\src\test\java\com\container\dockerandaction\ApiControllerTest.java. Using fallback presentation compiler.
2026.09.11 14:46:56 INFO  no build target found for C:\Users\user\Downloads\dockerandaction\dockerandaction\src\test\java\com\container\dockerandaction\ApiControllerTest.java. Using fallback presentation compiler.
2026.09.11 14:47:04 INFO  no build target found for C:\Users\user\Downloads\dockerandaction\dockerandaction\src\test\java\com\container\dockerandaction\ApiControllerTest.java. Using fallback presentation compiler.
2026.09.11 14:47:04 INFO  no build target found for C:\Users\user\Downloads\dockerandaction\dockerandaction\src\test\java\com\container\dockerandaction\ApiControllerTest.java. Using fallback presentation compiler.
2026.09.11 14:47:12 INFO  no build target found for C:\Users\user\Downloads\dockerandaction\dockerandaction\src\test\java\com\container\dockerandaction\ApiControllerTest.java. Using fallback presentation compiler.
2026.09.11 14:47:20 INFO  no build target found for C:\Users\user\Downloads\dockerandaction\dockerandaction\src\test\java\com\container\dockerandaction\ApiControllerTest.java. Using fallback presentation compiler.
2026.09.11 14:47:27 INFO  no build target found for C:\Users\user\Downloads\dockerandaction\dockerandaction\src\test\java\com\container\dockerandaction\ApiControllerTest.java. Using fallback presentation compiler.
2026.09.11 14:47:27 INFO  no build target found for C:\Users\user\Downloads\dockerandaction\dockerandaction\src\test\java\com\container\dockerandaction\ApiControllerTest.java. Using fallback presentation compiler.
2026.09.11 14:47:35 INFO  no build target found for C:\Users\user\Downloads\dockerandaction\dockerandaction\src\test\java\com\container\dockerandaction\ApiControllerTest.java. Using fallback presentation compiler.
2026.09.11 14:47:51 INFO  no build target found for C:\Users\user\Downloads\dockerandaction\dockerandaction\src\test\java\com\container\dockerandaction\ApiControllerTest.java. Using fallback presentation compiler.
2026.09.11 14:47:51 INFO  no build target found for C:\Users\user\Downloads\dockerandaction\dockerandaction\src\test\java\com\container\dockerandaction\ApiControllerTest.java. Using fallback presentation compiler.
2026.09.11 14:47:55 INFO  no build target found for C:\Users\user\Downloads\dockerandaction\dockerandaction\src\test\java\com\container\dockerandaction\ApiControllerTest.java. Using fallback presentation compiler.
2026.09.11 14:47:55 INFO  no build target found for C:\Users\user\Downloads\dockerandaction\dockerandaction\src\test\java\com\container\dockerandaction\ApiControllerTest.java. Using fallback presentation compiler.
2026.09.11 14:47:59 INFO  no build target found for C:\Users\user\Downloads\dockerandaction\dockerandaction\src\test\java\com\container\dockerandaction\ApiControllerTest.java. Using fallback presentation compiler.
2026.09.11 14:48:04 INFO  no build target found for C:\Users\user\Downloads\dockerandaction\dockerandaction\src\test\java\com\container\dockerandaction\ApiControllerTest.java. Using fallback presentation compiler.
2026.09.11 14:48:05 INFO  no build target found for C:\Users\user\Downloads\dockerandaction\dockerandaction\src\test\java\com\container\dockerandaction\ApiControllerTest.java. Using fallback presentation compiler.
2026.09.11 14:48:05 INFO  no build target found for C:\Users\user\Downloads\dockerandaction\dockerandaction\src\test\java\com\container\dockerandaction\ApiControllerTest.java. Using fallback presentation compiler.
2026.09.11 14:48:07 INFO  no build target found for C:\Users\user\Downloads\dockerandaction\dockerandaction\src\test\java\com\container\dockerandaction\ApiControllerTest.java. Using fallback presentation compiler.
2026.09.11 14:48:15 INFO  no build target found for C:\Users\user\Downloads\dockerandaction\dockerandaction\src\test\java\com\container\dockerandaction\ApiControllerTest.java. Using fallback presentation compiler.
2026.09.11 14:48:23 INFO  no build target found for C:\Users\user\Downloads\dockerandaction\dockerandaction\src\test\java\com\container\dockerandaction\ApiControllerTest.java. Using fallback presentation compiler.
2026.09.11 14:48:31 INFO  no build target found for C:\Users\user\Downloads\dockerandaction\dockerandaction\src\test\java\com\container\dockerandaction\ApiControllerTest.java. Using fallback presentation compiler.
2026.09.11 14:48:31 INFO  no build target found for C:\Users\user\Downloads\dockerandaction\dockerandaction\src\test\java\com\container\dockerandaction\ApiControllerTest.java. Using fallback presentation compiler.
2026.09.11 14:48:32 INFO  no build target found for C:\Users\user\Downloads\dockerandaction\dockerandaction\src\test\java\com\container\dockerandaction\ApiControllerTest.java. Using fallback presentation compiler.
2026.09.11 14:48:38 INFO  no build target found for C:\Users\user\Downloads\dockerandaction\dockerandaction\src\test\java\com\container\dockerandaction\ApiControllerTest.java. Using fallback presentation compiler.
2026.09.11 14:48:46 INFO  no build target found for C:\Users\user\Downloads\dockerandaction\dockerandaction\src\test\java\com\container\dockerandaction\ApiControllerTest.java. Using fallback presentation compiler.
2026.09.11 14:48:54 INFO  no build target found for C:\Users\user\Downloads\dockerandaction\dockerandaction\src\test\java\com\container\dockerandaction\ApiControllerTest.java. Using fallback presentation compiler.
2026.09.11 14:48:56 INFO  no build target found for C:\Users\user\Downloads\dockerandaction\dockerandaction\src\test\java\com\container\dockerandaction\ApiControllerTest.java. Using fallback presentation compiler.
2026.09.11 14:49:10 INFO  no build target found for C:\Users\user\Downloads\dockerandaction\dockerandaction\src\test\java\com\container\dockerandaction\ApiControllerTest.java. Using fallback presentation compiler.
2026.09.11 14:49:18 INFO  no build target found for C:\Users\user\Downloads\dockerandaction\dockerandaction\src\test\java\com\container\dockerandaction\ApiControllerTest.java. Using fallback presentation compiler.
2026.09.11 14:49:26 INFO  no build target found for C:\Users\user\Downloads\dockerandaction\dockerandaction\src\test\java\com\container\dockerandaction\ApiControllerTest.java. Using fallback presentation compiler.
2026.09.11 14:49:34 INFO  no build target found for C:\Users\user\Downloads\dockerandaction\dockerandaction\src\test\java\com\container\dockerandaction\ApiControllerTest.java. Using fallback presentation compiler.
2026.09.11 14:49:37 INFO  no build target found for C:\Users\user\Downloads\dockerandaction\dockerandaction\src\test\java\com\container\dockerandaction\ApiControllerTest.java. Using fallback presentation compiler.
2026.09.11 14:49:45 INFO  no build target found for C:\Users\user\Downloads\dockerandaction\dockerandaction\src\test\java\com\container\dockerandaction\ApiControllerTest.java. Using fallback presentation compiler.
2026.09.11 14:49:52 INFO  no build target found for C:\Users\user\Downloads\dockerandaction\dockerandaction\src\test\java\com\container\dockerandaction\ApiControllerTest.java. Using fallback presentation compiler.
2026.09.11 14:49:58 INFO  no build target found for C:\Users\user\Downloads\dockerandaction\dockerandaction\src\test\java\com\container\dockerandaction\ApiControllerTest.java. Using fallback presentation compiler.
2026.09.11 14:49:58 INFO  no build target found for C:\Users\user\Downloads\dockerandaction\dockerandaction\src\test\java\com\container\dockerandaction\ApiControllerTest.java. Using fallback presentation compiler.
2026.09.11 14:49:58 INFO  no build target found for C:\Users\user\Downloads\dockerandaction\dockerandaction\src\test\java\com\container\dockerandaction\ApiControllerTest.java. Using fallback presentation compiler.
2026.09.11 14:49:59 INFO  no build target found for C:\Users\user\Downloads\dockerandaction\dockerandaction\src\test\java\com\container\dockerandaction\ApiControllerTest.java. Using fallback presentation compiler.
2026.09.11 14:49:59 INFO  no build target found for C:\Users\user\Downloads\dockerandaction\dockerandaction\src\test\java\com\container\dockerandaction\ApiControllerTest.java. Using fallback presentation compiler.
2026.09.11 14:50:00 INFO  no build target found for C:\Users\user\Downloads\dockerandaction\dockerandaction\src\test\java\com\container\dockerandaction\ApiControllerTest.java. Using fallback presentation compiler.
2026.09.11 14:50:00 INFO  no build target found for C:\Users\user\Downloads\dockerandaction\dockerandaction\src\test\java\com\container\dockerandaction\ApiControllerTest.java. Using fallback presentation compiler.
2026.09.11 14:50:08 INFO  no build target found for C:\Users\user\Downloads\dockerandaction\dockerandaction\src\test\java\com\container\dockerandaction\ApiControllerTest.java. Using fallback presentation compiler.
2026.09.11 14:50:24 INFO  no build target found for C:\Users\user\Downloads\dockerandaction\dockerandaction\src\test\java\com\container\dockerandaction\ApiControllerTest.java. Using fallback presentation compiler.
2026.09.11 14:50:31 INFO  no build target found for C:\Users\user\Downloads\dockerandaction\dockerandaction\src\test\java\com\container\dockerandaction\ApiControllerTest.java. Using fallback presentation compiler.
2026.09.11 14:50:38 INFO  no build target found for C:\Users\user\Downloads\dockerandaction\dockerandaction\src\test\java\com\container\dockerandaction\ApiControllerTest.java. Using fallback presentation compiler.
2026.09.11 14:50:40 INFO  no build target found for C:\Users\user\Downloads\dockerandaction\dockerandaction\src\test\java\com\container\dockerandaction\ApiControllerTest.java. Using fallback presentation compiler.
2026.09.11 14:50:47 INFO  no build target found for C:\Users\user\Downloads\dockerandaction\dockerandaction\src\test\java\com\container\dockerandaction\ApiControllerTest.java. Using fallback presentation compiler.
2026.09.11 14:50:55 INFO  no build target found for C:\Users\user\Downloads\dockerandaction\dockerandaction\src\test\java\com\container\dockerandaction\ApiControllerTest.java. Using fallback presentation compiler.
2026.09.11 14:51:03 INFO  no build target found for C:\Users\user\Downloads\dockerandaction\dockerandaction\src\test\java\com\container\dockerandaction\ApiControllerTest.java. Using fallback presentation compiler.
2026.09.11 14:51:10 INFO  no build target found for C:\Users\user\Downloads\dockerandaction\dockerandaction\src\test\java\com\container\dockerandaction\ApiControllerTest.java. Using fallback presentation compiler.
2026.09.11 14:51:10 INFO  no build target found for C:\Users\user\Downloads\dockerandaction\dockerandaction\src\test\java\com\container\dockerandaction\ApiControllerTest.java. Using fallback presentation compiler.
2026.09.11 14:51:18 INFO  no build target found for C:\Users\user\Downloads\dockerandaction\dockerandaction\src\test\java\com\container\dockerandaction\ApiControllerTest.java. Using fallback presentation compiler.
2026.09.11 14:51:26 INFO  no build target found for C:\Users\user\Downloads\dockerandaction\dockerandaction\src\test\java\com\container\dockerandaction\ApiControllerTest.java. Using fallback presentation compiler.
2026.09.11 14:51:42 INFO  no build target found for C:\Users\user\Downloads\dockerandaction\dockerandaction\src\test\java\com\container\dockerandaction\ApiControllerTest.java. Using fallback presentation compiler.
2026.09.11 14:51:42 INFO  no build target found for C:\Users\user\Downloads\dockerandaction\dockerandaction\src\test\java\com\container\dockerandaction\ApiControllerTest.java. Using fallback presentation compiler.
2026.09.11 14:51:44 INFO  no build target found for C:\Users\user\Downloads\dockerandaction\dockerandaction\src\test\java\com\container\dockerandaction\ApiControllerTest.java. Using fallback presentation compiler.
2026.09.11 14:51:49 INFO  no build target found for C:\Users\user\Downloads\dockerandaction\dockerandaction\src\test\java\com\container\dockerandaction\ApiControllerTest.java. Using fallback presentation compiler.
2026.09.11 14:51:52 INFO  no build target found for C:\Users\user\Downloads\dockerandaction\dockerandaction\src\test\java\com\container\dockerandaction\ApiControllerTest.java. Using fallback presentation compiler.
2026.09.11 14:51:58 INFO  no build target found for C:\Users\user\Downloads\dockerandaction\dockerandaction\src\test\java\com\container\dockerandaction\ApiControllerTest.java. Using fallback presentation compiler.
2026.09.11 14:52:06 INFO  no build target found for C:\Users\user\Downloads\dockerandaction\dockerandaction\src\test\java\com\container\dockerandaction\ApiControllerTest.java. Using fallback presentation compiler.
2026.09.11 14:52:10 INFO  no build target found for C:\Users\user\Downloads\dockerandaction\dockerandaction\src\test\java\com\container\dockerandaction\ApiControllerTest.java. Using fallback presentation compiler.
2026.09.11 14:52:11 INFO  no build target found for C:\Users\user\Downloads\dockerandaction\dockerandaction\src\test\java\com\container\dockerandaction\ApiControllerTest.java. Using fallback presentation compiler.
2026.09.11 14:52:14 INFO  no build target found for C:\Users\user\Downloads\dockerandaction\dockerandaction\src\test\java\com\container\dockerandaction\ApiControllerTest.java. Using fallback presentation compiler.
2026.09.11 14:52:30 INFO  no build target found for C:\Users\user\Downloads\dockerandaction\dockerandaction\src\test\java\com\container\dockerandaction\ApiControllerTest.java. Using fallback presentation compiler.
2026.09.11 14:52:37 INFO  no build target found for C:\Users\user\Downloads\dockerandaction\dockerandaction\src\test\java\com\container\dockerandaction\ApiControllerTest.java. Using fallback presentation compiler.
2026.09.11 14:52:53 INFO  no build target found for C:\Users\user\Downloads\dockerandaction\dockerandaction\src\test\java\com\container\dockerandaction\ApiControllerTest.java. Using fallback presentation compiler.
2026.09.11 14:52:53 INFO  no build target found for C:\Users\user\Downloads\dockerandaction\dockerandaction\src\test\java\com\container\dockerandaction\ApiControllerTest.java. Using fallback presentation compiler.
2026.09.11 14:53:01 INFO  no build target found for C:\Users\user\Downloads\dockerandaction\dockerandaction\src\test\java\com\container\dockerandaction\ApiControllerTest.java. Using fallback presentation compiler.
2026.09.11 14:53:08 INFO  no build target found for C:\Users\user\Downloads\dockerandaction\dockerandaction\src\test\java\com\container\dockerandaction\ApiControllerTest.java. Using fallback presentation compiler.
2026.09.11 14:53:12 INFO  no build target found for C:\Users\user\Downloads\dockerandaction\dockerandaction\src\test\java\com\container\dockerandaction\ApiControllerTest.java. Using fallback presentation compiler.
2026.09.11 14:53:16 INFO  no build target found for C:\Users\user\Downloads\dockerandaction\dockerandaction\src\test\java\com\container\dockerandaction\ApiControllerTest.java. Using fallback presentation compiler.
2026.09.11 14:53:24 INFO  no build target found for C:\Users\user\Downloads\dockerandaction\dockerandaction\src\test\java\com\container\dockerandaction\ApiControllerTest.java. Using fallback presentation compiler.
2026.09.11 14:53:30 INFO  no build target found for C:\Users\user\Downloads\dockerandaction\dockerandaction\src\test\java\com\container\dockerandaction\ApiControllerTest.java. Using fallback presentation compiler.
2026.09.11 14:53:32 INFO  no build target found for C:\Users\user\Downloads\dockerandaction\dockerandaction\src\test\java\com\container\dockerandaction\ApiControllerTest.java. Using fallback presentation compiler.
2026.09.11 14:53:47 INFO  no build target found for C:\Users\user\Downloads\dockerandaction\dockerandaction\src\test\java\com\container\dockerandaction\ApiControllerTest.java. Using fallback presentation compiler.
2026.09.11 14:53:50 INFO  no build target found for C:\Users\user\Downloads\dockerandaction\dockerandaction\src\test\java\com\container\dockerandaction\ApiControllerTest.java. Using fallback presentation compiler.
2026.09.11 14:53:50 INFO  no build target found for C:\Users\user\Downloads\dockerandaction\dockerandaction\src\test\java\com\container\dockerandaction\ApiControllerTest.java. Using fallback presentation compiler.
2026.09.11 14:53:55 INFO  no build target found for C:\Users\user\Downloads\dockerandaction\dockerandaction\src\test\java\com\container\dockerandaction\ApiControllerTest.java. Using fallback presentation compiler.
2026.09.11 14:54:01 INFO  no build target found for C:\Users\user\Downloads\dockerandaction\dockerandaction\src\test\java\com\container\dockerandaction\ApiControllerTest.java. Using fallback presentation compiler.
2026.09.11 14:54:01 INFO  no build target found for C:\Users\user\Downloads\dockerandaction\dockerandaction\src\test\java\com\container\dockerandaction\ApiControllerTest.java. Using fallback presentation compiler.
2026.09.11 14:54:02 INFO  no build target found for C:\Users\user\Downloads\dockerandaction\dockerandaction\src\test\java\com\container\dockerandaction\ApiControllerTest.java. Using fallback presentation compiler.
2026.09.11 14:54:05 INFO  no build target found for C:\Users\user\Downloads\dockerandaction\dockerandaction\src\test\java\com\container\dockerandaction\ApiControllerTest.java. Using fallback presentation compiler.
2026.09.11 14:54:07 INFO  no build target found for C:\Users\user\Downloads\dockerandaction\dockerandaction\src\test\java\com\container\dockerandaction\ApiControllerTest.java. Using fallback presentation compiler.
2026.09.11 14:54:10 INFO  no build target found for C:\Users\user\Downloads\dockerandaction\dockerandaction\src\test\java\com\container\dockerandaction\ApiControllerTest.java. Using fallback presentation compiler.
2026.09.11 14:54:12 INFO  no build target found for C:\Users\user\Downloads\dockerandaction\dockerandaction\src\test\java\com\container\dockerandaction\ApiControllerTest.java. Using fallback presentation compiler.
2026.09.11 14:54:13 INFO  no build target found for C:\Users\user\Downloads\dockerandaction\dockerandaction\src\test\java\com\container\dockerandaction\ApiControllerTest.java. Using fallback presentation compiler.
2026.09.11 14:54:26 INFO  no build target found for C:\Users\user\Downloads\dockerandaction\dockerandaction\src\test\java\com\container\dockerandaction\ApiControllerTest.java. Using fallback presentation compiler.
2026.09.11 14:54:34 INFO  no build target found for C:\Users\user\Downloads\dockerandaction\dockerandaction\src\test\java\com\container\dockerandaction\ApiControllerTest.java. Using fallback presentation compiler.
2026.09.11 14:54:42 INFO  no build target found for C:\Users\user\Downloads\dockerandaction\dockerandaction\src\test\java\com\container\dockerandaction\ApiControllerTest.java. Using fallback presentation compiler.
2026.09.11 14:54:49 INFO  no build target found for C:\Users\user\Downloads\dockerandaction\dockerandaction\src\test\java\com\container\dockerandaction\ApiControllerTest.java. Using fallback presentation compiler.
2026.09.11 14:54:58 INFO  no build target found for C:\Users\user\Downloads\dockerandaction\dockerandaction\src\test\java\com\container\dockerandaction\ApiControllerTest.java. Using fallback presentation compiler.
2026.09.11 14:55:05 INFO  no build target found for C:\Users\user\Downloads\dockerandaction\dockerandaction\src\test\java\com\container\dockerandaction\ApiControllerTest.java. Using fallback presentation compiler.
2026.09.11 14:55:13 INFO  no build target found for C:\Users\user\Downloads\dockerandaction\dockerandaction\src\test\java\com\container\dockerandaction\ApiControllerTest.java. Using fallback presentation compiler.
2026.09.11 14:55:14 INFO  no build target found for C:\Users\user\Downloads\dockerandaction\dockerandaction\src\test\java\com\container\dockerandaction\ApiControllerTest.java. Using fallback presentation compiler.
2026.09.11 14:55:15 INFO  no build target found for C:\Users\user\Downloads\dockerandaction\dockerandaction\src\test\java\com\container\dockerandaction\ApiControllerTest.java. Using fallback presentation compiler.
2026.09.11 14:55:21 INFO  no build target found for C:\Users\user\Downloads\dockerandaction\dockerandaction\src\test\java\com\container\dockerandaction\ApiControllerTest.java. Using fallback presentation compiler.
2026.09.11 14:55:44 INFO  no build target found for C:\Users\user\Downloads\dockerandaction\dockerandaction\src\test\java\com\container\dockerandaction\ApiControllerTest.java. Using fallback presentation compiler.
2026.09.11 14:55:52 INFO  no build target found for C:\Users\user\Downloads\dockerandaction\dockerandaction\src\test\java\com\container\dockerandaction\ApiControllerTest.java. Using fallback presentation compiler.
2026.09.11 14:56:00 INFO  no build target found for C:\Users\user\Downloads\dockerandaction\dockerandaction\src\test\java\com\container\dockerandaction\ApiControllerTest.java. Using fallback presentation compiler.
2026.09.11 14:56:07 INFO  no build target found for C:\Users\user\Downloads\dockerandaction\dockerandaction\src\test\java\com\container\dockerandaction\ApiControllerTest.java. Using fallback presentation compiler.
2026.09.11 14:56:16 INFO  no build target found for C:\Users\user\Downloads\dockerandaction\dockerandaction\src\test\java\com\container\dockerandaction\ApiControllerTest.java. Using fallback presentation compiler.
2026.09.11 14:56:17 INFO  no build target found for C:\Users\user\Downloads\dockerandaction\dockerandaction\src\test\java\com\container\dockerandaction\ApiControllerTest.java. Using fallback presentation compiler.
2026.09.11 14:56:18 INFO  no build target found for C:\Users\user\Downloads\dockerandaction\dockerandaction\src\test\java\com\container\dockerandaction\ApiControllerTest.java. Using fallback presentation compiler.
2026.09.11 14:56:23 INFO  no build target found for C:\Users\user\Downloads\dockerandaction\dockerandaction\src\test\java\com\container\dockerandaction\ApiControllerTest.java. Using fallback presentation compiler.
2026.09.11 14:56:23 INFO  no build target found for C:\Users\user\Downloads\dockerandaction\dockerandaction\src\test\java\com\container\dockerandaction\ApiControllerTest.java. Using fallback presentation compiler.
2026.09.11 14:56:31 INFO  no build target found for C:\Users\user\Downloads\dockerandaction\dockerandaction\src\test\java\com\container\dockerandaction\ApiControllerTest.java. Using fallback presentation compiler.
2026.09.11 14:56:39 INFO  no build target found for C:\Users\user\Downloads\dockerandaction\dockerandaction\src\test\java\com\container\dockerandaction\ApiControllerTest.java. Using fallback presentation compiler.
2026.09.11 14:56:47 INFO  no build target found for C:\Users\user\Downloads\dockerandaction\dockerandaction\src\test\java\com\container\dockerandaction\ApiControllerTest.java. Using fallback presentation compiler.
2026.09.11 14:56:55 INFO  no build target found for C:\Users\user\Downloads\dockerandaction\dockerandaction\src\test\java\com\container\dockerandaction\ApiControllerTest.java. Using fallback presentation compiler.
2026.09.11 14:57:03 INFO  no build target found for C:\Users\user\Downloads\dockerandaction\dockerandaction\src\test\java\com\container\dockerandaction\ApiControllerTest.java. Using fallback presentation compiler.
2026.09.11 14:57:10 INFO  no build target found for C:\Users\user\Downloads\dockerandaction\dockerandaction\src\test\java\com\container\dockerandaction\ApiControllerTest.java. Using fallback presentation compiler.
2026.09.11 14:57:14 INFO  no build target found for C:\Users\user\Downloads\dockerandaction\dockerandaction\src\test\java\com\container\dockerandaction\ApiControllerTest.java. Using fallback presentation compiler.
2026.09.11 14:57:14 INFO  no build target found for C:\Users\user\Downloads\dockerandaction\dockerandaction\src\test\java\com\container\dockerandaction\ApiControllerTest.java. Using fallback presentation compiler.
2026.09.11 14:57:18 INFO  no build target found for C:\Users\user\Downloads\dockerandaction\dockerandaction\src\test\java\com\container\dockerandaction\ApiControllerTest.java. Using fallback presentation compiler.
2026.09.11 14:57:21 INFO  no build target found for C:\Users\user\Downloads\dockerandaction\dockerandaction\src\test\java\com\container\dockerandaction\ApiControllerTest.java. Using fallback presentation compiler.
2026.09.11 14:57:26 INFO  no build target found for C:\Users\user\Downloads\dockerandaction\dockerandaction\src\test\java\com\container\dockerandaction\ApiControllerTest.java. Using fallback presentation compiler.
2026.09.11 14:57:26 INFO  no build target found for C:\Users\user\Downloads\dockerandaction\dockerandaction\src\test\java\com\container\dockerandaction\ApiControllerTest.java. Using fallback presentation compiler.
2026.09.11 14:57:34 INFO  no build target found for C:\Users\user\Downloads\dockerandaction\dockerandaction\src\test\java\com\container\dockerandaction\ApiControllerTest.java. Using fallback presentation compiler.
2026.09.11 14:57:37 INFO  no build target found for C:\Users\user\Downloads\dockerandaction\dockerandaction\src\test\java\com\container\dockerandaction\ApiControllerTest.java. Using fallback presentation compiler.
2026.09.11 14:57:37 INFO  no build target found for C:\Users\user\Downloads\dockerandaction\dockerandaction\src\test\java\com\container\dockerandaction\ApiControllerTest.java. Using fallback presentation compiler.
2026.09.11 14:57:42 INFO  no build target found for C:\Users\user\Downloads\dockerandaction\dockerandaction\src\test\java\com\container\dockerandaction\ApiControllerTest.java. Using fallback presentation compiler.
2026.09.11 14:57:50 INFO  no build target found for C:\Users\user\Downloads\dockerandaction\dockerandaction\src\test\java\com\container\dockerandaction\ApiControllerTest.java. Using fallback presentation compiler.
2026.09.11 14:57:58 INFO  no build target found for C:\Users\user\Downloads\dockerandaction\dockerandaction\src\test\java\com\container\dockerandaction\ApiControllerTest.java. Using fallback presentation compiler.
2026.09.11 14:58:05 INFO  no build target found for C:\Users\user\Downloads\dockerandaction\dockerandaction\src\test\java\com\container\dockerandaction\ApiControllerTest.java. Using fallback presentation compiler.
2026.09.11 14:58:13 INFO  no build target found for C:\Users\user\Downloads\dockerandaction\dockerandaction\src\test\java\com\container\dockerandaction\ApiControllerTest.java. Using fallback presentation compiler.
2026.09.11 14:58:16 INFO  no build target found for C:\Users\user\Downloads\dockerandaction\dockerandaction\src\test\java\com\container\dockerandaction\ApiControllerTest.java. Using fallback presentation compiler.
2026.09.11 14:58:21 INFO  no build target found for C:\Users\user\Downloads\dockerandaction\dockerandaction\src\test\java\com\container\dockerandaction\ApiControllerTest.java. Using fallback presentation compiler.
2026.09.11 14:58:29 INFO  no build target found for C:\Users\user\Downloads\dockerandaction\dockerandaction\src\test\java\com\container\dockerandaction\ApiControllerTest.java. Using fallback presentation compiler.
2026.09.11 14:58:33 INFO  no build target found for C:\Users\user\Downloads\dockerandaction\dockerandaction\src\test\java\com\container\dockerandaction\ApiControllerTest.java. Using fallback presentation compiler.
2026.09.11 14:58:53 INFO  no build target found for C:\Users\user\Downloads\dockerandaction\dockerandaction\src\test\java\com\container\dockerandaction\ApiControllerTest.java. Using fallback presentation compiler.
2026.09.11 14:59:00 INFO  no build target found for C:\Users\user\Downloads\dockerandaction\dockerandaction\src\test\java\com\container\dockerandaction\ApiControllerTest.java. Using fallback presentation compiler.
2026.09.11 14:59:09 INFO  no build target found for C:\Users\user\Downloads\dockerandaction\dockerandaction\src\test\java\com\container\dockerandaction\ApiControllerTest.java. Using fallback presentation compiler.
2026.09.11 14:59:16 INFO  no build target found for C:\Users\user\Downloads\dockerandaction\dockerandaction\src\test\java\com\container\dockerandaction\ApiControllerTest.java. Using fallback presentation compiler.
2026.09.11 14:59:24 INFO  no build target found for C:\Users\user\Downloads\dockerandaction\dockerandaction\src\test\java\com\container\dockerandaction\ApiControllerTest.java. Using fallback presentation compiler.
2026.09.11 14:59:32 INFO  no build target found for C:\Users\user\Downloads\dockerandaction\dockerandaction\src\test\java\com\container\dockerandaction\ApiControllerTest.java. Using fallback presentation compiler.
2026.09.11 14:59:33 INFO  no build target found for C:\Users\user\Downloads\dockerandaction\dockerandaction\src\test\java\com\container\dockerandaction\ApiControllerTest.java. Using fallback presentation compiler.
2026.09.11 14:59:39 INFO  no build target found for C:\Users\user\Downloads\dockerandaction\dockerandaction\src\test\java\com\container\dockerandaction\ApiControllerTest.java. Using fallback presentation compiler.
2026.09.11 14:59:39 INFO  no build target found for C:\Users\user\Downloads\dockerandaction\dockerandaction\src\test\java\com\container\dockerandaction\ApiControllerTest.java. Using fallback presentation compiler.
2026.09.11 14:59:40 INFO  no build target found for C:\Users\user\Downloads\dockerandaction\dockerandaction\src\test\java\com\container\dockerandaction\ApiControllerTest.java. Using fallback presentation compiler.
2026.09.11 14:59:42 INFO  no build target found for C:\Users\user\Downloads\dockerandaction\dockerandaction\src\test\java\com\container\dockerandaction\ApiControllerTest.java. Using fallback presentation compiler.
2026.09.11 14:59:55 INFO  no build target found for C:\Users\user\Downloads\dockerandaction\dockerandaction\src\test\java\com\container\dockerandaction\ApiControllerTest.java. Using fallback presentation compiler.
2026.09.11 14:59:55 INFO  no build target found for C:\Users\user\Downloads\dockerandaction\dockerandaction\src\test\java\com\container\dockerandaction\ApiControllerTest.java. Using fallback presentation compiler.
2026.09.11 14:59:57 INFO  no build target found for C:\Users\user\Downloads\dockerandaction\dockerandaction\src\test\java\com\container\dockerandaction\ApiControllerTest.java. Using fallback presentation compiler.
2026.09.11 14:59:58 INFO  no build target found for C:\Users\user\Downloads\dockerandaction\dockerandaction\src\test\java\com\container\dockerandaction\ApiControllerTest.java. Using fallback presentation compiler.
2026.09.11 15:00:00 INFO  no build target found for C:\Users\user\Downloads\dockerandaction\dockerandaction\src\test\java\com\container\dockerandaction\ApiControllerTest.java. Using fallback presentation compiler.
2026.09.11 15:00:05 INFO  no build target found for C:\Users\user\Downloads\dockerandaction\dockerandaction\src\test\java\com\container\dockerandaction\ApiControllerTest.java. Using fallback presentation compiler.
2026.09.11 15:00:13 INFO  no build target found for C:\Users\user\Downloads\dockerandaction\dockerandaction\src\test\java\com\container\dockerandaction\ApiControllerTest.java. Using fallback presentation compiler.
2026.09.11 15:00:21 INFO  no build target found for C:\Users\user\Downloads\dockerandaction\dockerandaction\src\test\java\com\container\dockerandaction\ApiControllerTest.java. Using fallback presentation compiler.
2026.09.11 15:00:28 INFO  no build target found for C:\Users\user\Downloads\dockerandaction\dockerandaction\src\test\java\com\container\dockerandaction\ApiControllerTest.java. Using fallback presentation compiler.
2026.09.11 15:00:36 INFO  no build target found for C:\Users\user\Downloads\dockerandaction\dockerandaction\src\test\java\com\container\dockerandaction\ApiControllerTest.java. Using fallback presentation compiler.
2026.09.11 15:00:39 INFO  no build target found for C:\Users\user\Downloads\dockerandaction\dockerandaction\src\test\java\com\container\dockerandaction\ApiControllerTest.java. Using fallback presentation compiler.
2026.09.11 15:00:45 INFO  no build target found for C:\Users\user\Downloads\dockerandaction\dockerandaction\src\test\java\com\container\dockerandaction\ApiControllerTest.java. Using fallback presentation compiler.
2026.09.11 15:00:51 INFO  no build target found for C:\Users\user\Downloads\dockerandaction\dockerandaction\src\test\java\com\container\dockerandaction\ApiControllerTest.java. Using fallback presentation compiler.
2026.09.11 15:00:52 INFO  no build target found for C:\Users\user\Downloads\dockerandaction\dockerandaction\src\test\java\com\container\dockerandaction\ApiControllerTest.java. Using fallback presentation compiler.
2026.09.11 15:00:52 INFO  no build target found for C:\Users\user\Downloads\dockerandaction\dockerandaction\src\test\java\com\container\dockerandaction\ApiControllerTest.java. Using fallback presentation compiler.
2026.09.11 15:00:52 INFO  no build target found for C:\Users\user\Downloads\dockerandaction\dockerandaction\src\test\java\com\container\dockerandaction\ApiControllerTest.java. Using fallback presentation compiler.
2026.09.11 15:01:01 INFO  no build target found for C:\Users\user\Downloads\dockerandaction\dockerandaction\src\test\java\com\container\dockerandaction\ApiControllerTest.java. Using fallback presentation compiler.
2026.09.11 15:01:07 INFO  no build target found for C:\Users\user\Downloads\dockerandaction\dockerandaction\src\test\java\com\container\dockerandaction\ApiControllerTest.java. Using fallback presentation compiler.
2026.09.11 15:01:07 INFO  no build target found for C:\Users\user\Downloads\dockerandaction\dockerandaction\src\test\java\com\container\dockerandaction\ApiControllerTest.java. Using fallback presentation compiler.
2026.09.11 15:01:16 INFO  no build target found for C:\Users\user\Downloads\dockerandaction\dockerandaction\src\test\java\com\container\dockerandaction\ApiControllerTest.java. Using fallback presentation compiler.
2026.09.11 15:01:24 INFO  no build target found for C:\Users\user\Downloads\dockerandaction\dockerandaction\src\test\java\com\container\dockerandaction\ApiControllerTest.java. Using fallback presentation compiler.
2026.09.11 15:01:32 INFO  no build target found for C:\Users\user\Downloads\dockerandaction\dockerandaction\src\test\java\com\container\dockerandaction\ApiControllerTest.java. Using fallback presentation compiler.
2026.09.11 15:01:55 INFO  no build target found for C:\Users\user\Downloads\dockerandaction\dockerandaction\src\test\java\com\container\dockerandaction\ApiControllerTest.java. Using fallback presentation compiler.
2026.09.11 15:01:58 INFO  no build target found for C:\Users\user\Downloads\dockerandaction\dockerandaction\src\test\java\com\container\dockerandaction\ApiControllerTest.java. Using fallback presentation compiler.
2026.09.11 15:02:05 INFO  no build target found for C:\Users\user\Downloads\dockerandaction\dockerandaction\src\test\java\com\container\dockerandaction\ApiControllerTest.java. Using fallback presentation compiler.
2026.09.11 15:02:05 INFO  no build target found for C:\Users\user\Downloads\dockerandaction\dockerandaction\src\test\java\com\container\dockerandaction\ApiControllerTest.java. Using fallback presentation compiler.
2026.09.11 15:02:11 INFO  no build target found for C:\Users\user\Downloads\dockerandaction\dockerandaction\src\test\java\com\container\dockerandaction\ApiControllerTest.java. Using fallback presentation compiler.
2026.09.11 15:02:13 INFO  no build target found for C:\Users\user\Downloads\dockerandaction\dockerandaction\src\test\java\com\container\dockerandaction\ApiControllerTest.java. Using fallback presentation compiler.
2026.09.11 15:02:19 INFO  no build target found for C:\Users\user\Downloads\dockerandaction\dockerandaction\src\test\java\com\container\dockerandaction\ApiControllerTest.java. Using fallback presentation compiler.
2026.09.11 15:02:25 INFO  no build target found for C:\Users\user\Downloads\dockerandaction\dockerandaction\src\test\java\com\container\dockerandaction\ApiControllerTest.java. Using fallback presentation compiler.
2026.09.11 15:02:26 INFO  no build target found for C:\Users\user\Downloads\dockerandaction\dockerandaction\src\test\java\com\container\dockerandaction\ApiControllerTest.java. Using fallback presentation compiler.
2026.09.11 15:02:34 INFO  no build target found for C:\Users\user\Downloads\dockerandaction\dockerandaction\src\test\java\com\container\dockerandaction\ApiControllerTest.java. Using fallback presentation compiler.
2026.09.11 15:02:42 INFO  no build target found for C:\Users\user\Downloads\dockerandaction\dockerandaction\src\test\java\com\container\dockerandaction\ApiControllerTest.java. Using fallback presentation compiler.
2026.09.11 15:02:50 INFO  no build target found for C:\Users\user\Downloads\dockerandaction\dockerandaction\src\test\java\com\container\dockerandaction\ApiControllerTest.java. Using fallback presentation compiler.
2026.09.11 15:02:50 INFO  no build target found for C:\Users\user\Downloads\dockerandaction\dockerandaction\src\test\java\com\container\dockerandaction\ApiControllerTest.java. Using fallback presentation compiler.
2026.09.11 15:02:58 INFO  no build target found for C:\Users\user\Downloads\dockerandaction\dockerandaction\src\test\java\com\container\dockerandaction\ApiControllerTest.java. Using fallback presentation compiler.
2026.09.11 15:03:02 INFO  no build target found for C:\Users\user\Downloads\dockerandaction\dockerandaction\src\test\java\com\container\dockerandaction\ApiControllerTest.java. Using fallback presentation compiler.
2026.09.11 15:03:04 INFO  no build target found for C:\Users\user\Downloads\dockerandaction\dockerandaction\src\test\java\com\container\dockerandaction\ApiControllerTest.java. Using fallback presentation compiler.
2026.09.11 15:03:14 INFO  no build target found for C:\Users\user\Downloads\dockerandaction\dockerandaction\src\test\java\com\container\dockerandaction\ApiControllerTest.java. Using fallback presentation compiler.
2026.09.11 15:03:22 INFO  no build target found for C:\Users\user\Downloads\dockerandaction\dockerandaction\src\test\java\com\container\dockerandaction\ApiControllerTest.java. Using fallback presentation compiler.
2026.09.11 15:03:22 INFO  no build target found for C:\Users\user\Downloads\dockerandaction\dockerandaction\src\test\java\com\container\dockerandaction\ApiControllerTest.java. Using fallback presentation compiler.
2026.09.11 15:03:22 INFO  no build target found for C:\Users\user\Downloads\dockerandaction\dockerandaction\src\test\java\com\container\dockerandaction\ApiControllerTest.java. Using fallback presentation compiler.
2026.09.11 15:03:30 INFO  no build target found for C:\Users\user\Downloads\dockerandaction\dockerandaction\src\test\java\com\container\dockerandaction\ApiControllerTest.java. Using fallback presentation compiler.
2026.09.11 15:03:30 INFO  no build target found for C:\Users\user\Downloads\dockerandaction\dockerandaction\src\test\java\com\container\dockerandaction\ApiControllerTest.java. Using fallback presentation compiler.
2026.09.11 15:03:33 INFO  no build target found for C:\Users\user\Downloads\dockerandaction\dockerandaction\src\test\java\com\container\dockerandaction\ApiControllerTest.java. Using fallback presentation compiler.
2026.09.11 15:03:33 INFO  no build target found for C:\Users\user\Downloads\dockerandaction\dockerandaction\src\test\java\com\container\dockerandaction\ApiControllerTest.java. Using fallback presentation compiler.
2026.09.11 15:03:33 INFO  no build target found for C:\Users\user\Downloads\dockerandaction\dockerandaction\src\test\java\com\container\dockerandaction\ApiControllerTest.java. Using fallback presentation compiler.
2026.09.11 15:03:37 INFO  no build target found for C:\Users\user\Downloads\dockerandaction\dockerandaction\src\test\java\com\container\dockerandaction\ApiControllerTest.java. Using fallback presentation compiler.
2026.09.11 15:03:45 INFO  no build target found for C:\Users\user\Downloads\dockerandaction\dockerandaction\src\test\java\com\container\dockerandaction\ApiControllerTest.java. Using fallback presentation compiler.
2026.09.11 15:03:47 INFO  no build target found for C:\Users\user\Downloads\dockerandaction\dockerandaction\src\test\java\com\container\dockerandaction\ApiControllerTest.java. Using fallback presentation compiler.
2026.09.11 15:03:53 INFO  no build target found for C:\Users\user\Downloads\dockerandaction\dockerandaction\src\test\java\com\container\dockerandaction\ApiControllerTest.java. Using fallback presentation compiler.
2026.09.11 15:04:07 INFO  no build target found for C:\Users\user\Downloads\dockerandaction\dockerandaction\src\test\java\com\container\dockerandaction\ApiControllerTest.java. Using fallback presentation compiler.
Sept 11, 2026 3:04:07 PM org.eclipse.lsp4j.jsonrpc.RemoteEndpoint handleCancellation
WARNING: Unmatched cancel notification for request id 699
2026.09.11 15:04:07 INFO  no build target found for C:\Users\user\Downloads\dockerandaction\dockerandaction\src\test\java\com\container\dockerandaction\ApiControllerTest.java. Using fallback presentation compiler.
2026.09.11 15:04:09 INFO  no build target found for C:\Users\user\Downloads\dockerandaction\dockerandaction\src\test\java\com\container\dockerandaction\ApiControllerTest.java. Using fallback presentation compiler.
2026.09.11 15:04:11 INFO  no build target found for C:\Users\user\Downloads\dockerandaction\dockerandaction\src\test\java\com\container\dockerandaction\ApiControllerTest.java. Using fallback presentation compiler.
2026.09.11 15:04:11 INFO  no build target found for C:\Users\user\Downloads\dockerandaction\dockerandaction\src\test\java\com\container\dockerandaction\ApiControllerTest.java. Using fallback presentation compiler.
2026.09.11 15:04:14 INFO  no build target found for C:\Users\user\Downloads\dockerandaction\dockerandaction\src\test\java\com\container\dockerandaction\ApiControllerTest.java. Using fallback presentation compiler.
2026.09.11 15:04:14 INFO  no build target found for C:\Users\user\Downloads\dockerandaction\dockerandaction\src\test\java\com\container\dockerandaction\ApiControllerTest.java. Using fallback presentation compiler.
2026.09.11 15:04:16 INFO  no build target found for C:\Users\user\Downloads\dockerandaction\dockerandaction\src\main\java\com\container\dockerandaction\Api.java. Using fallback presentation compiler.
2026.09.11 15:04:24 WARN  no build target for: C:\Users\user\Downloads\dockerandaction\dockerandaction\src\main\java\com\container\dockerandaction\Api.java
Sept 11, 2026 3:04:24 PM org.eclipse.lsp4j.jsonrpc.RemoteEndpoint handleCancellation
WARNING: Unmatched cancel notification for request id 706
2026.09.11 15:04:24 INFO  no build target found for C:\Users\user\Downloads\dockerandaction\dockerandaction\src\main\java\com\container\dockerandaction\Api.java. Using fallback presentation compiler.
2026.09.11 15:04:24 INFO  no build target found for C:\Users\user\Downloads\dockerandaction\dockerandaction\src\main\java\com\container\dockerandaction\Api.java. Using fallback presentation compiler.
2026.09.11 15:04:24 INFO  no build target found for C:\Users\user\Downloads\dockerandaction\dockerandaction\src\main\java\com\container\dockerandaction\Api.java. Using fallback presentation compiler.
2026.09.11 15:04:24 INFO  no build target found for C:\Users\user\Downloads\dockerandaction\dockerandaction\src\main\java\com\container\dockerandaction\Api.java. Using fallback presentation compiler.
2026.09.11 15:04:24 INFO  no build target found for C:\Users\user\Downloads\dockerandaction\dockerandaction\src\main\java\com\container\dockerandaction\Api.java. Using fallback presentation compiler.
2026.09.11 15:04:24 INFO  no build target found for C:\Users\user\Downloads\dockerandaction\dockerandaction\src\main\java\com\container\dockerandaction\Api.java. Using fallback presentation compiler.
Sept 11, 2026 3:04:25 PM org.eclipse.lsp4j.jsonrpc.RemoteEndpoint handleCancellation
WARNING: Unmatched cancel notification for request id 715
2026.09.11 15:04:24 INFO  no build target found for C:\Users\user\Downloads\dockerandaction\dockerandaction\src\main\java\com\container\dockerandaction\Api.java. Using fallback presentation compiler.
2026.09.11 15:04:24 INFO  no build target found for C:\Users\user\Downloads\dockerandaction\dockerandaction\src\main\java\com\container\dockerandaction\Api.java. Using fallback presentation compiler.
2026.09.11 15:04:24 INFO  no build target found for C:\Users\user\Downloads\dockerandaction\dockerandaction\src\main\java\com\container\dockerandaction\Api.java. Using fallback presentation compiler.
Sept 11, 2026 3:04:25 PM org.eclipse.lsp4j.jsonrpc.RemoteEndpoint handleCancellation
WARNING: Unmatched cancel notification for request id 718
Sept 11, 2026 3:04:25 PM org.eclipse.lsp4j.jsonrpc.RemoteEndpoint handleCancellation
WARNING: Unmatched cancel notification for request id 719
2026.09.11 15:04:25 INFO  no build target found for C:\Users\user\Downloads\dockerandaction\dockerandaction\src\main\java\com\container\dockerandaction\Api.java. Using fallback presentation compiler.
2026.09.11 15:04:25 INFO  no build target found for C:\Users\user\Downloads\dockerandaction\dockerandaction\src\main\java\com\container\dockerandaction\Api.java. Using fallback presentation compiler.
Sept 11, 2026 3:04:25 PM org.eclipse.lsp4j.jsonrpc.RemoteEndpoint handleCancellation
WARNING: Unmatched cancel notification for request id 722
2026.09.11 15:04:25 INFO  no build target found for C:\Users\user\Downloads\dockerandaction\dockerandaction\src\main\java\com\container\dockerandaction\Api.java. Using fallback presentation compiler.
2026.09.11 15:04:25 INFO  no build target found for C:\Users\user\Downloads\dockerandaction\dockerandaction\src\main\java\com\container\dockerandaction\Api.java. Using fallback presentation compiler.
2026.09.11 15:04:27 INFO  no build target found for C:\Users\user\Downloads\dockerandaction\dockerandaction\src\main\java\com\container\dockerandaction\Api.java. Using fallback presentation compiler.
2026.09.11 15:04:58 INFO  no build target found for C:\Users\user\Downloads\dockerandaction\dockerandaction\src\main\java\com\container\dockerandaction\Api.java. Using fallback presentation compiler.
2026.09.11 15:04:58 INFO  no build target found for C:\Users\user\Downloads\dockerandaction\dockerandaction\src\main\java\com\container\dockerandaction\Api.java. Using fallback presentation compiler.
2026.09.11 15:05:00 INFO  no build target found for C:\Users\user\Downloads\dockerandaction\dockerandaction\src\main\java\com\container\dockerandaction\Api.java. Using fallback presentation compiler.
2026.09.11 15:05:00 INFO  no build target found for C:\Users\user\Downloads\dockerandaction\dockerandaction\src\main\java\com\container\dockerandaction\Api.java. Using fallback presentation compiler.
2026.09.11 15:05:00 INFO  no build target found for C:\Users\user\Downloads\dockerandaction\dockerandaction\src\main\java\com\container\dockerandaction\Api.java. Using fallback presentation compiler.
2026.09.11 15:05:01 INFO  no build target found for C:\Users\user\Downloads\dockerandaction\dockerandaction\src\main\java\com\container\dockerandaction\Api.java. Using fallback presentation compiler.
2026.09.11 15:05:01 INFO  no build target found for C:\Users\user\Downloads\dockerandaction\dockerandaction\src\main\java\com\container\dockerandaction\Api.java. Using fallback presentation compiler.
2026.09.11 15:05:03 INFO  no build target found for C:\Users\user\Downloads\dockerandaction\dockerandaction\src\main\java\com\container\dockerandaction\Api.java. Using fallback presentation compiler.
2026.09.11 15:05:05 INFO  no build target found for C:\Users\user\Downloads\dockerandaction\dockerandaction\src\main\java\com\container\dockerandaction\Api.java. Using fallback presentation compiler.
2026.09.11 15:05:05 INFO  no build target found for C:\Users\user\Downloads\dockerandaction\dockerandaction\src\main\java\com\container\dockerandaction\Api.java. Using fallback presentation compiler.
2026.09.11 15:05:05 INFO  no build target found for C:\Users\user\Downloads\dockerandaction\dockerandaction\src\main\java\com\container\dockerandaction\Api.java. Using fallback presentation compiler.
2026.09.11 15:05:06 INFO  no build target found for C:\Users\user\Downloads\dockerandaction\dockerandaction\src\main\java\com\container\dockerandaction\Api.java. Using fallback presentation compiler.
2026.09.11 15:05:08 INFO  no build target found for C:\Users\user\Downloads\dockerandaction\dockerandaction\src\main\java\com\container\dockerandaction\Api.java. Using fallback presentation compiler.
2026.09.11 15:05:08 INFO  no build target found for C:\Users\user\Downloads\dockerandaction\dockerandaction\src\main\java\com\container\dockerandaction\Api.java. Using fallback presentation compiler.
2026.09.11 15:05:08 INFO  no build target found for C:\Users\user\Downloads\dockerandaction\dockerandaction\src\main\java\com\container\dockerandaction\Api.java. Using fallback presentation compiler.
2026.09.11 15:05:09 INFO  no build target found for C:\Users\user\Downloads\dockerandaction\dockerandaction\src\main\java\com\container\dockerandaction\Api.java. Using fallback presentation compiler.
2026.09.11 15:05:09 INFO  no build target found for C:\Users\user\Downloads\dockerandaction\dockerandaction\src\main\java\com\container\dockerandaction\Api.java. Using fallback presentation compiler.
2026.09.11 15:05:11 INFO  no build target found for C:\Users\user\Downloads\dockerandaction\dockerandaction\src\main\java\com\container\dockerandaction\Api.java. Using fallback presentation compiler.
2026.09.11 15:05:12 INFO  no build target found for C:\Users\user\Downloads\dockerandaction\dockerandaction\src\main\java\com\container\dockerandaction\Api.java. Using fallback presentation compiler.
2026.09.11 15:05:12 INFO  no build target found for C:\Users\user\Downloads\dockerandaction\dockerandaction\src\main\java\com\container\dockerandaction\Api.java. Using fallback presentation compiler.
2026.09.11 15:05:14 INFO  no build target found for C:\Users\user\Downloads\dockerandaction\dockerandaction\src\main\java\com\container\dockerandaction\Api.java. Using fallback presentation compiler.
2026.09.11 15:05:14 INFO  no build target found for C:\Users\user\Downloads\dockerandaction\dockerandaction\src\main\java\com\container\dockerandaction\Api.java. Using fallback presentation compiler.
2026.09.11 15:05:16 INFO  no build target found for C:\Users\user\Downloads\dockerandaction\dockerandaction\src\main\java\com\container\dockerandaction\Api.java. Using fallback presentation compiler.
2026.09.11 15:05:16 INFO  no build target found for C:\Users\user\Downloads\dockerandaction\dockerandaction\src\main\java\com\container\dockerandaction\Api.java. Using fallback presentation compiler.
2026.09.11 15:05:16 INFO  no build target found for C:\Users\user\Downloads\dockerandaction\dockerandaction\src\main\java\com\container\dockerandaction\Api.java. Using fallback presentation compiler.
2026.09.11 15:05:26 INFO  no build target found for C:\Users\user\Downloads\dockerandaction\dockerandaction\src\test\java\com\container\dockerandaction\ApiControllerTest.java. Using fallback presentation compiler.
2026.09.11 15:05:26 WARN  no build target for: C:\Users\user\Downloads\dockerandaction\dockerandaction\src\test\java\com\container\dockerandaction\ApiControllerTest.java
Sept 11, 2026 3:05:26 PM org.eclipse.lsp4j.jsonrpc.RemoteEndpoint handleCancellation
WARNING: Unmatched cancel notification for request id 751
2026.09.11 15:05:26 INFO  no build target found for C:\Users\user\Downloads\dockerandaction\dockerandaction\src\test\java\com\container\dockerandaction\ApiControllerTest.java. Using fallback presentation compiler.
Sept 11, 2026 3:05:26 PM org.eclipse.lsp4j.jsonrpc.RemoteEndpoint handleCancellation
WARNING: Unmatched cancel notification for request id 753
2026.09.11 15:05:26 INFO  no build target found for C:\Users\user\Downloads\dockerandaction\dockerandaction\src\test\java\com\container\dockerandaction\ApiControllerTest.java. Using fallback presentation compiler.
2026.09.11 15:05:27 INFO  no build target found for C:\Users\user\Downloads\dockerandaction\dockerandaction\src\test\java\com\container\dockerandaction\ApiControllerTest.java. Using fallback presentation compiler.
2026.09.11 15:05:27 INFO  no build target found for C:\Users\user\Downloads\dockerandaction\dockerandaction\src\test\java\com\container\dockerandaction\ApiControllerTest.java. Using fallback presentation compiler.
2026.09.11 15:05:30 INFO  no build target found for C:\Users\user\Downloads\dockerandaction\dockerandaction\src\test\java\com\container\dockerandaction\ApiControllerTest.java. Using fallback presentation compiler.
2026.09.11 15:05:30 INFO  no build target found for C:\Users\user\Downloads\dockerandaction\dockerandaction\src\test\java\com\container\dockerandaction\ApiControllerTest.java. Using fallback presentation compiler.
2026.09.11 15:05:30 INFO  no build target found for C:\Users\user\Downloads\dockerandaction\dockerandaction\src\test\java\com\container\dockerandaction\ApiControllerTest.java. Using fallback presentation compiler.
2026.09.11 15:05:36 INFO  no build target found for C:\Users\user\Downloads\dockerandaction\dockerandaction\src\test\java\com\container\dockerandaction\ApiControllerTest.java. Using fallback presentation compiler.
2026.09.11 15:05:40 INFO  no build target found for C:\Users\user\Downloads\dockerandaction\dockerandaction\src\test\java\com\container\dockerandaction\ApiControllerTest.java. Using fallback presentation compiler.
2026.09.11 15:05:40 INFO  no build target found for C:\Users\user\Downloads\dockerandaction\dockerandaction\src\test\java\com\container\dockerandaction\ApiControllerTest.java. Using fallback presentation compiler.
2026.09.11 15:05:41 INFO  no build target found for C:\Users\user\Downloads\dockerandaction\dockerandaction\src\test\java\com\container\dockerandaction\ApiControllerTest.java. Using fallback presentation compiler.
2026.09.11 15:05:41 INFO  no build target found for C:\Users\user\Downloads\dockerandaction\dockerandaction\src\test\java\com\container\dockerandaction\ApiControllerTest.java. Using fallback presentation compiler.
2026.09.11 15:05:41 INFO  no build target found for C:\Users\user\Downloads\dockerandaction\dockerandaction\src\test\java\com\container\dockerandaction\ApiControllerTest.java. Using fallback presentation compiler.
2026.09.11 15:05:42 INFO  no build target found for C:\Users\user\Downloads\dockerandaction\dockerandaction\src\test\java\com\container\dockerandaction\ApiControllerTest.java. Using fallback presentation compiler.
2026.09.11 15:05:42 INFO  no build target found for C:\Users\user\Downloads\dockerandaction\dockerandaction\src\test\java\com\container\dockerandaction\ApiControllerTest.java. Using fallback presentation compiler.
2026.09.11 15:05:52 INFO  no build target found for C:\Users\user\Downloads\dockerandaction\dockerandaction\src\test\java\com\container\dockerandaction\ApiControllerTest.java. Using fallback presentation compiler.
2026.09.11 15:05:52 INFO  no build target found for C:\Users\user\Downloads\dockerandaction\dockerandaction\src\test\java\com\container\dockerandaction\ApiControllerTest.java. Using fallback presentation compiler.
2026.09.11 15:05:52 INFO  no build target found for C:\Users\user\Downloads\dockerandaction\dockerandaction\src\test\java\com\container\dockerandaction\ApiControllerTest.java. Using fallback presentation compiler.
2026.09.11 15:05:53 INFO  no build target found for C:\Users\user\Downloads\dockerandaction\dockerandaction\src\test\java\com\container\dockerandaction\ApiControllerTest.java. Using fallback presentation compiler.
2026.09.11 15:05:53 INFO  no build target found for C:\Users\user\Downloads\dockerandaction\dockerandaction\src\test\java\com\container\dockerandaction\ApiControllerTest.java. Using fallback presentation compiler.
2026.09.11 15:05:53 INFO  no build target found for C:\Users\user\Downloads\dockerandaction\dockerandaction\src\test\java\com\container\dockerandaction\ApiControllerTest.java. Using fallback presentation compiler.
2026.09.11 15:05:55 INFO  no build target found for C:\Users\user\Downloads\dockerandaction\dockerandaction\src\test\java\com\container\dockerandaction\ApiControllerTest.java. Using fallback presentation compiler.
2026.09.11 15:05:55 INFO  no build target found for C:\Users\user\Downloads\dockerandaction\dockerandaction\src\test\java\com\container\dockerandaction\ApiControllerTest.java. Using fallback presentation compiler.
2026.09.11 15:05:56 INFO  no build target found for C:\Users\user\Downloads\dockerandaction\dockerandaction\src\test\java\com\container\dockerandaction\ApiControllerTest.java. Using fallback presentation compiler.
2026.09.11 15:05:56 INFO  no build target found for C:\Users\user\Downloads\dockerandaction\dockerandaction\src\test\java\com\container\dockerandaction\ApiControllerTest.java. Using fallback presentation compiler.
2026.09.11 15:05:58 INFO  no build target found for C:\Users\user\Downloads\dockerandaction\dockerandaction\src\test\java\com\container\dockerandaction\ApiControllerTest.java. Using fallback presentation compiler.
2026.09.11 15:05:58 INFO  no build target found for C:\Users\user\Downloads\dockerandaction\dockerandaction\src\test\java\com\container\dockerandaction\ApiControllerTest.java. Using fallback presentation compiler.
2026.09.11 15:05:59 INFO  no build target found for C:\Users\user\Downloads\dockerandaction\dockerandaction\src\test\java\com\container\dockerandaction\ApiControllerTest.java. Using fallback presentation compiler.
2026.09.11 15:05:59 INFO  no build target found for C:\Users\user\Downloads\dockerandaction\dockerandaction\src\test\java\com\container\dockerandaction\ApiControllerTest.java. Using fallback presentation compiler.
2026.09.11 15:05:59 INFO  no build target found for C:\Users\user\Downloads\dockerandaction\dockerandaction\src\test\java\com\container\dockerandaction\ApiControllerTest.java. Using fallback presentation compiler.
2026.09.11 15:06:00 INFO  no build target found for C:\Users\user\Downloads\dockerandaction\dockerandaction\src\test\java\com\container\dockerandaction\ApiControllerTest.java. Using fallback presentation compiler.
2026.09.11 15:06:00 INFO  no build target found for C:\Users\user\Downloads\dockerandaction\dockerandaction\src\test\java\com\container\dockerandaction\ApiControllerTest.java. Using fallback presentation compiler.
2026.09.11 15:06:01 INFO  no build target found for C:\Users\user\Downloads\dockerandaction\dockerandaction\src\test\java\com\container\dockerandaction\ApiControllerTest.java. Using fallback presentation compiler.
2026.09.11 15:06:01 INFO  no build target found for C:\Users\user\Downloads\dockerandaction\dockerandaction\src\test\java\com\container\dockerandaction\ApiControllerTest.java. Using fallback presentation compiler.
2026.09.11 15:06:01 INFO  no build target found for C:\Users\user\Downloads\dockerandaction\dockerandaction\src\test\java\com\container\dockerandaction\ApiControllerTest.java. Using fallback presentation compiler.
2026.09.11 15:06:03 INFO  no build target found for C:\Users\user\Downloads\dockerandaction\dockerandaction\src\test\java\com\container\dockerandaction\ApiControllerTest.java. Using fallback presentation compiler.
2026.09.11 15:06:03 INFO  no build target found for C:\Users\user\Downloads\dockerandaction\dockerandaction\src\test\java\com\container\dockerandaction\ApiControllerTest.java. Using fallback presentation compiler.
2026.09.11 15:06:05 INFO  no build target found for C:\Users\user\Downloads\dockerandaction\dockerandaction\src\test\java\com\container\dockerandaction\ApiControllerTest.java. Using fallback presentation compiler.
2026.09.11 15:06:05 INFO  no build target found for C:\Users\user\Downloads\dockerandaction\dockerandaction\src\test\java\com\container\dockerandaction\ApiControllerTest.java. Using fallback presentation compiler.
2026.09.11 15:06:07 INFO  no build target found for C:\Users\user\Downloads\dockerandaction\dockerandaction\src\test\java\com\container\dockerandaction\ApiControllerTest.java. Using fallback presentation compiler.
2026.09.11 15:06:08 INFO  no build target found for C:\Users\user\Downloads\dockerandaction\dockerandaction\src\test\java\com\container\dockerandaction\ApiControllerTest.java. Using fallback presentation compiler.
Sept 11, 2026 3:06:09 PM org.eclipse.lsp4j.jsonrpc.RemoteEndpoint handleCancellation
WARNING: Unmatched cancel notification for request id 795
2026.09.11 15:06:08 INFO  no build target found for C:\Users\user\Downloads\dockerandaction\dockerandaction\src\test\java\com\container\dockerandaction\ApiControllerTest.java. Using fallback presentation compiler.
2026.09.11 15:06:10 INFO  no build target found for C:\Users\user\Downloads\dockerandaction\dockerandaction\src\test\java\com\container\dockerandaction\ApiControllerTest.java. Using fallback presentation compiler.
2026.09.11 15:06:12 INFO  no build target found for C:\Users\user\Downloads\dockerandaction\dockerandaction\src\test\java\com\container\dockerandaction\ApiControllerTest.java. Using fallback presentation compiler.
2026.09.11 15:06:12 INFO  no build target found for C:\Users\user\Downloads\dockerandaction\dockerandaction\src\test\java\com\container\dockerandaction\ApiControllerTest.java. Using fallback presentation compiler.
2026.09.11 15:06:12 INFO  no build target found for C:\Users\user\Downloads\dockerandaction\dockerandaction\src\test\java\com\container\dockerandaction\ApiControllerTest.java. Using fallback presentation compiler.
2026.09.11 15:06:17 INFO  no build target found for C:\Users\user\Downloads\dockerandaction\dockerandaction\src\test\java\com\container\dockerandaction\ApiControllerTest.java. Using fallback presentation compiler.
2026.09.11 15:06:17 INFO  no build target found for C:\Users\user\Downloads\dockerandaction\dockerandaction\src\test\java\com\container\dockerandaction\ApiControllerTest.java. Using fallback presentation compiler.
2026.09.11 15:06:24 INFO  no build target found for C:\Users\user\Downloads\dockerandaction\dockerandaction\src\test\java\com\container\dockerandaction\ApiControllerTest.java. Using fallback presentation compiler.
2026.09.11 15:06:24 INFO  no build target found for C:\Users\user\Downloads\dockerandaction\dockerandaction\src\test\java\com\container\dockerandaction\ApiControllerTest.java. Using fallback presentation compiler.
2026.09.11 15:06:24 WARN  no build target for: C:\Users\user\Downloads\dockerandaction\dockerandaction\src\test\java\com\container\dockerandaction\ApiControllerTest.java
2026.09.11 15:06:30 INFO  no build target found for C:\Users\user\Downloads\dockerandaction\dockerandaction\src\test\java\com\container\dockerandaction\ApiControllerTest.java. Using fallback presentation compiler.
2026.09.11 15:06:38 INFO  no build target found for C:\Users\user\Downloads\dockerandaction\dockerandaction\src\test\java\com\container\dockerandaction\ApiControllerTest.java. Using fallback presentation compiler.
Sept 11, 2026 3:06:39 PM org.eclipse.lsp4j.jsonrpc.RemoteEndpoint handleCancellation
WARNING: Unmatched cancel notification for request id 809
2026.09.11 15:06:39 INFO  no build target found for C:\Users\user\Downloads\dockerandaction\dockerandaction\src\test\java\com\container\dockerandaction\ApiControllerTest.java. Using fallback presentation compiler.
2026.09.11 15:06:39 INFO  no build target found for C:\Users\user\Downloads\dockerandaction\dockerandaction\src\test\java\com\container\dockerandaction\ApiControllerTest.java. Using fallback presentation compiler.
2026.09.11 15:06:40 INFO  no build target found for C:\Users\user\Downloads\dockerandaction\dockerandaction\src\test\java\com\container\dockerandaction\ApiControllerTest.java. Using fallback presentation compiler.
2026.09.11 15:06:40 INFO  no build target found for C:\Users\user\Downloads\dockerandaction\dockerandaction\src\test\java\com\container\dockerandaction\ApiControllerTest.java. Using fallback presentation compiler.
2026.09.11 15:06:40 INFO  no build target found for C:\Users\user\Downloads\dockerandaction\dockerandaction\src\test\java\com\container\dockerandaction\ApiControllerTest.java. Using fallback presentation compiler.
2026.09.11 15:06:42 INFO  no build target found for C:\Users\user\Downloads\dockerandaction\dockerandaction\src\test\java\com\container\dockerandaction\ApiControllerTest.java. Using fallback presentation compiler.
2026.09.11 15:06:46 INFO  no build target found for C:\Users\user\Downloads\dockerandaction\dockerandaction\src\test\java\com\container\dockerandaction\ApiControllerTest.java. Using fallback presentation compiler.
2026.09.11 15:06:47 INFO  no build target found for C:\Users\user\Downloads\dockerandaction\dockerandaction\src\test\java\com\container\dockerandaction\ApiControllerTest.java. Using fallback presentation compiler.
2026.09.11 15:06:47 INFO  no build target found for C:\Users\user\Downloads\dockerandaction\dockerandaction\src\test\java\com\container\dockerandaction\ApiControllerTest.java. Using fallback presentation compiler.
2026.09.11 15:06:47 INFO  no build target found for C:\Users\user\Downloads\dockerandaction\dockerandaction\src\test\java\com\container\dockerandaction\ApiControllerTest.java. Using fallback presentation compiler.
2026.09.11 15:06:49 INFO  no build target found for C:\Users\user\Downloads\dockerandaction\dockerandaction\src\test\java\com\container\dockerandaction\ApiControllerTest.java. Using fallback presentation compiler.
2026.09.11 15:06:49 INFO  no build target found for C:\Users\user\Downloads\dockerandaction\dockerandaction\src\test\java\com\container\dockerandaction\ApiControllerTest.java. Using fallback presentation compiler.
2026.09.11 15:06:49 INFO  no build target found for C:\Users\user\Downloads\dockerandaction\dockerandaction\src\test\java\com\container\dockerandaction\ApiControllerTest.java. Using fallback presentation compiler.
Sept 11, 2026 3:06:50 PM org.eclipse.lsp4j.jsonrpc.RemoteEndpoint handleCancellation
WARNING: Unmatched cancel notification for request id 823
2026.09.11 15:06:50 INFO  no build target found for C:\Users\user\Downloads\dockerandaction\dockerandaction\src\test\java\com\container\dockerandaction\ApiControllerTest.java. Using fallback presentation compiler.
2026.09.11 15:06:52 INFO  no build target found for C:\Users\user\Downloads\dockerandaction\dockerandaction\src\test\java\com\container\dockerandaction\ApiControllerTest.java. Using fallback presentation compiler.
2026.09.11 15:06:53 INFO  no build target found for C:\Users\user\Downloads\dockerandaction\dockerandaction\src\test\java\com\container\dockerandaction\ApiControllerTest.java. Using fallback presentation compiler.
2026.09.11 15:06:53 INFO  no build target found for C:\Users\user\Downloads\dockerandaction\dockerandaction\src\test\java\com\container\dockerandaction\ApiControllerTest.java. Using fallback presentation compiler.
2026.09.11 15:06:55 INFO  no build target found for C:\Users\user\Downloads\dockerandaction\dockerandaction\src\test\java\com\container\dockerandaction\ApiControllerTest.java. Using fallback presentation compiler.
2026.09.11 15:06:55 INFO  no build target found for C:\Users\user\Downloads\dockerandaction\dockerandaction\src\test\java\com\container\dockerandaction\ApiControllerTest.java. Using fallback presentation compiler.
2026.09.11 15:06:56 INFO  no build target found for C:\Users\user\Downloads\dockerandaction\dockerandaction\src\test\java\com\container\dockerandaction\ApiControllerTest.java. Using fallback presentation compiler.
2026.09.11 15:06:58 INFO  no build target found for C:\Users\user\Downloads\dockerandaction\dockerandaction\src\test\java\com\container\dockerandaction\ApiControllerTest.java. Using fallback presentation compiler.
2026.09.11 15:06:59 INFO  no build target found for C:\Users\user\Downloads\dockerandaction\dockerandaction\src\test\java\com\container\dockerandaction\ApiControllerTest.java. Using fallback presentation compiler.
2026.09.11 15:06:59 INFO  no build target found for C:\Users\user\Downloads\dockerandaction\dockerandaction\src\test\java\com\container\dockerandaction\ApiControllerTest.java. Using fallback presentation compiler.
2026.09.11 15:07:03 INFO  no build target found for C:\Users\user\Downloads\dockerandaction\dockerandaction\src\test\java\com\container\dockerandaction\ApiControllerTest.java. Using fallback presentation compiler.
2026.09.11 15:07:03 INFO  no build target found for C:\Users\user\Downloads\dockerandaction\dockerandaction\src\test\java\com\container\dockerandaction\ApiControllerTest.java. Using fallback presentation compiler.
2026.09.11 15:07:07 INFO  no build target found for C:\Users\user\Downloads\dockerandaction\dockerandaction\src\test\java\com\container\dockerandaction\ApiControllerTest.java. Using fallback presentation compiler.
2026.09.11 15:07:07 INFO  no build target found for C:\Users\user\Downloads\dockerandaction\dockerandaction\src\test\java\com\container\dockerandaction\ApiControllerTest.java. Using fallback presentation compiler.
2026.09.11 15:07:07 INFO  no build target found for C:\Users\user\Downloads\dockerandaction\dockerandaction\src\test\java\com\container\dockerandaction\ApiControllerTest.java. Using fallback presentation compiler.
2026.09.11 15:07:08 INFO  no build target found for C:\Users\user\Downloads\dockerandaction\dockerandaction\src\test\java\com\container\dockerandaction\ApiControllerTest.java. Using fallback presentation compiler.
2026.09.11 15:07:10 INFO  no build target found for C:\Users\user\Downloads\dockerandaction\dockerandaction\src\test\java\com\container\dockerandaction\ApiControllerTest.java. Using fallback presentation compiler.
2026.09.11 15:07:10 INFO  no build target found for C:\Users\user\Downloads\dockerandaction\dockerandaction\src\test\java\com\container\dockerandaction\ApiControllerTest.java. Using fallback presentation compiler.
2026.09.11 15:07:10 INFO  no build target found for C:\Users\user\Downloads\dockerandaction\dockerandaction\src\test\java\com\container\dockerandaction\ApiControllerTest.java. Using fallback presentation compiler.
2026.09.11 15:07:12 INFO  no build target found for C:\Users\user\Downloads\dockerandaction\dockerandaction\src\test\java\com\container\dockerandaction\ApiControllerTest.java. Using fallback presentation compiler.
2026.09.11 15:07:12 INFO  no build target found for C:\Users\user\Downloads\dockerandaction\dockerandaction\src\test\java\com\container\dockerandaction\ApiControllerTest.java. Using fallback presentation compiler.
2026.09.11 15:07:12 INFO  no build target found for C:\Users\user\Downloads\dockerandaction\dockerandaction\src\test\java\com\container\dockerandaction\ApiControllerTest.java. Using fallback presentation compiler.
2026.09.11 15:07:12 INFO  no build target found for C:\Users\user\Downloads\dockerandaction\dockerandaction\src\test\java\com\container\dockerandaction\ApiControllerTest.java. Using fallback presentation compiler.
2026.09.11 15:07:13 INFO  no build target found for C:\Users\user\Downloads\dockerandaction\dockerandaction\src\test\java\com\container\dockerandaction\ApiControllerTest.java. Using fallback presentation compiler.
2026.09.11 15:07:13 INFO  no build target found for C:\Users\user\Downloads\dockerandaction\dockerandaction\src\test\java\com\container\dockerandaction\ApiControllerTest.java. Using fallback presentation compiler.
2026.09.11 15:07:17 INFO  no build target found for C:\Users\user\Downloads\dockerandaction\dockerandaction\src\test\java\com\container\dockerandaction\ApiControllerTest.java. Using fallback presentation compiler.
2026.09.11 15:07:17 INFO  no build target found for C:\Users\user\Downloads\dockerandaction\dockerandaction\src\test\java\com\container\dockerandaction\ApiControllerTest.java. Using fallback presentation compiler.
2026.09.11 15:07:20 INFO  no build target found for C:\Users\user\Downloads\dockerandaction\dockerandaction\src\test\java\com\container\dockerandaction\ApiControllerTest.java. Using fallback presentation compiler.
2026.09.11 15:07:23 INFO  no build target found for C:\Users\user\Downloads\dockerandaction\dockerandaction\src\test\java\com\container\dockerandaction\ApiControllerTest.java. Using fallback presentation compiler.
2026.09.11 15:07:23 INFO  no build target found for C:\Users\user\Downloads\dockerandaction\dockerandaction\src\test\java\com\container\dockerandaction\ApiControllerTest.java. Using fallback presentation compiler.
2026.09.11 15:07:23 INFO  no build target found for C:\Users\user\Downloads\dockerandaction\dockerandaction\src\test\java\com\container\dockerandaction\ApiControllerTest.java. Using fallback presentation compiler.
2026.09.11 15:07:24 INFO  no build target found for C:\Users\user\Downloads\dockerandaction\dockerandaction\src\test\java\com\container\dockerandaction\ApiControllerTest.java. Using fallback presentation compiler.
2026.09.11 15:07:24 INFO  no build target found for C:\Users\user\Downloads\dockerandaction\dockerandaction\src\test\java\com\container\dockerandaction\ApiControllerTest.java. Using fallback presentation compiler.
2026.09.11 15:07:24 INFO  no build target found for C:\Users\user\Downloads\dockerandaction\dockerandaction\src\test\java\com\container\dockerandaction\ApiControllerTest.java. Using fallback presentation compiler.
2026.09.11 15:07:24 INFO  no build target found for C:\Users\user\Downloads\dockerandaction\dockerandaction\src\test\java\com\container\dockerandaction\ApiControllerTest.java. Using fallback presentation compiler.
2026.09.11 15:07:26 INFO  no build target found for C:\Users\user\Downloads\dockerandaction\dockerandaction\src\test\java\com\container\dockerandaction\ApiControllerTest.java. Using fallback presentation compiler.
2026.09.11 15:07:27 INFO  no build target found for C:\Users\user\Downloads\dockerandaction\dockerandaction\src\test\java\com\container\dockerandaction\ApiControllerTest.java. Using fallback presentation compiler.
2026.09.11 15:07:27 INFO  no build target found for C:\Users\user\Downloads\dockerandaction\dockerandaction\src\test\java\com\container\dockerandaction\ApiControllerTest.java. Using fallback presentation compiler.
2026.09.11 15:07:27 INFO  no build target found for C:\Users\user\Downloads\dockerandaction\dockerandaction\src\test\java\com\container\dockerandaction\ApiControllerTest.java. Using fallback presentation compiler.
2026.09.11 15:07:27 INFO  no build target found for C:\Users\user\Downloads\dockerandaction\dockerandaction\src\main\java\com\container\dockerandaction\Api.java. Using fallback presentation compiler.
2026.09.11 15:07:28 WARN  no build target for: C:\Users\user\Downloads\dockerandaction\dockerandaction\src\main\java\com\container\dockerandaction\Api.java
2026.09.11 15:07:28 INFO  no build target found for C:\Users\user\Downloads\dockerandaction\dockerandaction\src\main\java\com\container\dockerandaction\Api.java. Using fallback presentation compiler.
2026.09.11 15:07:33 INFO  no build target found for C:\Users\user\Downloads\dockerandaction\dockerandaction\src\test\java\com\container\dockerandaction\ApiControllerTest.java. Using fallback presentation compiler.
2026.09.11 15:07:34 WARN  no build target for: C:\Users\user\Downloads\dockerandaction\dockerandaction\src\test\java\com\container\dockerandaction\ApiControllerTest.java
2026.09.11 15:07:33 INFO  no build target found for C:\Users\user\Downloads\dockerandaction\dockerandaction\src\test\java\com\container\dockerandaction\ApiControllerTest.java. Using fallback presentation compiler.
2026.09.11 15:07:34 INFO  no build target found for C:\Users\user\Downloads\dockerandaction\dockerandaction\src\test\java\com\container\dockerandaction\ApiControllerTest.java. Using fallback presentation compiler.
Sept 11, 2026 3:07:34 PM org.eclipse.lsp4j.jsonrpc.RemoteEndpoint handleCancellation
WARNING: Unmatched cancel notification for request id 871
2026.09.11 15:07:33 INFO  no build target found for C:\Users\user\Downloads\dockerandaction\dockerandaction\src\test\java\com\container\dockerandaction\ApiControllerTest.java. Using fallback presentation compiler.
2026.09.11 15:07:33 INFO  no build target found for C:\Users\user\Downloads\dockerandaction\dockerandaction\src\test\java\com\container\dockerandaction\ApiControllerTest.java. Using fallback presentation compiler.
2026.09.11 15:07:35 INFO  no build target found for C:\Users\user\Downloads\dockerandaction\dockerandaction\src\test\java\com\container\dockerandaction\ApiControllerTest.java. Using fallback presentation compiler.
2026.09.11 15:07:36 INFO  no build target found for C:\Users\user\Downloads\dockerandaction\dockerandaction\src\test\java\com\container\dockerandaction\ApiControllerTest.java. Using fallback presentation compiler.
2026.09.11 15:07:36 INFO  no build target found for C:\Users\user\Downloads\dockerandaction\dockerandaction\src\test\java\com\container\dockerandaction\ApiControllerTest.java. Using fallback presentation compiler.
2026.09.11 15:07:36 INFO  no build target found for C:\Users\user\Downloads\dockerandaction\dockerandaction\src\test\java\com\container\dockerandaction\ApiControllerTest.java. Using fallback presentation compiler.
2026.09.11 15:07:36 INFO  no build target found for C:\Users\user\Downloads\dockerandaction\dockerandaction\src\test\java\com\container\dockerandaction\ApiControllerTest.java. Using fallback presentation compiler.
2026.09.11 15:07:36 INFO  no build target found for C:\Users\user\Downloads\dockerandaction\dockerandaction\src\test\java\com\container\dockerandaction\ApiControllerTest.java. Using fallback presentation compiler.
2026.09.11 15:07:36 INFO  no build target found for C:\Users\user\Downloads\dockerandaction\dockerandaction\src\test\java\com\container\dockerandaction\ApiControllerTest.java. Using fallback presentation compiler.
2026.09.11 15:07:36 INFO  no build target found for C:\Users\user\Downloads\dockerandaction\dockerandaction\src\test\java\com\container\dockerandaction\ApiControllerTest.java. Using fallback presentation compiler.
2026.09.11 15:07:38 INFO  no build target found for C:\Users\user\Downloads\dockerandaction\dockerandaction\src\test\java\com\container\dockerandaction\ApiControllerTest.java. Using fallback presentation compiler.
2026.09.11 15:07:39 INFO  no build target found for C:\Users\user\Downloads\dockerandaction\dockerandaction\src\test\java\com\container\dockerandaction\ApiControllerTest.java. Using fallback presentation compiler.
Sept 11, 2026 3:07:39 PM org.eclipse.lsp4j.jsonrpc.RemoteEndpoint handleCancellation
WARNING: Unmatched cancel notification for request id 885
2026.09.11 15:07:39 INFO  no build target found for C:\Users\user\Downloads\dockerandaction\dockerandaction\src\test\java\com\container\dockerandaction\ApiControllerTest.java. Using fallback presentation compiler.
2026.09.11 15:07:44 INFO  no build target found for C:\Users\user\Downloads\dockerandaction\dockerandaction\src\test\java\com\container\dockerandaction\ApiControllerTest.java. Using fallback presentation compiler.
2026.09.11 15:07:44 INFO  no build target found for C:\Users\user\Downloads\dockerandaction\dockerandaction\src\test\java\com\container\dockerandaction\ApiControllerTest.java. Using fallback presentation compiler.
2026.09.11 15:07:44 INFO  no build target found for C:\Users\user\Downloads\dockerandaction\dockerandaction\src\test\java\com\container\dockerandaction\ApiControllerTest.java. Using fallback presentation compiler.
2026.09.11 15:07:46 INFO  no build target found for C:\Users\user\Downloads\dockerandaction\dockerandaction\src\test\java\com\container\dockerandaction\ApiControllerTest.java. Using fallback presentation compiler.
2026.09.11 15:07:46 INFO  no build target found for C:\Users\user\Downloads\dockerandaction\dockerandaction\src\test\java\com\container\dockerandaction\ApiControllerTest.java. Using fallback presentation compiler.
2026.09.11 15:07:46 INFO  no build target found for C:\Users\user\Downloads\dockerandaction\dockerandaction\src\test\java\com\container\dockerandaction\ApiControllerTest.java. Using fallback presentation compiler.
2026.09.11 15:07:47 INFO  no build target found for C:\Users\user\Downloads\dockerandaction\dockerandaction\src\test\java\com\container\dockerandaction\ApiControllerTest.java. Using fallback presentation compiler.
Sept 11, 2026 3:07:47 PM org.eclipse.lsp4j.jsonrpc.RemoteEndpoint handleCancellation
WARNING: Unmatched cancel notification for request id 894
2026.09.11 15:07:47 INFO  no build target found for C:\Users\user\Downloads\dockerandaction\dockerandaction\src\test\java\com\container\dockerandaction\ApiControllerTest.java. Using fallback presentation compiler.
2026.09.11 15:07:50 INFO  no build target found for C:\Users\user\Downloads\dockerandaction\dockerandaction\src\test\java\com\container\dockerandaction\ApiControllerTest.java. Using fallback presentation compiler.
2026.09.11 15:07:50 INFO  no build target found for C:\Users\user\Downloads\dockerandaction\dockerandaction\src\test\java\com\container\dockerandaction\ApiControllerTest.java. Using fallback presentation compiler.
2026.09.11 15:07:50 INFO  no build target found for C:\Users\user\Downloads\dockerandaction\dockerandaction\src\test\java\com\container\dockerandaction\ApiControllerTest.java. Using fallback presentation compiler.
2026.09.11 15:07:51 INFO  no build target found for C:\Users\user\Downloads\dockerandaction\dockerandaction\src\test\java\com\container\dockerandaction\ApiControllerTest.java. Using fallback presentation compiler.
2026.09.11 15:07:51 INFO  no build target found for C:\Users\user\Downloads\dockerandaction\dockerandaction\src\test\java\com\container\dockerandaction\ApiControllerTest.java. Using fallback presentation compiler.
2026.09.11 15:08:06 INFO  Shutting down server
2026.09.11 15:08:06 INFO  Memory monitor stopped
2026.09.11 15:08:06 INFO  shutting down Metals
2026.09.11 15:08:12 ERROR Unexpected error initializing server: 
org.eclipse.lsp4j.jsonrpc.ResponseErrorException: Request window/showMessageRequest failed with message: Canceled
	at org.eclipse.lsp4j.jsonrpc.RemoteEndpoint.handleResponse(RemoteEndpoint.java:214)
	at org.eclipse.lsp4j.jsonrpc.RemoteEndpoint.consume(RemoteEndpoint.java:198)
	at org.eclipse.lsp4j.jsonrpc.json.StreamMessageProducer.handleMessage(StreamMessageProducer.java:189)
	at org.eclipse.lsp4j.jsonrpc.json.StreamMessageProducer.listen(StreamMessageProducer.java:97)
	at org.eclipse.lsp4j.jsonrpc.json.ConcurrentMessageProcessor.run(ConcurrentMessageProcessor.java:97)
	at java.util.concurrent.Executors$RunnableAdapter.call(Executors.java:545)
	at java.util.concurrent.FutureTask.run(FutureTask.java:328)
	at java.util.concurrent.ThreadPoolExecutor.runWorker(ThreadPoolExecutor.java:1090)
	at java.util.concurrent.ThreadPoolExecutor$Worker.run(ThreadPoolExecutor.java:614)
	at java.lang.Thread.run(Thread.java:1474)

2026.09.11 15:45:30 INFO  Started: Metals version 1.6.8 in folders 'C:\Users\user\Downloads\dockerandaction' for client Visual Studio Code 1.135.0.
2026.09.11 15:45:30 INFO  time: initialize in 0.2s
2026.09.11 15:45:31 INFO  Memory monitor started
2026.09.11 15:45:52 WARN  Using H2 2.4.240 which is newer than the version Flyway has been verified with. The latest verified version of H2 is 2.3.232.
2026.09.11 15:45:55 INFO  no build target found for C:\Users\user\Downloads\dockerandaction\dockerandaction\src\main\java\com\container\dockerandaction\DockerandactionApplication.java. Using fallback presentation compiler.
2026.09.11 15:48:02 INFO  no build target found for C:\Users\user\Downloads\dockerandaction\dockerandaction\src\main\java\com\container\dockerandaction\DockerandactionApplication.java. Using fallback presentation compiler.
2026.09.11 15:48:12 INFO  no build target found for C:\Users\user\Downloads\dockerandaction\dockerandaction\src\main\java\com\container\dockerandaction\DockerandactionApplication.java. Using fallback presentation compiler.
2026.09.11 15:53:40 INFO  no build target found for C:\Users\user\Downloads\dockerandaction\dockerandaction\src\test\java\com\container\dockerandaction\ApiControllerTest.java. Using fallback presentation compiler.
2026.09.11 15:53:41 WARN  no build target for: C:\Users\user\Downloads\dockerandaction\dockerandaction\src\test\java\com\container\dockerandaction\ApiControllerTest.java
Sept 11, 2026 3:53:41 PM org.eclipse.lsp4j.jsonrpc.RemoteEndpoint handleCancellation
WARNING: Unmatched cancel notification for request id 14
2026.09.11 15:53:41 INFO  no build target found for C:\Users\user\Downloads\dockerandaction\dockerandaction\src\test\java\com\container\dockerandaction\ApiControllerTest.java. Using fallback presentation compiler.
2026.09.11 15:53:45 INFO  no build target found for C:\Users\user\Downloads\dockerandaction\dockerandaction\src\test\java\com\container\dockerandaction\ApiControllerTest.java. Using fallback presentation compiler.
2026.09.11 15:53:45 INFO  no build target found for C:\Users\user\Downloads\dockerandaction\dockerandaction\src\test\java\com\container\dockerandaction\ApiControllerTest.java. Using fallback presentation compiler.
2026.09.11 15:53:45 INFO  no build target found for C:\Users\user\Downloads\dockerandaction\dockerandaction\src\test\java\com\container\dockerandaction\ApiControllerTest.java. Using fallback presentation compiler.
2026.09.11 15:53:45 INFO  no build target found for C:\Users\user\Downloads\dockerandaction\dockerandaction\src\test\java\com\container\dockerandaction\ApiControllerTest.java. Using fallback presentation compiler.
2026.09.11 15:53:46 INFO  empty definition using pc, found symbol in pc: org/junit/jupiter/api/Test# (full report at: "C:\Users\user\Downloads\dockerandaction\.metals\.reports\metals-full\2026-09-11\r_empty-definition_15-53-46-545.md")
2026.09.11 15:53:46 INFO  empty definition using pc, found symbol in pc: org/junit/jupiter/api/Test# (full report at: "C:\Users\user\Downloads\dockerandaction\.metals\.reports\metals-full\2026-09-11\r_empty-definition_15-53-46-545.md")
2026.09.11 15:53:46 INFO  Created report: Optional[file:///C:/Users/user/Downloads/dockerandaction/dockerandaction/src/test/java/com/container/dockerandaction/ApiControllerTest.java]
2026.09.11 15:53:46 INFO  empty definition using pc, found symbol in pc: org/junit/jupiter/api/Test# (full report at: "C:\Users\user\Downloads\dockerandaction\.metals\.reports\metals-full\2026-09-11\r_empty-definition_15-53-46-545.md")
2026.09.11 15:53:46 INFO  no build target found for C:\Users\user\Downloads\dockerandaction\dockerandaction\src\test\java\com\container\dockerandaction\ApiControllerTest.java. Using fallback presentation compiler.
2026.09.11 15:53:46 INFO  no build target found for C:\Users\user\Downloads\dockerandaction\dockerandaction\src\test\java\com\container\dockerandaction\ApiControllerTest.java. Using fallback presentation compiler.
2026.09.11 15:53:46 INFO  no build target found for C:\Users\user\Downloads\dockerandaction\dockerandaction\src\test\java\com\container\dockerandaction\ApiControllerTest.java. Using fallback presentation compiler.
2026.09.11 15:53:46 INFO  Created report: Optional[file:///C:/Users/user/Downloads/dockerandaction/dockerandaction/src/test/java/com/container/dockerandaction/ApiControllerTest.java]
2026.09.11 15:53:46 INFO  empty definition using pc, found symbol in pc: org/springframework/boot/test/context/SpringBootTest# (full report at: "C:\Users\user\Downloads\dockerandaction\.metals\.reports\metals-full\2026-09-11\r_empty-definition_15-53-47-259.md")
2026.09.11 15:53:46 INFO  no build target found for C:\Users\user\Downloads\dockerandaction\dockerandaction\src\test\java\com\container\dockerandaction\ApiControllerTest.java. Using fallback presentation compiler.
2026.09.11 15:53:47 INFO  empty definition using pc, found symbol in pc: org/springframework/boot/test/context/SpringBootTest# (full report at: "C:\Users\user\Downloads\dockerandaction\.metals\.reports\metals-full\2026-09-11\r_empty-definition_15-53-47-259.md")
2026.09.11 15:53:47 INFO  empty definition using pc, found symbol in pc: org/springframework/boot/test/context/SpringBootTest# (full report at: "C:\Users\user\Downloads\dockerandaction\.metals\.reports\metals-full\2026-09-11\r_empty-definition_15-53-47-259.md")
2026.09.11 15:53:47 INFO  Created report: Optional[file:///C:/Users/user/Downloads/dockerandaction/dockerandaction/src/test/java/com/container/dockerandaction/ApiControllerTest.java]
2026.09.11 15:53:47 INFO  empty definition using pc, found symbol in pc: org/springframework/boot/webmvc/test/autoconfigure/AutoConfigureMockMvc# (full report at: "C:\Users\user\Downloads\dockerandaction\.metals\.reports\metals-full\2026-09-11\r_empty-definition_15-53-47-872.md")
2026.09.11 15:53:47 INFO  no build target found for C:\Users\user\Downloads\dockerandaction\dockerandaction\src\test\java\com\container\dockerandaction\ApiControllerTest.java. Using fallback presentation compiler.
2026.09.11 15:53:48 INFO  no build target found for C:\Users\user\Downloads\dockerandaction\dockerandaction\src\test\java\com\container\dockerandaction\ApiControllerTest.java. Using fallback presentation compiler.
2026.09.11 15:53:48 INFO  no build target found for C:\Users\user\Downloads\dockerandaction\dockerandaction\src\test\java\com\container\dockerandaction\ApiControllerTest.java. Using fallback presentation compiler.
2026.09.11 15:53:48 INFO  empty definition using pc, found symbol in pc: org/springframework/boot/webmvc/test/autoconfigure/AutoConfigureMockMvc# (full report at: "C:\Users\user\Downloads\dockerandaction\.metals\.reports\metals-full\2026-09-11\r_empty-definition_15-53-47-872.md")
2026.09.11 15:53:48 INFO  empty definition using pc, found symbol in pc: org/springframework/boot/webmvc/test/autoconfigure/AutoConfigureMockMvc# (full report at: "C:\Users\user\Downloads\dockerandaction\.metals\.reports\metals-full\2026-09-11\r_empty-definition_15-53-47-872.md")
2026.09.11 15:53:48 INFO  Created report: Optional[file:///C:/Users/user/Downloads/dockerandaction/dockerandaction/src/test/java/com/container/dockerandaction/ApiControllerTest.java]
2026.09.11 15:53:48 INFO  empty definition using pc, found symbol in pc: org/springframework/test/web/servlet/MockMvc# (full report at: "C:\Users\user\Downloads\dockerandaction\.metals\.reports\metals-full\2026-09-11\r_empty-definition_15-53-48-502.md")
2026.09.11 15:53:48 INFO  no build target found for C:\Users\user\Downloads\dockerandaction\dockerandaction\src\test\java\com\container\dockerandaction\ApiControllerTest.java. Using fallback presentation compiler.
2026.09.11 15:53:48 INFO  no build target found for C:\Users\user\Downloads\dockerandaction\dockerandaction\src\test\java\com\container\dockerandaction\ApiControllerTest.java. Using fallback presentation compiler.
2026.09.11 15:53:48 INFO  empty definition using pc, found symbol in pc: org/springframework/test/web/servlet/MockMvc# (full report at: "C:\Users\user\Downloads\dockerandaction\.metals\.reports\metals-full\2026-09-11\r_empty-definition_15-53-48-502.md")
2026.09.11 15:53:48 INFO  empty definition using pc, found symbol in pc: org/springframework/test/web/servlet/MockMvc# (full report at: "C:\Users\user\Downloads\dockerandaction\.metals\.reports\metals-full\2026-09-11\r_empty-definition_15-53-48-502.md")
2026.09.11 15:57:47 INFO  no build target found for C:\Users\user\Downloads\dockerandaction\dockerandaction\src\test\java\com\container\dockerandaction\ApiControllerTest.java. Using fallback presentation compiler.
2026.09.11 15:57:47 INFO  no build target found for C:\Users\user\Downloads\dockerandaction\dockerandaction\src\test\java\com\container\dockerandaction\ApiControllerTest.java. Using fallback presentation compiler.
2026.09.11 15:57:48 INFO  no build target found for C:\Users\user\Downloads\dockerandaction\dockerandaction\src\test\java\com\container\dockerandaction\ApiControllerTest.java. Using fallback presentation compiler.
2026.09.11 15:57:48 INFO  no build target found for C:\Users\user\Downloads\dockerandaction\dockerandaction\src\test\java\com\container\dockerandaction\ApiControllerTest.java. Using fallback presentation compiler.
Sept 11, 2026 3:57:49 PM org.eclipse.lsp4j.jsonrpc.RemoteEndpoint handleCancellation
WARNING: Unmatched cancel notification for request id 36
2026.09.11 15:57:48 INFO  no build target found for C:\Users\user\Downloads\dockerandaction\dockerandaction\src\test\java\com\container\dockerandaction\ApiControllerTest.java. Using fallback presentation compiler.
Sept 11, 2026 3:57:49 PM org.eclipse.lsp4j.jsonrpc.RemoteEndpoint handleCancellation
WARNING: Unmatched cancel notification for request id 37
Sept 11, 2026 3:57:49 PM org.eclipse.lsp4j.jsonrpc.RemoteEndpoint handleCancellation
WARNING: Unmatched cancel notification for request id 39
2026.09.11 15:57:49 INFO  no build target found for C:\Users\user\Downloads\dockerandaction\dockerandaction\src\test\java\com\container\dockerandaction\ApiControllerTest.java. Using fallback presentation compiler.
2026.09.11 15:57:49 INFO  no build target found for C:\Users\user\Downloads\dockerandaction\dockerandaction\src\test\java\com\container\dockerandaction\ApiControllerTest.java. Using fallback presentation compiler.
2026.09.11 15:57:49 INFO  no build target found for C:\Users\user\Downloads\dockerandaction\dockerandaction\src\test\java\com\container\dockerandaction\ApiControllerTest.java. Using fallback presentation compiler.
2026.09.11 15:57:49 INFO  no build target found for C:\Users\user\Downloads\dockerandaction\dockerandaction\src\test\java\com\container\dockerandaction\ApiControllerTest.java. Using fallback presentation compiler.
2026.09.11 15:57:49 INFO  no build target found for C:\Users\user\Downloads\dockerandaction\dockerandaction\src\test\java\com\container\dockerandaction\ApiControllerTest.java. Using fallback presentation compiler.
2026.09.11 15:57:51 INFO  no build target found for C:\Users\user\Downloads\dockerandaction\dockerandaction\src\test\java\com\container\dockerandaction\ApiControllerTest.java. Using fallback presentation compiler.
2026.09.11 15:57:51 INFO  no build target found for C:\Users\user\Downloads\dockerandaction\dockerandaction\src\test\java\com\container\dockerandaction\ApiControllerTest.java. Using fallback presentation compiler.
2026.09.11 15:57:52 INFO  no build target found for C:\Users\user\Downloads\dockerandaction\dockerandaction\src\test\java\com\container\dockerandaction\ApiControllerTest.java. Using fallback presentation compiler.
2026.09.11 15:57:52 INFO  no build target found for C:\Users\user\Downloads\dockerandaction\dockerandaction\src\test\java\com\container\dockerandaction\ApiControllerTest.java. Using fallback presentation compiler.
2026.09.11 15:57:53 INFO  no build target found for C:\Users\user\Downloads\dockerandaction\dockerandaction\src\test\java\com\container\dockerandaction\ApiControllerTest.java. Using fallback presentation compiler.
2026.09.11 15:57:54 INFO  no build target found for C:\Users\user\Downloads\dockerandaction\dockerandaction\src\test\java\com\container\dockerandaction\ApiControllerTest.java. Using fallback presentation compiler.
2026.09.11 15:57:54 INFO  no build target found for C:\Users\user\Downloads\dockerandaction\dockerandaction\src\test\java\com\container\dockerandaction\ApiControllerTest.java. Using fallback presentation compiler.
2026.09.11 15:57:56 INFO  no build target found for C:\Users\user\Downloads\dockerandaction\dockerandaction\src\test\java\com\container\dockerandaction\ApiControllerTest.java. Using fallback presentation compiler.
2026.09.11 15:57:57 INFO  no build target found for C:\Users\user\Downloads\dockerandaction\dockerandaction\src\test\java\com\container\dockerandaction\ApiControllerTest.java. Using fallback presentation compiler.
2026.09.11 15:57:57 INFO  no build target found for C:\Users\user\Downloads\dockerandaction\dockerandaction\src\test\java\com\container\dockerandaction\ApiControllerTest.java. Using fallback presentation compiler.
2026.09.11 15:57:59 INFO  no build target found for C:\Users\user\Downloads\dockerandaction\dockerandaction\src\test\java\com\container\dockerandaction\ApiControllerTest.java. Using fallback presentation compiler.
2026.09.11 15:57:59 INFO  no build target found for C:\Users\user\Downloads\dockerandaction\dockerandaction\src\test\java\com\container\dockerandaction\ApiControllerTest.java. Using fallback presentation compiler.
2026.09.11 15:58:00 INFO  no build target found for C:\Users\user\Downloads\dockerandaction\dockerandaction\src\test\java\com\container\dockerandaction\ApiControllerTest.java. Using fallback presentation compiler.
2026.09.11 15:58:00 INFO  no build target found for C:\Users\user\Downloads\dockerandaction\dockerandaction\src\test\java\com\container\dockerandaction\ApiControllerTest.java. Using fallback presentation compiler.
2026.09.11 15:58:00 INFO  no build target found for C:\Users\user\Downloads\dockerandaction\dockerandaction\src\test\java\com\container\dockerandaction\ApiControllerTest.java. Using fallback presentation compiler.
2026.09.11 15:58:01 INFO  no build target found for C:\Users\user\Downloads\dockerandaction\dockerandaction\src\test\java\com\container\dockerandaction\ApiControllerTest.java. Using fallback presentation compiler.
2026.09.11 15:58:02 INFO  no build target found for C:\Users\user\Downloads\dockerandaction\dockerandaction\src\test\java\com\container\dockerandaction\ApiControllerTest.java. Using fallback presentation compiler.
2026.09.11 15:58:03 INFO  no build target found for C:\Users\user\Downloads\dockerandaction\dockerandaction\src\test\java\com\container\dockerandaction\ApiControllerTest.java. Using fallback presentation compiler.
2026.09.11 15:58:03 INFO  no build target found for C:\Users\user\Downloads\dockerandaction\dockerandaction\src\test\java\com\container\dockerandaction\ApiControllerTest.java. Using fallback presentation compiler.
2026.09.11 15:58:03 INFO  no build target found for C:\Users\user\Downloads\dockerandaction\dockerandaction\src\test\java\com\container\dockerandaction\ApiControllerTest.java. Using fallback presentation compiler.
2026.09.11 15:58:05 INFO  no build target found for C:\Users\user\Downloads\dockerandaction\dockerandaction\src\test\java\com\container\dockerandaction\ApiControllerTest.java. Using fallback presentation compiler.
2026.09.11 15:58:05 INFO  no build target found for C:\Users\user\Downloads\dockerandaction\dockerandaction\src\test\java\com\container\dockerandaction\ApiControllerTest.java. Using fallback presentation compiler.
2026.09.11 15:58:05 INFO  no build target found for C:\Users\user\Downloads\dockerandaction\dockerandaction\src\test\java\com\container\dockerandaction\ApiControllerTest.java. Using fallback presentation compiler.
Sept 11, 2026 3:58:05 PM org.eclipse.lsp4j.jsonrpc.RemoteEndpoint handleCancellation
WARNING: Unmatched cancel notification for request id 68
2026.09.11 15:58:05 INFO  no build target found for C:\Users\user\Downloads\dockerandaction\dockerandaction\src\test\java\com\container\dockerandaction\ApiControllerTest.java. Using fallback presentation compiler.
2026.09.11 15:58:05 INFO  no build target found for C:\Users\user\Downloads\dockerandaction\dockerandaction\src\test\java\com\container\dockerandaction\ApiControllerTest.java. Using fallback presentation compiler.
2026.09.11 15:58:05 INFO  no build target found for C:\Users\user\Downloads\dockerandaction\dockerandaction\src\test\java\com\container\dockerandaction\ApiControllerTest.java. Using fallback presentation compiler.
2026.09.11 15:58:06 INFO  no build target found for C:\Users\user\Downloads\dockerandaction\dockerandaction\src\test\java\com\container\dockerandaction\ApiControllerTest.java. Using fallback presentation compiler.
2026.09.11 15:58:06 INFO  no build target found for C:\Users\user\Downloads\dockerandaction\dockerandaction\src\test\java\com\container\dockerandaction\ApiControllerTest.java. Using fallback presentation compiler.
2026.09.11 15:58:07 INFO  no build target found for C:\Users\user\Downloads\dockerandaction\dockerandaction\src\test\java\com\container\dockerandaction\ApiControllerTest.java. Using fallback presentation compiler.
2026.09.11 15:58:07 INFO  no build target found for C:\Users\user\Downloads\dockerandaction\dockerandaction\src\test\java\com\container\dockerandaction\ApiControllerTest.java. Using fallback presentation compiler.
2026.09.11 15:58:10 INFO  no build target found for C:\Users\user\Downloads\dockerandaction\dockerandaction\src\test\java\com\container\dockerandaction\ApiControllerTest.java. Using fallback presentation compiler.
2026.09.11 15:58:10 INFO  no build target found for C:\Users\user\Downloads\dockerandaction\dockerandaction\src\test\java\com\container\dockerandaction\ApiControllerTest.java. Using fallback presentation compiler.
2026.09.11 16:21:12 INFO  no build target found for C:\Users\user\Downloads\dockerandaction\dockerandaction\src\test\java\com\container\dockerandaction\ApiControllerTest.java. Using fallback presentation compiler.
2026.09.11 16:21:12 INFO  no build target found for C:\Users\user\Downloads\dockerandaction\dockerandaction\src\test\java\com\container\dockerandaction\ApiControllerTest.java. Using fallback presentation compiler.
2026.09.11 16:21:12 INFO  no build target found for C:\Users\user\Downloads\dockerandaction\dockerandaction\src\test\java\com\container\dockerandaction\ApiControllerTest.java. Using fallback presentation compiler.
2026.09.11 16:21:12 INFO  no build target found for C:\Users\user\Downloads\dockerandaction\dockerandaction\src\test\java\com\container\dockerandaction\ApiControllerTest.java. Using fallback presentation compiler.
2026.09.11 16:21:13 INFO  no build target found for C:\Users\user\Downloads\dockerandaction\dockerandaction\src\test\java\com\container\dockerandaction\ApiControllerTest.java. Using fallback presentation compiler.
2026.09.11 16:21:13 INFO  no build target found for C:\Users\user\Downloads\dockerandaction\dockerandaction\src\test\java\com\container\dockerandaction\ApiControllerTest.java. Using fallback presentation compiler.
2026.09.11 16:21:13 INFO  no build target found for C:\Users\user\Downloads\dockerandaction\dockerandaction\src\test\java\com\container\dockerandaction\ApiControllerTest.java. Using fallback presentation compiler.
Sept 11, 2026 4:21:14 PM org.eclipse.lsp4j.jsonrpc.RemoteEndpoint handleCancellation
WARNING: Unmatched cancel notification for request id 84
2026.09.11 16:21:13 INFO  no build target found for C:\Users\user\Downloads\dockerandaction\dockerandaction\src\test\java\com\container\dockerandaction\ApiControllerTest.java. Using fallback presentation compiler.
2026.09.11 16:21:13 INFO  no build target found for C:\Users\user\Downloads\dockerandaction\dockerandaction\src\test\java\com\container\dockerandaction\ApiControllerTest.java. Using fallback presentation compiler.
2026.09.11 16:21:14 INFO  no build target found for C:\Users\user\Downloads\dockerandaction\dockerandaction\src\test\java\com\container\dockerandaction\ApiControllerTest.java. Using fallback presentation compiler.
2026.09.11 16:21:14 INFO  no build target found for C:\Users\user\Downloads\dockerandaction\dockerandaction\src\test\java\com\container\dockerandaction\ApiControllerTest.java. Using fallback presentation compiler.
2026.09.11 16:21:16 INFO  no build target found for C:\Users\user\Downloads\dockerandaction\dockerandaction\src\test\java\com\container\dockerandaction\ApiControllerTest.java. Using fallback presentation compiler.
2026.09.11 16:21:23 INFO  no build target found for C:\Users\user\Downloads\dockerandaction\dockerandaction\src\test\java\com\container\dockerandaction\ApiControllerTest.java. Using fallback presentation compiler.
2026.09.11 16:21:23 INFO  no build target found for C:\Users\user\Downloads\dockerandaction\dockerandaction\src\test\java\com\container\dockerandaction\ApiControllerTest.java. Using fallback presentation compiler.
2026.09.11 16:21:25 WARN  no build target for: C:\Users\user\Downloads\dockerandaction\dockerandaction\src\test\java\com\container\dockerandaction\ApiControllerTest.java
2026.09.11 16:21:26 INFO  no build target found for C:\Users\user\Downloads\dockerandaction\dockerandaction\src\test\java\com\container\dockerandaction\ApiControllerTest.java. Using fallback presentation compiler.
Sept 11, 2026 4:21:26 PM org.eclipse.lsp4j.jsonrpc.RemoteEndpoint handleCancellation
WARNING: Unmatched cancel notification for request id 93
2026.09.11 16:21:26 INFO  no build target found for C:\Users\user\Downloads\dockerandaction\dockerandaction\src\test\java\com\container\dockerandaction\ApiControllerTest.java. Using fallback presentation compiler.
2026.09.11 16:21:27 INFO  no build target found for C:\Users\user\Downloads\dockerandaction\dockerandaction\src\test\java\com\container\dockerandaction\ApiControllerTest.java. Using fallback presentation compiler.
2026.09.11 16:21:26 INFO  no build target found for C:\Users\user\Downloads\dockerandaction\dockerandaction\src\test\java\com\container\dockerandaction\ApiControllerTest.java. Using fallback presentation compiler.
2026.09.11 16:21:27 INFO  no build target found for C:\Users\user\Downloads\dockerandaction\dockerandaction\src\test\java\com\container\dockerandaction\ApiControllerTest.java. Using fallback presentation compiler.
2026.09.11 16:21:30 INFO  no build target found for C:\Users\user\Downloads\dockerandaction\dockerandaction\src\test\java\com\container\dockerandaction\ApiControllerTest.java. Using fallback presentation compiler.
2026.09.11 16:21:30 INFO  no build target found for C:\Users\user\Downloads\dockerandaction\dockerandaction\src\test\java\com\container\dockerandaction\ApiControllerTest.java. Using fallback presentation compiler.
2026.09.11 16:21:30 INFO  no build target found for C:\Users\user\Downloads\dockerandaction\dockerandaction\src\test\java\com\container\dockerandaction\ApiControllerTest.java. Using fallback presentation compiler.
2026.09.11 16:21:30 INFO  no build target found for C:\Users\user\Downloads\dockerandaction\dockerandaction\src\test\java\com\container\dockerandaction\ApiControllerTest.java. Using fallback presentation compiler.
2026.09.11 16:21:30 INFO  no build target found for C:\Users\user\Downloads\dockerandaction\dockerandaction\src\test\java\com\container\dockerandaction\ApiControllerTest.java. Using fallback presentation compiler.
2026.09.11 16:21:37 INFO  no build target found for C:\Users\user\Downloads\dockerandaction\dockerandaction\src\test\java\com\container\dockerandaction\ApiControllerTest.java. Using fallback presentation compiler.
2026.09.11 16:21:37 INFO  no build target found for C:\Users\user\Downloads\dockerandaction\dockerandaction\src\test\java\com\container\dockerandaction\ApiControllerTest.java. Using fallback presentation compiler.
2026.09.11 16:21:37 INFO  no build target found for C:\Users\user\Downloads\dockerandaction\dockerandaction\src\test\java\com\container\dockerandaction\ApiControllerTest.java. Using fallback presentation compiler.
2026.09.11 16:21:37 INFO  no build target found for C:\Users\user\Downloads\dockerandaction\dockerandaction\src\test\java\com\container\dockerandaction\ApiControllerTest.java. Using fallback presentation compiler.
2026.09.11 16:21:39 WARN  no build target for: C:\Users\user\Downloads\dockerandaction\dockerandaction\src\test\java\com\container\dockerandaction\ApiControllerTest.java
2026.09.11 16:21:39 INFO  no build target found for C:\Users\user\Downloads\dockerandaction\dockerandaction\src\test\java\com\container\dockerandaction\ApiControllerTest.java. Using fallback presentation compiler.
2026.09.11 16:21:39 INFO  no build target found for C:\Users\user\Downloads\dockerandaction\dockerandaction\src\test\java\com\container\dockerandaction\ApiControllerTest.java. Using fallback presentation compiler.
2026.09.11 16:21:39 INFO  no build target found for C:\Users\user\Downloads\dockerandaction\dockerandaction\src\test\java\com\container\dockerandaction\ApiControllerTest.java. Using fallback presentation compiler.
2026.09.11 16:21:39 INFO  no build target found for C:\Users\user\Downloads\dockerandaction\dockerandaction\src\test\java\com\container\dockerandaction\ApiControllerTest.java. Using fallback presentation compiler.
2026.09.11 16:21:41 INFO  no build target found for C:\Users\user\Downloads\dockerandaction\dockerandaction\src\test\java\com\container\dockerandaction\ApiControllerTest.java. Using fallback presentation compiler.
2026.09.11 16:21:41 INFO  no build target found for C:\Users\user\Downloads\dockerandaction\dockerandaction\src\test\java\com\container\dockerandaction\ApiControllerTest.java. Using fallback presentation compiler.
Sept 11, 2026 4:21:41 PM org.eclipse.lsp4j.jsonrpc.RemoteEndpoint handleCancellation
WARNING: Unmatched cancel notification for request id 117
2026.09.11 16:21:41 INFO  no build target found for C:\Users\user\Downloads\dockerandaction\dockerandaction\src\test\java\com\container\dockerandaction\ApiControllerTest.java. Using fallback presentation compiler.
2026.09.11 16:21:41 INFO  no build target found for C:\Users\user\Downloads\dockerandaction\dockerandaction\src\test\java\com\container\dockerandaction\ApiControllerTest.java. Using fallback presentation compiler.
2026.09.11 16:21:42 INFO  no build target found for C:\Users\user\Downloads\dockerandaction\dockerandaction\src\test\java\com\container\dockerandaction\ApiControllerTest.java. Using fallback presentation compiler.
Sept 11, 2026 4:21:42 PM org.eclipse.lsp4j.jsonrpc.RemoteEndpoint handleCancellation
WARNING: Unmatched cancel notification for request id 120
2026.09.11 16:21:42 INFO  no build target found for C:\Users\user\Downloads\dockerandaction\dockerandaction\src\test\java\com\container\dockerandaction\ApiControllerTest.java. Using fallback presentation compiler.
2026.09.11 16:21:42 INFO  no build target found for C:\Users\user\Downloads\dockerandaction\dockerandaction\src\test\java\com\container\dockerandaction\ApiControllerTest.java. Using fallback presentation compiler.
Sept 11, 2026 4:21:43 PM org.eclipse.lsp4j.jsonrpc.RemoteEndpoint handleCancellation
WARNING: Unmatched cancel notification for request id 122
2026.09.11 16:21:42 INFO  no build target found for C:\Users\user\Downloads\dockerandaction\dockerandaction\src\test\java\com\container\dockerandaction\ApiControllerTest.java. Using fallback presentation compiler.
2026.09.11 16:21:42 INFO  no build target found for C:\Users\user\Downloads\dockerandaction\dockerandaction\src\test\java\com\container\dockerandaction\ApiControllerTest.java. Using fallback presentation compiler.
Sept 11, 2026 4:21:43 PM org.eclipse.lsp4j.jsonrpc.RemoteEndpoint handleCancellation
WARNING: Unmatched cancel notification for request id 124
2026.09.11 16:21:43 INFO  no build target found for C:\Users\user\Downloads\dockerandaction\dockerandaction\src\test\java\com\container\dockerandaction\ApiControllerTest.java. Using fallback presentation compiler.
2026.09.11 16:21:43 INFO  no build target found for C:\Users\user\Downloads\dockerandaction\dockerandaction\src\test\java\com\container\dockerandaction\ApiControllerTest.java. Using fallback presentation compiler.
2026.09.11 16:21:43 INFO  no build target found for C:\Users\user\Downloads\dockerandaction\dockerandaction\src\test\java\com\container\dockerandaction\ApiControllerTest.java. Using fallback presentation compiler.
2026.09.11 16:21:43 INFO  no build target found for C:\Users\user\Downloads\dockerandaction\dockerandaction\src\test\java\com\container\dockerandaction\ApiControllerTest.java. Using fallback presentation compiler.
Sept 11, 2026 4:21:44 PM org.eclipse.lsp4j.jsonrpc.RemoteEndpoint handleCancellation
WARNING: Unmatched cancel notification for request id 127
2026.09.11 16:21:43 INFO  no build target found for C:\Users\user\Downloads\dockerandaction\dockerandaction\src\test\java\com\container\dockerandaction\ApiControllerTest.java. Using fallback presentation compiler.
2026.09.11 16:21:44 INFO  no build target found for C:\Users\user\Downloads\dockerandaction\dockerandaction\src\test\java\com\container\dockerandaction\ApiControllerTest.java. Using fallback presentation compiler.
2026.09.11 16:21:43 INFO  no build target found for C:\Users\user\Downloads\dockerandaction\dockerandaction\src\test\java\com\container\dockerandaction\ApiControllerTest.java. Using fallback presentation compiler.
Sept 11, 2026 4:21:44 PM org.eclipse.lsp4j.jsonrpc.RemoteEndpoint handleCancellation
WARNING: Unmatched cancel notification for request id 131
Sept 11, 2026 4:21:44 PM org.eclipse.lsp4j.jsonrpc.RemoteEndpoint handleCancellation
WARNING: Unmatched cancel notification for request id 128
Sept 11, 2026 4:21:44 PM org.eclipse.lsp4j.jsonrpc.RemoteEndpoint handleCancellation
WARNING: Unmatched cancel notification for request id 129
2026.09.11 16:21:43 INFO  no build target found for C:\Users\user\Downloads\dockerandaction\dockerandaction\src\test\java\com\container\dockerandaction\ApiControllerTest.java. Using fallback presentation compiler.
Sept 11, 2026 4:21:44 PM org.eclipse.lsp4j.jsonrpc.RemoteEndpoint handleCancellation
WARNING: Unmatched cancel notification for request id 132
2026.09.11 16:21:43 INFO  no build target found for C:\Users\user\Downloads\dockerandaction\dockerandaction\src\test\java\com\container\dockerandaction\ApiControllerTest.java. Using fallback presentation compiler.
2026.09.11 16:21:44 INFO  no build target found for C:\Users\user\Downloads\dockerandaction\dockerandaction\src\test\java\com\container\dockerandaction\ApiControllerTest.java. Using fallback presentation compiler.
2026.09.11 16:21:44 INFO  no build target found for C:\Users\user\Downloads\dockerandaction\dockerandaction\src\test\java\com\container\dockerandaction\ApiControllerTest.java. Using fallback presentation compiler.
2026.09.11 16:21:44 INFO  no build target found for C:\Users\user\Downloads\dockerandaction\dockerandaction\src\test\java\com\container\dockerandaction\ApiControllerTest.java. Using fallback presentation compiler.
Sept 11, 2026 4:21:45 PM org.eclipse.lsp4j.jsonrpc.RemoteEndpoint handleCancellation
WARNING: Unmatched cancel notification for request id 136
2026.09.11 16:21:44 INFO  no build target found for C:\Users\user\Downloads\dockerandaction\dockerandaction\src\test\java\com\container\dockerandaction\ApiControllerTest.java. Using fallback presentation compiler.
Sept 11, 2026 4:21:45 PM org.eclipse.lsp4j.jsonrpc.RemoteEndpoint handleCancellation
WARNING: Unmatched cancel notification for request id 137
2026.09.11 16:21:44 INFO  no build target found for C:\Users\user\Downloads\dockerandaction\dockerandaction\src\test\java\com\container\dockerandaction\ApiControllerTest.java. Using fallback presentation compiler.
2026.09.11 16:21:49 INFO  no build target found for C:\Users\user\Downloads\dockerandaction\dockerandaction\src\test\java\com\container\dockerandaction\ApiControllerTest.java. Using fallback presentation compiler.
2026.09.11 16:21:49 INFO  no build target found for C:\Users\user\Downloads\dockerandaction\dockerandaction\src\test\java\com\container\dockerandaction\ApiControllerTest.java. Using fallback presentation compiler.
2026.09.11 16:21:49 INFO  no build target found for C:\Users\user\Downloads\dockerandaction\dockerandaction\src\test\java\com\container\dockerandaction\ApiControllerTest.java. Using fallback presentation compiler.
2026.09.11 16:21:49 INFO  no build target found for C:\Users\user\Downloads\dockerandaction\dockerandaction\src\test\java\com\container\dockerandaction\ApiControllerTest.java. Using fallback presentation compiler.
Sept 11, 2026 4:21:50 PM org.eclipse.lsp4j.jsonrpc.RemoteEndpoint handleCancellation
WARNING: Unmatched cancel notification for request id 142
2026.09.11 16:21:49 INFO  no build target found for C:\Users\user\Downloads\dockerandaction\dockerandaction\src\test\java\com\container\dockerandaction\ApiControllerTest.java. Using fallback presentation compiler.
2026.09.11 16:21:49 INFO  no build target found for C:\Users\user\Downloads\dockerandaction\dockerandaction\src\test\java\com\container\dockerandaction\ApiControllerTest.java. Using fallback presentation compiler.
2026.09.11 16:21:53 INFO  no build target found for C:\Users\user\Downloads\dockerandaction\dockerandaction\src\test\java\com\container\dockerandaction\ApiControllerTest.java. Using fallback presentation compiler.
2026.09.11 16:21:53 INFO  no build target found for C:\Users\user\Downloads\dockerandaction\dockerandaction\src\test\java\com\container\dockerandaction\ApiControllerTest.java. Using fallback presentation compiler.
2026.09.11 16:21:53 INFO  no build target found for C:\Users\user\Downloads\dockerandaction\dockerandaction\src\test\java\com\container\dockerandaction\ApiControllerTest.java. Using fallback presentation compiler.
2026.09.11 16:21:55 INFO  no build target found for C:\Users\user\Downloads\dockerandaction\dockerandaction\src\test\java\com\container\dockerandaction\ApiControllerTest.java. Using fallback presentation compiler.
2026.09.11 16:21:55 INFO  no build target found for C:\Users\user\Downloads\dockerandaction\dockerandaction\src\test\java\com\container\dockerandaction\ApiControllerTest.java. Using fallback presentation compiler.
2026.09.11 16:21:55 INFO  no build target found for C:\Users\user\Downloads\dockerandaction\dockerandaction\src\test\java\com\container\dockerandaction\ApiControllerTest.java. Using fallback presentation compiler.
Sept 11, 2026 4:21:55 PM org.eclipse.lsp4j.jsonrpc.RemoteEndpoint handleCancellation
WARNING: Unmatched cancel notification for request id 152
Sept 11, 2026 4:21:55 PM org.eclipse.lsp4j.jsonrpc.RemoteEndpoint handleCancellation
WARNING: Unmatched cancel notification for request id 151
2026.09.11 16:21:55 INFO  no build target found for C:\Users\user\Downloads\dockerandaction\dockerandaction\src\test\java\com\container\dockerandaction\ApiControllerTest.java. Using fallback presentation compiler.
2026.09.11 16:21:56 WARN  no build target for: C:\Users\user\Downloads\dockerandaction\dockerandaction\src\test\java\com\container\dockerandaction\ApiControllerTest.java
Sept 11, 2026 4:21:56 PM org.eclipse.lsp4j.jsonrpc.RemoteEndpoint handleCancellation
WARNING: Unmatched cancel notification for request id 154
2026.09.11 16:21:55 INFO  no build target found for C:\Users\user\Downloads\dockerandaction\dockerandaction\src\test\java\com\container\dockerandaction\ApiControllerTest.java. Using fallback presentation compiler.
2026.09.11 16:21:56 INFO  no build target found for C:\Users\user\Downloads\dockerandaction\dockerandaction\src\test\java\com\container\dockerandaction\ApiControllerTest.java. Using fallback presentation compiler.
2026.09.11 16:21:56 INFO  no build target found for C:\Users\user\Downloads\dockerandaction\dockerandaction\src\test\java\com\container\dockerandaction\ApiControllerTest.java. Using fallback presentation compiler.
Sept 11, 2026 4:21:56 PM org.eclipse.lsp4j.jsonrpc.RemoteEndpoint handleCancellation
WARNING: Unmatched cancel notification for request id 158
2026.09.11 16:21:56 INFO  no build target found for C:\Users\user\Downloads\dockerandaction\dockerandaction\src\test\java\com\container\dockerandaction\ApiControllerTest.java. Using fallback presentation compiler.
2026.09.11 16:21:57 INFO  no build target found for C:\Users\user\Downloads\dockerandaction\dockerandaction\src\test\java\com\container\dockerandaction\ApiControllerTest.java. Using fallback presentation compiler.
2026.09.11 16:21:57 INFO  no build target found for C:\Users\user\Downloads\dockerandaction\dockerandaction\src\test\java\com\container\dockerandaction\ApiControllerTest.java. Using fallback presentation compiler.
2026.09.11 16:21:59 INFO  no build target found for C:\Users\user\Downloads\dockerandaction\dockerandaction\src\test\java\com\container\dockerandaction\ApiControllerTest.java. Using fallback presentation compiler.
2026.09.11 16:22:00 INFO  no build target found for C:\Users\user\Downloads\dockerandaction\dockerandaction\src\test\java\com\container\dockerandaction\ApiControllerTest.java. Using fallback presentation compiler.
2026.09.11 16:22:02 INFO  no build target found for C:\Users\user\Downloads\dockerandaction\dockerandaction\src\test\java\com\container\dockerandaction\ApiControllerTest.java. Using fallback presentation compiler.
2026.09.11 16:22:04 INFO  no build target found for C:\Users\user\Downloads\dockerandaction\dockerandaction\src\test\java\com\container\dockerandaction\ApiControllerTest.java. Using fallback presentation compiler.
2026.09.11 16:22:05 INFO  no build target found for C:\Users\user\Downloads\dockerandaction\dockerandaction\src\test\java\com\container\dockerandaction\ApiControllerTest.java. Using fallback presentation compiler.
2026.09.11 16:22:05 INFO  no build target found for C:\Users\user\Downloads\dockerandaction\dockerandaction\src\test\java\com\container\dockerandaction\ApiControllerTest.java. Using fallback presentation compiler.
2026.09.11 16:22:05 INFO  no build target found for C:\Users\user\Downloads\dockerandaction\dockerandaction\src\test\java\com\container\dockerandaction\ApiControllerTest.java. Using fallback presentation compiler.
2026.09.11 16:22:05 INFO  no build target found for C:\Users\user\Downloads\dockerandaction\dockerandaction\src\test\java\com\container\dockerandaction\ApiControllerTest.java. Using fallback presentation compiler.
2026.09.11 16:22:05 INFO  no build target found for C:\Users\user\Downloads\dockerandaction\dockerandaction\src\test\java\com\container\dockerandaction\ApiControllerTest.java. Using fallback presentation compiler.
2026.09.11 16:22:05 INFO  no build target found for C:\Users\user\Downloads\dockerandaction\dockerandaction\src\test\java\com\container\dockerandaction\ApiControllerTest.java. Using fallback presentation compiler.
2026.09.11 16:22:07 INFO  no build target found for C:\Users\user\Downloads\dockerandaction\dockerandaction\src\test\java\com\container\dockerandaction\ApiControllerTest.java. Using fallback presentation compiler.
2026.09.11 16:22:07 WARN  no build target for: C:\Users\user\Downloads\dockerandaction\dockerandaction\src\test\java\com\container\dockerandaction\ApiControllerTest.java
2026.09.11 16:22:07 INFO  no build target found for C:\Users\user\Downloads\dockerandaction\dockerandaction\src\test\java\com\container\dockerandaction\ApiControllerTest.java. Using fallback presentation compiler.
2026.09.11 16:22:08 INFO  no build target found for C:\Users\user\Downloads\dockerandaction\dockerandaction\src\test\java\com\container\dockerandaction\ApiControllerTest.java. Using fallback presentation compiler.
Sept 11, 2026 4:22:08 PM org.eclipse.lsp4j.jsonrpc.RemoteEndpoint handleCancellation
WARNING: Unmatched cancel notification for request id 176
2026.09.11 16:22:08 INFO  no build target found for C:\Users\user\Downloads\dockerandaction\dockerandaction\src\test\java\com\container\dockerandaction\ApiControllerTest.java. Using fallback presentation compiler.
2026.09.11 16:22:08 INFO  no build target found for C:\Users\user\Downloads\dockerandaction\dockerandaction\src\test\java\com\container\dockerandaction\ApiControllerTest.java. Using fallback presentation compiler.
2026.09.11 16:22:08 INFO  no build target found for C:\Users\user\Downloads\dockerandaction\dockerandaction\src\test\java\com\container\dockerandaction\ApiControllerTest.java. Using fallback presentation compiler.
2026.09.11 16:22:08 INFO  no build target found for C:\Users\user\Downloads\dockerandaction\dockerandaction\src\test\java\com\container\dockerandaction\ApiControllerTest.java. Using fallback presentation compiler.
2026.09.11 16:22:09 INFO  no build target found for C:\Users\user\Downloads\dockerandaction\dockerandaction\src\test\java\com\container\dockerandaction\ApiControllerTest.java. Using fallback presentation compiler.
2026.09.11 16:22:09 INFO  no build target found for C:\Users\user\Downloads\dockerandaction\dockerandaction\src\test\java\com\container\dockerandaction\ApiControllerTest.java. Using fallback presentation compiler.
2026.09.11 16:22:09 INFO  no build target found for C:\Users\user\Downloads\dockerandaction\dockerandaction\src\test\java\com\container\dockerandaction\ApiControllerTest.java. Using fallback presentation compiler.
2026.09.11 16:22:11 INFO  no build target found for C:\Users\user\Downloads\dockerandaction\dockerandaction\src\test\java\com\container\dockerandaction\ApiControllerTest.java. Using fallback presentation compiler.
2026.09.11 16:22:12 INFO  no build target found for C:\Users\user\Downloads\dockerandaction\dockerandaction\src\test\java\com\container\dockerandaction\ApiControllerTest.java. Using fallback presentation compiler.
2026.09.11 16:22:13 INFO  no build target found for C:\Users\user\Downloads\dockerandaction\dockerandaction\src\test\java\com\container\dockerandaction\ApiControllerTest.java. Using fallback presentation compiler.
2026.09.11 16:22:19 INFO  no build target found for C:\Users\user\Downloads\dockerandaction\dockerandaction\src\test\java\com\container\dockerandaction\ApiControllerTest.java. Using fallback presentation compiler.
2026.09.11 16:22:21 INFO  no build target found for C:\Users\user\Downloads\dockerandaction\dockerandaction\src\test\java\com\container\dockerandaction\ApiControllerTest.java. Using fallback presentation compiler.
2026.09.11 16:22:21 INFO  no build target found for C:\Users\user\Downloads\dockerandaction\dockerandaction\src\test\java\com\container\dockerandaction\ApiControllerTest.java. Using fallback presentation compiler.
2026.09.11 16:22:21 INFO  no build target found for C:\Users\user\Downloads\dockerandaction\dockerandaction\src\test\java\com\container\dockerandaction\ApiControllerTest.java. Using fallback presentation compiler.
2026.09.11 16:22:22 WARN  no build target for: C:\Users\user\Downloads\dockerandaction\dockerandaction\src\test\java\com\container\dockerandaction\ApiControllerTest.java
2026.09.11 16:22:22 INFO  no build target found for C:\Users\user\Downloads\dockerandaction\dockerandaction\src\test\java\com\container\dockerandaction\ApiControllerTest.java. Using fallback presentation compiler.
2026.09.11 16:22:22 INFO  no build target found for C:\Users\user\Downloads\dockerandaction\dockerandaction\src\test\java\com\container\dockerandaction\ApiControllerTest.java. Using fallback presentation compiler.
2026.09.11 16:22:22 INFO  no build target found for C:\Users\user\Downloads\dockerandaction\dockerandaction\src\test\java\com\container\dockerandaction\ApiControllerTest.java. Using fallback presentation compiler.
2026.09.11 16:22:22 INFO  no build target found for C:\Users\user\Downloads\dockerandaction\dockerandaction\src\test\java\com\container\dockerandaction\ApiControllerTest.java. Using fallback presentation compiler.
2026.09.11 16:22:23 INFO  no build target found for C:\Users\user\Downloads\dockerandaction\dockerandaction\src\test\java\com\container\dockerandaction\ApiControllerTest.java. Using fallback presentation compiler.
2026.09.11 16:22:23 INFO  no build target found for C:\Users\user\Downloads\dockerandaction\dockerandaction\src\test\java\com\container\dockerandaction\ApiControllerTest.java. Using fallback presentation compiler.
2026.09.11 16:22:25 INFO  no build target found for C:\Users\user\Downloads\dockerandaction\dockerandaction\src\test\java\com\container\dockerandaction\ApiControllerTest.java. Using fallback presentation compiler.
2026.09.11 16:22:25 WARN  no build target for: C:\Users\user\Downloads\dockerandaction\dockerandaction\src\test\java\com\container\dockerandaction\ApiControllerTest.java
2026.09.11 16:22:25 INFO  no build target found for C:\Users\user\Downloads\dockerandaction\dockerandaction\src\test\java\com\container\dockerandaction\ApiControllerTest.java. Using fallback presentation compiler.
2026.09.11 16:22:25 INFO  no build target found for C:\Users\user\Downloads\dockerandaction\dockerandaction\src\test\java\com\container\dockerandaction\ApiControllerTest.java. Using fallback presentation compiler.
2026.09.11 16:22:26 INFO  no build target found for C:\Users\user\Downloads\dockerandaction\dockerandaction\src\test\java\com\container\dockerandaction\ApiControllerTest.java. Using fallback presentation compiler.
2026.09.11 16:22:26 INFO  no build target found for C:\Users\user\Downloads\dockerandaction\dockerandaction\src\test\java\com\container\dockerandaction\ApiControllerTest.java. Using fallback presentation compiler.
2026.09.11 16:22:28 INFO  no build target found for C:\Users\user\Downloads\dockerandaction\dockerandaction\src\test\java\com\container\dockerandaction\ApiControllerTest.java. Using fallback presentation compiler.
2026.09.11 16:22:28 INFO  no build target found for C:\Users\user\Downloads\dockerandaction\dockerandaction\src\test\java\com\container\dockerandaction\ApiControllerTest.java. Using fallback presentation compiler.
2026.09.11 16:22:28 INFO  no build target found for C:\Users\user\Downloads\dockerandaction\dockerandaction\src\test\java\com\container\dockerandaction\ApiControllerTest.java. Using fallback presentation compiler.
2026.09.11 16:22:28 WARN  no build target for: C:\Users\user\Downloads\dockerandaction\dockerandaction\src\test\java\com\container\dockerandaction\ApiControllerTest.java
2026.09.11 16:22:28 INFO  no build target found for C:\Users\user\Downloads\dockerandaction\dockerandaction\src\test\java\com\container\dockerandaction\ApiControllerTest.java. Using fallback presentation compiler.
2026.09.11 16:22:28 INFO  no build target found for C:\Users\user\Downloads\dockerandaction\dockerandaction\src\test\java\com\container\dockerandaction\ApiControllerTest.java. Using fallback presentation compiler.
2026.09.11 16:22:29 INFO  no build target found for C:\Users\user\Downloads\dockerandaction\dockerandaction\src\test\java\com\container\dockerandaction\ApiControllerTest.java. Using fallback presentation compiler.
2026.09.11 16:22:29 INFO  no build target found for C:\Users\user\Downloads\dockerandaction\dockerandaction\src\test\java\com\container\dockerandaction\ApiControllerTest.java. Using fallback presentation compiler.
2026.09.11 16:22:31 INFO  no build target found for C:\Users\user\Downloads\dockerandaction\dockerandaction\src\test\java\com\container\dockerandaction\ApiControllerTest.java. Using fallback presentation compiler.
2026.09.11 16:22:32 WARN  no build target for: C:\Users\user\Downloads\dockerandaction\dockerandaction\src\test\java\com\container\dockerandaction\ApiControllerTest.java
2026.09.11 16:22:32 INFO  no build target found for C:\Users\user\Downloads\dockerandaction\dockerandaction\src\test\java\com\container\dockerandaction\ApiControllerTest.java. Using fallback presentation compiler.
2026.09.11 16:22:31 INFO  no build target found for C:\Users\user\Downloads\dockerandaction\dockerandaction\src\test\java\com\container\dockerandaction\ApiControllerTest.java. Using fallback presentation compiler.
2026.09.11 16:22:32 INFO  no build target found for C:\Users\user\Downloads\dockerandaction\dockerandaction\src\test\java\com\container\dockerandaction\ApiControllerTest.java. Using fallback presentation compiler.
2026.09.11 16:22:34 INFO  no build target found for C:\Users\user\Downloads\dockerandaction\dockerandaction\src\test\java\com\container\dockerandaction\ApiControllerTest.java. Using fallback presentation compiler.
2026.09.11 16:22:35 INFO  no build target found for C:\Users\user\Downloads\dockerandaction\dockerandaction\src\test\java\com\container\dockerandaction\ApiControllerTest.java. Using fallback presentation compiler.
2026.09.11 16:22:38 INFO  no build target found for C:\Users\user\Downloads\dockerandaction\dockerandaction\src\test\java\com\container\dockerandaction\ApiControllerTest.java. Using fallback presentation compiler.
2026.09.11 16:22:38 INFO  no build target found for C:\Users\user\Downloads\dockerandaction\dockerandaction\src\test\java\com\container\dockerandaction\ApiControllerTest.java. Using fallback presentation compiler.
Sept 11, 2026 4:22:38 PM org.eclipse.lsp4j.jsonrpc.RemoteEndpoint handleCancellation
WARNING: Unmatched cancel notification for request id 231
2026.09.11 16:22:38 INFO  no build target found for C:\Users\user\Downloads\dockerandaction\dockerandaction\src\test\java\com\container\dockerandaction\ApiControllerTest.java. Using fallback presentation compiler.
Sept 11, 2026 4:22:38 PM org.eclipse.lsp4j.jsonrpc.RemoteEndpoint handleCancellation
WARNING: Unmatched cancel notification for request id 232
2026.09.11 16:22:38 INFO  no build target found for C:\Users\user\Downloads\dockerandaction\dockerandaction\src\test\java\com\container\dockerandaction\ApiControllerTest.java. Using fallback presentation compiler.
2026.09.11 16:22:38 INFO  no build target found for C:\Users\user\Downloads\dockerandaction\dockerandaction\src\test\java\com\container\dockerandaction\ApiControllerTest.java. Using fallback presentation compiler.
2026.09.11 16:22:39 INFO  no build target found for C:\Users\user\Downloads\dockerandaction\dockerandaction\src\test\java\com\container\dockerandaction\ApiControllerTest.java. Using fallback presentation compiler.
2026.09.11 16:22:39 INFO  no build target found for C:\Users\user\Downloads\dockerandaction\dockerandaction\src\test\java\com\container\dockerandaction\ApiControllerTest.java. Using fallback presentation compiler.
2026.09.11 16:22:40 INFO  no build target found for C:\Users\user\Downloads\dockerandaction\dockerandaction\src\test\java\com\container\dockerandaction\ApiControllerTest.java. Using fallback presentation compiler.
Sept 11, 2026 4:22:40 PM org.eclipse.lsp4j.jsonrpc.RemoteEndpoint handleCancellation
WARNING: Unmatched cancel notification for request id 235
2026.09.11 16:22:39 INFO  no build target found for C:\Users\user\Downloads\dockerandaction\dockerandaction\src\test\java\com\container\dockerandaction\ApiControllerTest.java. Using fallback presentation compiler.
Sept 11, 2026 4:22:41 PM org.eclipse.lsp4j.jsonrpc.RemoteEndpoint handleCancellation
WARNING: Unmatched cancel notification for request id 240
Sept 11, 2026 4:22:41 PM org.eclipse.lsp4j.jsonrpc.RemoteEndpoint handleCancellation
WARNING: Unmatched cancel notification for request id 236
2026.09.11 16:22:41 INFO  no build target found for C:\Users\user\Downloads\dockerandaction\dockerandaction\src\test\java\com\container\dockerandaction\ApiControllerTest.java. Using fallback presentation compiler.
Sept 11, 2026 4:22:41 PM org.eclipse.lsp4j.jsonrpc.RemoteEndpoint handleCancellation
WARNING: Unmatched cancel notification for request id 239
2026.09.11 16:22:41 WARN  no build target for: C:\Users\user\Downloads\dockerandaction\dockerandaction\src\test\java\com\container\dockerandaction\ApiControllerTest.java
2026.09.11 16:22:41 INFO  no build target found for C:\Users\user\Downloads\dockerandaction\dockerandaction\src\test\java\com\container\dockerandaction\ApiControllerTest.java. Using fallback presentation compiler.
2026.09.11 16:22:41 INFO  no build target found for C:\Users\user\Downloads\dockerandaction\dockerandaction\src\test\java\com\container\dockerandaction\ApiControllerTest.java. Using fallback presentation compiler.
2026.09.11 16:22:41 WARN  no build target for: C:\Users\user\Downloads\dockerandaction\dockerandaction\src\test\java\com\container\dockerandaction\ApiControllerTest.java
2026.09.11 16:22:41 INFO  no build target found for C:\Users\user\Downloads\dockerandaction\dockerandaction\src\test\java\com\container\dockerandaction\ApiControllerTest.java. Using fallback presentation compiler.
2026.09.11 16:22:41 INFO  no build target found for C:\Users\user\Downloads\dockerandaction\dockerandaction\src\test\java\com\container\dockerandaction\ApiControllerTest.java. Using fallback presentation compiler.
2026.09.11 16:22:42 INFO  no build target found for C:\Users\user\Downloads\dockerandaction\dockerandaction\src\test\java\com\container\dockerandaction\ApiControllerTest.java. Using fallback presentation compiler.
2026.09.11 16:22:42 INFO  no build target found for C:\Users\user\Downloads\dockerandaction\dockerandaction\src\test\java\com\container\dockerandaction\ApiControllerTest.java. Using fallback presentation compiler.
2026.09.11 16:22:43 INFO  no build target found for C:\Users\user\Downloads\dockerandaction\dockerandaction\src\test\java\com\container\dockerandaction\ApiControllerTest.java. Using fallback presentation compiler.
2026.09.11 16:22:43 WARN  no build target for: C:\Users\user\Downloads\dockerandaction\dockerandaction\src\test\java\com\container\dockerandaction\ApiControllerTest.java
2026.09.11 16:22:43 INFO  no build target found for C:\Users\user\Downloads\dockerandaction\dockerandaction\src\test\java\com\container\dockerandaction\ApiControllerTest.java. Using fallback presentation compiler.
2026.09.11 16:22:43 INFO  no build target found for C:\Users\user\Downloads\dockerandaction\dockerandaction\src\test\java\com\container\dockerandaction\ApiControllerTest.java. Using fallback presentation compiler.
2026.09.11 16:22:43 INFO  no build target found for C:\Users\user\Downloads\dockerandaction\dockerandaction\src\test\java\com\container\dockerandaction\ApiControllerTest.java. Using fallback presentation compiler.
Sept 11, 2026 4:22:44 PM org.eclipse.lsp4j.jsonrpc.RemoteEndpoint handleCancellation
WARNING: Unmatched cancel notification for request id 258
2026.09.11 16:22:44 INFO  no build target found for C:\Users\user\Downloads\dockerandaction\dockerandaction\src\test\java\com\container\dockerandaction\ApiControllerTest.java. Using fallback presentation compiler.
2026.09.11 16:22:45 INFO  no build target found for C:\Users\user\Downloads\dockerandaction\dockerandaction\src\test\java\com\container\dockerandaction\ApiControllerTest.java. Using fallback presentation compiler.
2026.09.11 16:22:44 INFO  no build target found for C:\Users\user\Downloads\dockerandaction\dockerandaction\src\test\java\com\container\dockerandaction\ApiControllerTest.java. Using fallback presentation compiler.
Sept 11, 2026 4:22:45 PM org.eclipse.lsp4j.jsonrpc.RemoteEndpoint handleCancellation
WARNING: Unmatched cancel notification for request id 261
Sept 11, 2026 4:22:45 PM org.eclipse.lsp4j.jsonrpc.RemoteEndpoint handleCancellation
WARNING: Unmatched cancel notification for request id 262
2026.09.11 16:22:44 INFO  no build target found for C:\Users\user\Downloads\dockerandaction\dockerandaction\src\test\java\com\container\dockerandaction\ApiControllerTest.java. Using fallback presentation compiler.
2026.09.11 16:22:44 INFO  no build target found for C:\Users\user\Downloads\dockerandaction\dockerandaction\src\test\java\com\container\dockerandaction\ApiControllerTest.java. Using fallback presentation compiler.
2026.09.11 16:22:46 INFO  no build target found for C:\Users\user\Downloads\dockerandaction\dockerandaction\src\test\java\com\container\dockerandaction\ApiControllerTest.java. Using fallback presentation compiler.
2026.09.11 16:22:46 INFO  no build target found for C:\Users\user\Downloads\dockerandaction\dockerandaction\src\test\java\com\container\dockerandaction\ApiControllerTest.java. Using fallback presentation compiler.
2026.09.11 16:22:46 INFO  no build target found for C:\Users\user\Downloads\dockerandaction\dockerandaction\src\test\java\com\container\dockerandaction\ApiControllerTest.java. Using fallback presentation compiler.
2026.09.11 16:22:46 WARN  no build target for: C:\Users\user\Downloads\dockerandaction\dockerandaction\src\test\java\com\container\dockerandaction\ApiControllerTest.java
2026.09.11 16:22:46 INFO  no build target found for C:\Users\user\Downloads\dockerandaction\dockerandaction\src\test\java\com\container\dockerandaction\ApiControllerTest.java. Using fallback presentation compiler.
2026.09.11 16:22:47 INFO  no build target found for C:\Users\user\Downloads\dockerandaction\dockerandaction\src\test\java\com\container\dockerandaction\ApiControllerTest.java. Using fallback presentation compiler.
2026.09.11 16:22:49 INFO  no build target found for C:\Users\user\Downloads\dockerandaction\dockerandaction\src\test\java\com\container\dockerandaction\ApiControllerTest.java. Using fallback presentation compiler.
2026.09.11 16:22:49 INFO  no build target found for C:\Users\user\Downloads\dockerandaction\dockerandaction\src\test\java\com\container\dockerandaction\ApiControllerTest.java. Using fallback presentation compiler.
2026.09.11 16:22:49 INFO  no build target found for C:\Users\user\Downloads\dockerandaction\dockerandaction\src\test\java\com\container\dockerandaction\ApiControllerTest.java. Using fallback presentation compiler.
2026.09.11 16:22:49 INFO  no build target found for C:\Users\user\Downloads\dockerandaction\dockerandaction\src\test\java\com\container\dockerandaction\ApiControllerTest.java. Using fallback presentation compiler.
2026.09.11 16:22:50 WARN  no build target for: C:\Users\user\Downloads\dockerandaction\dockerandaction\src\test\java\com\container\dockerandaction\ApiControllerTest.java
2026.09.11 16:22:49 INFO  no build target found for C:\Users\user\Downloads\dockerandaction\dockerandaction\src\test\java\com\container\dockerandaction\ApiControllerTest.java. Using fallback presentation compiler.
2026.09.11 16:22:50 INFO  no build target found for C:\Users\user\Downloads\dockerandaction\dockerandaction\src\test\java\com\container\dockerandaction\ApiControllerTest.java. Using fallback presentation compiler.
2026.09.11 16:22:50 INFO  no build target found for C:\Users\user\Downloads\dockerandaction\dockerandaction\src\test\java\com\container\dockerandaction\ApiControllerTest.java. Using fallback presentation compiler.
2026.09.11 16:22:50 INFO  no build target found for C:\Users\user\Downloads\dockerandaction\dockerandaction\src\test\java\com\container\dockerandaction\ApiControllerTest.java. Using fallback presentation compiler.
2026.09.11 16:22:50 INFO  no build target found for C:\Users\user\Downloads\dockerandaction\dockerandaction\src\test\java\com\container\dockerandaction\ApiControllerTest.java. Using fallback presentation compiler.
2026.09.11 16:22:50 INFO  no build target found for C:\Users\user\Downloads\dockerandaction\dockerandaction\src\test\java\com\container\dockerandaction\ApiControllerTest.java. Using fallback presentation compiler.
2026.09.11 16:22:51 INFO  no build target found for C:\Users\user\Downloads\dockerandaction\dockerandaction\src\test\java\com\container\dockerandaction\ApiControllerTest.java. Using fallback presentation compiler.
2026.09.11 16:22:51 INFO  no build target found for C:\Users\user\Downloads\dockerandaction\dockerandaction\src\test\java\com\container\dockerandaction\ApiControllerTest.java. Using fallback presentation compiler.
2026.09.11 16:22:52 WARN  no build target for: C:\Users\user\Downloads\dockerandaction\dockerandaction\src\test\java\com\container\dockerandaction\ApiControllerTest.java
2026.09.11 16:22:52 INFO  no build target found for C:\Users\user\Downloads\dockerandaction\dockerandaction\src\test\java\com\container\dockerandaction\ApiControllerTest.java. Using fallback presentation compiler.
2026.09.11 16:22:51 INFO  no build target found for C:\Users\user\Downloads\dockerandaction\dockerandaction\src\test\java\com\container\dockerandaction\ApiControllerTest.java. Using fallback presentation compiler.
2026.09.11 16:22:54 INFO  no build target found for C:\Users\user\Downloads\dockerandaction\dockerandaction\src\test\java\com\container\dockerandaction\ApiControllerTest.java. Using fallback presentation compiler.
2026.09.11 16:22:54 INFO  no build target found for C:\Users\user\Downloads\dockerandaction\dockerandaction\src\test\java\com\container\dockerandaction\ApiControllerTest.java. Using fallback presentation compiler.
2026.09.11 16:22:54 INFO  no build target found for C:\Users\user\Downloads\dockerandaction\dockerandaction\src\test\java\com\container\dockerandaction\ApiControllerTest.java. Using fallback presentation compiler.
Sept 11, 2026 4:22:54 PM org.eclipse.lsp4j.jsonrpc.RemoteEndpoint handleCancellation
WARNING: Unmatched cancel notification for request id 293
Sept 11, 2026 4:22:54 PM org.eclipse.lsp4j.jsonrpc.RemoteEndpoint handleCancellation
WARNING: Unmatched cancel notification for request id 295
2026.09.11 16:22:54 INFO  no build target found for C:\Users\user\Downloads\dockerandaction\dockerandaction\src\test\java\com\container\dockerandaction\ApiControllerTest.java. Using fallback presentation compiler.
2026.09.11 16:22:54 INFO  no build target found for C:\Users\user\Downloads\dockerandaction\dockerandaction\src\test\java\com\container\dockerandaction\ApiControllerTest.java. Using fallback presentation compiler.
2026.09.11 16:22:55 INFO  no build target found for C:\Users\user\Downloads\dockerandaction\dockerandaction\src\test\java\com\container\dockerandaction\ApiControllerTest.java. Using fallback presentation compiler.
2026.09.11 16:22:55 INFO  no build target found for C:\Users\user\Downloads\dockerandaction\dockerandaction\src\test\java\com\container\dockerandaction\ApiControllerTest.java. Using fallback presentation compiler.
2026.09.11 16:22:56 INFO  no build target found for C:\Users\user\Downloads\dockerandaction\dockerandaction\src\test\java\com\container\dockerandaction\ApiControllerTest.java. Using fallback presentation compiler.
2026.09.11 16:22:56 INFO  no build target found for C:\Users\user\Downloads\dockerandaction\dockerandaction\src\test\java\com\container\dockerandaction\ApiControllerTest.java. Using fallback presentation compiler.
2026.09.11 16:22:56 INFO  no build target found for C:\Users\user\Downloads\dockerandaction\dockerandaction\src\test\java\com\container\dockerandaction\ApiControllerTest.java. Using fallback presentation compiler.
2026.09.11 16:22:59 INFO  no build target found for C:\Users\user\Downloads\dockerandaction\dockerandaction\src\test\java\com\container\dockerandaction\ApiControllerTest.java. Using fallback presentation compiler.
2026.09.11 16:23:00 INFO  no build target found for C:\Users\user\Downloads\dockerandaction\dockerandaction\src\test\java\com\container\dockerandaction\ApiControllerTest.java. Using fallback presentation compiler.
2026.09.11 16:23:01 INFO  no build target found for C:\Users\user\Downloads\dockerandaction\dockerandaction\src\test\java\com\container\dockerandaction\ApiControllerTest.java. Using fallback presentation compiler.
2026.09.11 16:23:02 INFO  no build target found for C:\Users\user\Downloads\dockerandaction\dockerandaction\src\test\java\com\container\dockerandaction\ApiControllerTest.java. Using fallback presentation compiler.
2026.09.11 16:23:02 INFO  no build target found for C:\Users\user\Downloads\dockerandaction\dockerandaction\src\test\java\com\container\dockerandaction\ApiControllerTest.java. Using fallback presentation compiler.
2026.09.11 16:23:02 INFO  no build target found for C:\Users\user\Downloads\dockerandaction\dockerandaction\src\test\java\com\container\dockerandaction\ApiControllerTest.java. Using fallback presentation compiler.
2026.09.11 16:23:12 INFO  no build target found for C:\Users\user\Downloads\dockerandaction\dockerandaction\src\test\java\com\container\dockerandaction\ApiControllerTest.java. Using fallback presentation compiler.
2026.09.11 16:23:12 INFO  no build target found for C:\Users\user\Downloads\dockerandaction\dockerandaction\src\test\java\com\container\dockerandaction\ApiControllerTest.java. Using fallback presentation compiler.
2026.09.11 16:23:13 INFO  no build target found for C:\Users\user\Downloads\dockerandaction\dockerandaction\src\test\java\com\container\dockerandaction\ApiControllerTest.java. Using fallback presentation compiler.
2026.09.11 16:23:13 INFO  no build target found for C:\Users\user\Downloads\dockerandaction\dockerandaction\src\test\java\com\container\dockerandaction\ApiControllerTest.java. Using fallback presentation compiler.
2026.09.11 16:23:13 INFO  no build target found for C:\Users\user\Downloads\dockerandaction\dockerandaction\src\test\java\com\container\dockerandaction\ApiControllerTest.java. Using fallback presentation compiler.
Sept 11, 2026 4:23:15 PM org.eclipse.lsp4j.jsonrpc.RemoteEndpoint handleCancellation
WARNING: Unmatched cancel notification for request id 317
2026.09.11 16:23:16 INFO  no build target found for C:\Users\user\Downloads\dockerandaction\dockerandaction\src\test\java\com\container\dockerandaction\ApiControllerTest.java. Using fallback presentation compiler.
2026.09.11 16:23:16 INFO  no build target found for C:\Users\user\Downloads\dockerandaction\dockerandaction\src\test\java\com\container\dockerandaction\ApiControllerTest.java. Using fallback presentation compiler.
2026.09.11 16:23:16 INFO  no build target found for C:\Users\user\Downloads\dockerandaction\dockerandaction\src\test\java\com\container\dockerandaction\ApiControllerTest.java. Using fallback presentation compiler.
2026.09.11 16:23:16 INFO  no build target found for C:\Users\user\Downloads\dockerandaction\dockerandaction\src\test\java\com\container\dockerandaction\ApiControllerTest.java. Using fallback presentation compiler.
2026.09.11 16:23:16 INFO  no build target found for C:\Users\user\Downloads\dockerandaction\dockerandaction\src\test\java\com\container\dockerandaction\ApiControllerTest.java. Using fallback presentation compiler.
Sept 11, 2026 4:23:16 PM org.eclipse.lsp4j.jsonrpc.RemoteEndpoint handleCancellation
WARNING: Unmatched cancel notification for request id 324
2026.09.11 16:23:16 INFO  no build target found for C:\Users\user\Downloads\dockerandaction\dockerandaction\src\test\java\com\container\dockerandaction\ApiControllerTest.java. Using fallback presentation compiler.
2026.09.11 16:23:17 WARN  no build target for: C:\Users\user\Downloads\dockerandaction\dockerandaction\src\test\java\com\container\dockerandaction\ApiControllerTest.java
2026.09.11 16:23:17 INFO  no build target found for C:\Users\user\Downloads\dockerandaction\dockerandaction\src\test\java\com\container\dockerandaction\ApiControllerTest.java. Using fallback presentation compiler.
2026.09.11 16:23:17 INFO  no build target found for C:\Users\user\Downloads\dockerandaction\dockerandaction\src\test\java\com\container\dockerandaction\ApiControllerTest.java. Using fallback presentation compiler.
Sept 11, 2026 4:23:18 PM org.eclipse.lsp4j.jsonrpc.RemoteEndpoint handleCancellation
WARNING: Unmatched cancel notification for request id 331
2026.09.11 16:23:17 INFO  no build target found for C:\Users\user\Downloads\dockerandaction\dockerandaction\src\test\java\com\container\dockerandaction\ApiControllerTest.java. Using fallback presentation compiler.
2026.09.11 16:23:17 INFO  no build target found for C:\Users\user\Downloads\dockerandaction\dockerandaction\src\test\java\com\container\dockerandaction\ApiControllerTest.java. Using fallback presentation compiler.
2026.09.11 16:23:18 INFO  no build target found for C:\Users\user\Downloads\dockerandaction\dockerandaction\src\test\java\com\container\dockerandaction\ApiControllerTest.java. Using fallback presentation compiler.
Sept 11, 2026 4:23:18 PM org.eclipse.lsp4j.jsonrpc.RemoteEndpoint handleCancellation
WARNING: Unmatched cancel notification for request id 332
Sept 11, 2026 4:23:18 PM org.eclipse.lsp4j.jsonrpc.RemoteEndpoint handleCancellation
WARNING: Unmatched cancel notification for request id 334
Sept 11, 2026 4:23:18 PM org.eclipse.lsp4j.jsonrpc.RemoteEndpoint handleCancellation
WARNING: Unmatched cancel notification for request id 333
2026.09.11 16:23:18 INFO  no build target found for C:\Users\user\Downloads\dockerandaction\dockerandaction\src\test\java\com\container\dockerandaction\ApiControllerTest.java. Using fallback presentation compiler.
2026.09.11 16:23:18 INFO  no build target found for C:\Users\user\Downloads\dockerandaction\dockerandaction\src\test\java\com\container\dockerandaction\ApiControllerTest.java. Using fallback presentation compiler.
2026.09.11 16:23:18 INFO  no build target found for C:\Users\user\Downloads\dockerandaction\dockerandaction\src\test\java\com\container\dockerandaction\ApiControllerTest.java. Using fallback presentation compiler.
Sept 11, 2026 4:23:19 PM org.eclipse.lsp4j.jsonrpc.RemoteEndpoint handleCancellation
WARNING: Unmatched cancel notification for request id 338
2026.09.11 16:23:19 WARN  no build target for: C:\Users\user\Downloads\dockerandaction\dockerandaction\src\test\java\com\container\dockerandaction\ApiControllerTest.java
2026.09.11 16:23:19 INFO  no build target found for C:\Users\user\Downloads\dockerandaction\dockerandaction\src\test\java\com\container\dockerandaction\ApiControllerTest.java. Using fallback presentation compiler.
2026.09.11 16:23:18 INFO  no build target found for C:\Users\user\Downloads\dockerandaction\dockerandaction\src\test\java\com\container\dockerandaction\ApiControllerTest.java. Using fallback presentation compiler.
2026.09.11 16:23:20 INFO  no build target found for C:\Users\user\Downloads\dockerandaction\dockerandaction\src\test\java\com\container\dockerandaction\ApiControllerTest.java. Using fallback presentation compiler.
2026.09.11 16:23:20 INFO  no build target found for C:\Users\user\Downloads\dockerandaction\dockerandaction\src\test\java\com\container\dockerandaction\ApiControllerTest.java. Using fallback presentation compiler.
2026.09.11 16:23:21 INFO  no build target found for C:\Users\user\Downloads\dockerandaction\dockerandaction\src\test\java\com\container\dockerandaction\ApiControllerTest.java. Using fallback presentation compiler.
2026.09.11 16:23:20 INFO  no build target found for C:\Users\user\Downloads\dockerandaction\dockerandaction\src\test\java\com\container\dockerandaction\ApiControllerTest.java. Using fallback presentation compiler.
2026.09.11 16:23:22 WARN  no build target for: C:\Users\user\Downloads\dockerandaction\dockerandaction\src\test\java\com\container\dockerandaction\ApiControllerTest.java
2026.09.11 16:23:22 INFO  no build target found for C:\Users\user\Downloads\dockerandaction\dockerandaction\src\test\java\com\container\dockerandaction\ApiControllerTest.java. Using fallback presentation compiler.
2026.09.11 16:23:22 INFO  no build target found for C:\Users\user\Downloads\dockerandaction\dockerandaction\src\test\java\com\container\dockerandaction\ApiControllerTest.java. Using fallback presentation compiler.
2026.09.11 16:23:22 INFO  no build target found for C:\Users\user\Downloads\dockerandaction\dockerandaction\src\test\java\com\container\dockerandaction\ApiControllerTest.java. Using fallback presentation compiler.
2026.09.11 16:23:22 INFO  no build target found for C:\Users\user\Downloads\dockerandaction\dockerandaction\src\test\java\com\container\dockerandaction\ApiControllerTest.java. Using fallback presentation compiler.
2026.09.11 16:23:22 INFO  no build target found for C:\Users\user\Downloads\dockerandaction\dockerandaction\src\test\java\com\container\dockerandaction\ApiControllerTest.java. Using fallback presentation compiler.
2026.09.11 16:23:23 WARN  no build target for: C:\Users\user\Downloads\dockerandaction\dockerandaction\src\test\java\com\container\dockerandaction\ApiControllerTest.java
2026.09.11 16:23:23 INFO  no build target found for C:\Users\user\Downloads\dockerandaction\dockerandaction\src\test\java\com\container\dockerandaction\ApiControllerTest.java. Using fallback presentation compiler.
2026.09.11 16:23:24 INFO  no build target found for C:\Users\user\Downloads\dockerandaction\dockerandaction\src\test\java\com\container\dockerandaction\ApiControllerTest.java. Using fallback presentation compiler.
2026.09.11 16:23:24 INFO  no build target found for C:\Users\user\Downloads\dockerandaction\dockerandaction\src\test\java\com\container\dockerandaction\ApiControllerTest.java. Using fallback presentation compiler.
2026.09.11 16:23:25 INFO  no build target found for C:\Users\user\Downloads\dockerandaction\dockerandaction\src\test\java\com\container\dockerandaction\ApiControllerTest.java. Using fallback presentation compiler.
2026.09.11 16:23:25 INFO  no build target found for C:\Users\user\Downloads\dockerandaction\dockerandaction\src\test\java\com\container\dockerandaction\ApiControllerTest.java. Using fallback presentation compiler.
2026.09.11 16:23:25 INFO  no build target found for C:\Users\user\Downloads\dockerandaction\dockerandaction\src\test\java\com\container\dockerandaction\ApiControllerTest.java. Using fallback presentation compiler.
2026.09.11 16:24:30 INFO  no build target found for C:\Users\user\Downloads\dockerandaction\dockerandaction\src\test\java\com\container\dockerandaction\ApiControllerTest.java. Using fallback presentation compiler.
2026.09.11 16:24:30 INFO  no build target found for C:\Users\user\Downloads\dockerandaction\dockerandaction\src\test\java\com\container\dockerandaction\ApiControllerTest.java. Using fallback presentation compiler.
2026.09.11 16:24:30 INFO  no build target found for C:\Users\user\Downloads\dockerandaction\dockerandaction\src\test\java\com\container\dockerandaction\ApiControllerTest.java. Using fallback presentation compiler.
2026.09.11 16:24:30 INFO  no build target found for C:\Users\user\Downloads\dockerandaction\dockerandaction\src\test\java\com\container\dockerandaction\ApiControllerTest.java. Using fallback presentation compiler.
2026.09.11 16:24:32 INFO  no build target found for C:\Users\user\Downloads\dockerandaction\dockerandaction\src\test\java\com\container\dockerandaction\ApiControllerTest.java. Using fallback presentation compiler.
2026.09.11 16:24:32 INFO  no build target found for C:\Users\user\Downloads\dockerandaction\dockerandaction\src\test\java\com\container\dockerandaction\ApiControllerTest.java. Using fallback presentation compiler.
2026.09.11 16:24:32 INFO  no build target found for C:\Users\user\Downloads\dockerandaction\dockerandaction\src\test\java\com\container\dockerandaction\ApiControllerTest.java. Using fallback presentation compiler.
2026.09.11 16:24:34 INFO  no build target found for C:\Users\user\Downloads\dockerandaction\dockerandaction\src\test\java\com\container\dockerandaction\ApiControllerTest.java. Using fallback presentation compiler.
2026.09.11 16:24:35 INFO  no build target found for C:\Users\user\Downloads\dockerandaction\dockerandaction\src\test\java\com\container\dockerandaction\ApiControllerTest.java. Using fallback presentation compiler.
2026.09.11 16:24:35 INFO  no build target found for C:\Users\user\Downloads\dockerandaction\dockerandaction\src\test\java\com\container\dockerandaction\ApiControllerTest.java. Using fallback presentation compiler.
2026.09.11 16:24:39 INFO  no build target found for C:\Users\user\Downloads\dockerandaction\dockerandaction\src\test\java\com\container\dockerandaction\ApiControllerTest.java. Using fallback presentation compiler.
2026.09.11 16:24:40 INFO  no build target found for C:\Users\user\Downloads\dockerandaction\dockerandaction\src\test\java\com\container\dockerandaction\ApiControllerTest.java. Using fallback presentation compiler.
2026.09.11 16:24:45 INFO  no build target found for C:\Users\user\Downloads\dockerandaction\dockerandaction\src\test\java\com\container\dockerandaction\ApiControllerTest.java. Using fallback presentation compiler.
2026.09.11 16:24:45 INFO  no build target found for C:\Users\user\Downloads\dockerandaction\dockerandaction\src\test\java\com\container\dockerandaction\ApiControllerTest.java. Using fallback presentation compiler.
2026.09.11 16:24:45 INFO  no build target found for C:\Users\user\Downloads\dockerandaction\dockerandaction\src\test\java\com\container\dockerandaction\ApiControllerTest.java. Using fallback presentation compiler.
2026.09.11 16:24:47 INFO  no build target found for C:\Users\user\Downloads\dockerandaction\dockerandaction\src\test\java\com\container\dockerandaction\ApiControllerTest.java. Using fallback presentation compiler.
2026.09.11 16:24:48 INFO  no build target found for C:\Users\user\Downloads\dockerandaction\dockerandaction\src\test\java\com\container\dockerandaction\ApiControllerTest.java. Using fallback presentation compiler.
2026.09.11 16:24:50 INFO  no build target found for C:\Users\user\Downloads\dockerandaction\dockerandaction\src\test\java\com\container\dockerandaction\ApiControllerTest.java. Using fallback presentation compiler.
2026.09.11 16:24:50 INFO  no build target found for C:\Users\user\Downloads\dockerandaction\dockerandaction\src\test\java\com\container\dockerandaction\ApiControllerTest.java. Using fallback presentation compiler.
2026.09.11 16:24:51 INFO  no build target found for C:\Users\user\Downloads\dockerandaction\dockerandaction\src\test\java\com\container\dockerandaction\ApiControllerTest.java. Using fallback presentation compiler.
2026.09.11 16:24:51 INFO  no build target found for C:\Users\user\Downloads\dockerandaction\dockerandaction\src\test\java\com\container\dockerandaction\ApiControllerTest.java. Using fallback presentation compiler.
2026.09.11 16:24:53 INFO  no build target found for C:\Users\user\Downloads\dockerandaction\dockerandaction\src\test\java\com\container\dockerandaction\ApiControllerTest.java. Using fallback presentation compiler.
2026.09.11 16:24:53 INFO  no build target found for C:\Users\user\Downloads\dockerandaction\dockerandaction\src\test\java\com\container\dockerandaction\ApiControllerTest.java. Using fallback presentation compiler.
2026.09.11 16:25:03 INFO  no build target found for C:\Users\user\Downloads\dockerandaction\dockerandaction\src\test\java\com\container\dockerandaction\ApiControllerTest.java. Using fallback presentation compiler.
2026.09.11 16:25:07 INFO  no build target found for C:\Users\user\Downloads\dockerandaction\dockerandaction\src\test\java\com\container\dockerandaction\ApiControllerTest.java. Using fallback presentation compiler.
2026.09.11 16:25:13 INFO  no build target found for C:\Users\user\Downloads\dockerandaction\dockerandaction\src\test\java\com\container\dockerandaction\ApiControllerTest.java. Using fallback presentation compiler.
2026.09.11 16:25:20 INFO  no build target found for C:\Users\user\Downloads\dockerandaction\dockerandaction\src\test\java\com\container\dockerandaction\ApiControllerTest.java. Using fallback presentation compiler.
2026.09.11 16:25:24 INFO  no build target found for C:\Users\user\Downloads\dockerandaction\dockerandaction\src\test\java\com\container\dockerandaction\ApiControllerTest.java. Using fallback presentation compiler.
2026.09.11 16:25:25 INFO  no build target found for C:\Users\user\Downloads\dockerandaction\dockerandaction\src\test\java\com\container\dockerandaction\ApiControllerTest.java. Using fallback presentation compiler.
2026.09.11 16:25:25 INFO  no build target found for C:\Users\user\Downloads\dockerandaction\dockerandaction\src\test\java\com\container\dockerandaction\ApiControllerTest.java. Using fallback presentation compiler.
2026.09.11 16:25:25 INFO  no build target found for C:\Users\user\Downloads\dockerandaction\dockerandaction\src\test\java\com\container\dockerandaction\ApiControllerTest.java. Using fallback presentation compiler.
2026.09.11 16:25:31 INFO  no build target found for C:\Users\user\Downloads\dockerandaction\dockerandaction\src\test\java\com\container\dockerandaction\ApiControllerTest.java. Using fallback presentation compiler.
2026.09.11 16:25:31 INFO  no build target found for C:\Users\user\Downloads\dockerandaction\dockerandaction\src\test\java\com\container\dockerandaction\ApiControllerTest.java. Using fallback presentation compiler.
2026.09.11 16:25:35 INFO  no build target found for C:\Users\user\Downloads\dockerandaction\dockerandaction\src\test\java\com\container\dockerandaction\ApiControllerTest.java. Using fallback presentation compiler.
2026.09.11 16:25:35 INFO  no build target found for C:\Users\user\Downloads\dockerandaction\dockerandaction\src\test\java\com\container\dockerandaction\ApiControllerTest.java. Using fallback presentation compiler.
2026.09.11 16:25:36 INFO  no build target found for C:\Users\user\Downloads\dockerandaction\dockerandaction\src\test\java\com\container\dockerandaction\ApiControllerTest.java. Using fallback presentation compiler.
2026.09.11 16:25:37 INFO  no build target found for C:\Users\user\Downloads\dockerandaction\dockerandaction\src\test\java\com\container\dockerandaction\ApiControllerTest.java. Using fallback presentation compiler.
2026.09.11 16:25:37 INFO  no build target found for C:\Users\user\Downloads\dockerandaction\dockerandaction\src\test\java\com\container\dockerandaction\ApiControllerTest.java. Using fallback presentation compiler.
2026.09.11 16:25:39 INFO  no build target found for C:\Users\user\Downloads\dockerandaction\dockerandaction\src\test\java\com\container\dockerandaction\ApiControllerTest.java. Using fallback presentation compiler.
2026.09.11 16:25:39 INFO  no build target found for C:\Users\user\Downloads\dockerandaction\dockerandaction\src\test\java\com\container\dockerandaction\ApiControllerTest.java. Using fallback presentation compiler.
2026.09.11 16:25:40 INFO  no build target found for C:\Users\user\Downloads\dockerandaction\dockerandaction\src\test\java\com\container\dockerandaction\ApiControllerTest.java. Using fallback presentation compiler.
2026.09.11 16:25:46 INFO  no build target found for C:\Users\user\Downloads\dockerandaction\dockerandaction\src\test\java\com\container\dockerandaction\ApiControllerTest.java. Using fallback presentation compiler.
2026.09.11 16:25:46 INFO  no build target found for C:\Users\user\Downloads\dockerandaction\dockerandaction\src\test\java\com\container\dockerandaction\ApiControllerTest.java. Using fallback presentation compiler.
2026.09.11 16:25:46 INFO  no build target found for C:\Users\user\Downloads\dockerandaction\dockerandaction\src\test\java\com\container\dockerandaction\ApiControllerTest.java. Using fallback presentation compiler.
2026.09.11 16:25:48 INFO  no build target found for C:\Users\user\Downloads\dockerandaction\dockerandaction\src\test\java\com\container\dockerandaction\ApiControllerTest.java. Using fallback presentation compiler.
2026.09.11 16:25:50 INFO  no build target found for C:\Users\user\Downloads\dockerandaction\dockerandaction\src\test\java\com\container\dockerandaction\ApiControllerTest.java. Using fallback presentation compiler.
2026.09.11 16:25:50 INFO  no build target found for C:\Users\user\Downloads\dockerandaction\dockerandaction\src\test\java\com\container\dockerandaction\ApiControllerTest.java. Using fallback presentation compiler.
2026.09.11 16:25:51 INFO  no build target found for C:\Users\user\Downloads\dockerandaction\dockerandaction\src\test\java\com\container\dockerandaction\ApiControllerTest.java. Using fallback presentation compiler.
2026.09.11 16:25:53 INFO  no build target found for C:\Users\user\Downloads\dockerandaction\dockerandaction\src\test\java\com\container\dockerandaction\ApiControllerTest.java. Using fallback presentation compiler.
2026.09.11 16:25:53 INFO  no build target found for C:\Users\user\Downloads\dockerandaction\dockerandaction\src\test\java\com\container\dockerandaction\ApiControllerTest.java. Using fallback presentation compiler.
2026.09.11 16:25:56 INFO  no build target found for C:\Users\user\Downloads\dockerandaction\dockerandaction\src\test\java\com\container\dockerandaction\ApiControllerTest.java. Using fallback presentation compiler.
2026.09.11 16:25:57 INFO  no build target found for C:\Users\user\Downloads\dockerandaction\dockerandaction\src\test\java\com\container\dockerandaction\ApiControllerTest.java. Using fallback presentation compiler.
2026.09.11 16:25:59 INFO  no build target found for C:\Users\user\Downloads\dockerandaction\dockerandaction\src\test\java\com\container\dockerandaction\ApiControllerTest.java. Using fallback presentation compiler.
2026.09.11 16:25:59 INFO  no build target found for C:\Users\user\Downloads\dockerandaction\dockerandaction\src\test\java\com\container\dockerandaction\ApiControllerTest.java. Using fallback presentation compiler.
2026.09.11 16:26:00 INFO  no build target found for C:\Users\user\Downloads\dockerandaction\dockerandaction\src\test\java\com\container\dockerandaction\ApiControllerTest.java. Using fallback presentation compiler.
2026.09.11 16:26:00 INFO  no build target found for C:\Users\user\Downloads\dockerandaction\dockerandaction\src\test\java\com\container\dockerandaction\ApiControllerTest.java. Using fallback presentation compiler.
2026.09.11 16:26:00 INFO  no build target found for C:\Users\user\Downloads\dockerandaction\dockerandaction\src\test\java\com\container\dockerandaction\ApiControllerTest.java. Using fallback presentation compiler.
2026.09.11 16:26:04 INFO  no build target found for C:\Users\user\Downloads\dockerandaction\dockerandaction\src\test\java\com\container\dockerandaction\ApiControllerTest.java. Using fallback presentation compiler.
2026.09.11 16:26:06 INFO  no build target found for C:\Users\user\Downloads\dockerandaction\dockerandaction\src\test\java\com\container\dockerandaction\ApiControllerTest.java. Using fallback presentation compiler.
2026.09.11 16:26:06 INFO  no build target found for C:\Users\user\Downloads\dockerandaction\dockerandaction\src\test\java\com\container\dockerandaction\ApiControllerTest.java. Using fallback presentation compiler.
2026.09.11 16:26:07 INFO  no build target found for C:\Users\user\Downloads\dockerandaction\dockerandaction\src\test\java\com\container\dockerandaction\ApiControllerTest.java. Using fallback presentation compiler.
2026.09.11 16:26:07 INFO  no build target found for C:\Users\user\Downloads\dockerandaction\dockerandaction\src\test\java\com\container\dockerandaction\ApiControllerTest.java. Using fallback presentation compiler.
2026.09.11 16:26:07 INFO  no build target found for C:\Users\user\Downloads\dockerandaction\dockerandaction\src\test\java\com\container\dockerandaction\ApiControllerTest.java. Using fallback presentation compiler.
2026.09.11 16:26:09 INFO  no build target found for C:\Users\user\Downloads\dockerandaction\dockerandaction\src\test\java\com\container\dockerandaction\ApiControllerTest.java. Using fallback presentation compiler.
2026.09.11 16:26:09 INFO  no build target found for C:\Users\user\Downloads\dockerandaction\dockerandaction\src\test\java\com\container\dockerandaction\ApiControllerTest.java. Using fallback presentation compiler.
2026.09.11 16:26:09 INFO  no build target found for C:\Users\user\Downloads\dockerandaction\dockerandaction\src\test\java\com\container\dockerandaction\ApiControllerTest.java. Using fallback presentation compiler.
2026.09.11 16:26:12 INFO  no build target found for C:\Users\user\Downloads\dockerandaction\dockerandaction\src\test\java\com\container\dockerandaction\ApiControllerTest.java. Using fallback presentation compiler.
2026.09.11 16:26:12 INFO  no build target found for C:\Users\user\Downloads\dockerandaction\dockerandaction\src\test\java\com\container\dockerandaction\ApiControllerTest.java. Using fallback presentation compiler.
2026.09.11 16:26:13 INFO  no build target found for C:\Users\user\Downloads\dockerandaction\dockerandaction\src\test\java\com\container\dockerandaction\ApiControllerTest.java. Using fallback presentation compiler.
2026.09.11 16:26:13 INFO  no build target found for C:\Users\user\Downloads\dockerandaction\dockerandaction\src\test\java\com\container\dockerandaction\ApiControllerTest.java. Using fallback presentation compiler.
2026.09.11 16:26:14 INFO  no build target found for C:\Users\user\Downloads\dockerandaction\dockerandaction\src\test\java\com\container\dockerandaction\ApiControllerTest.java. Using fallback presentation compiler.
2026.09.11 16:26:15 INFO  no build target found for C:\Users\user\Downloads\dockerandaction\dockerandaction\src\test\java\com\container\dockerandaction\ApiControllerTest.java. Using fallback presentation compiler.
2026.09.11 16:26:17 INFO  no build target found for C:\Users\user\Downloads\dockerandaction\dockerandaction\src\test\java\com\container\dockerandaction\ApiControllerTest.java. Using fallback presentation compiler.
2026.09.11 16:26:17 INFO  no build target found for C:\Users\user\Downloads\dockerandaction\dockerandaction\src\test\java\com\container\dockerandaction\ApiControllerTest.java. Using fallback presentation compiler.
2026.09.11 16:26:19 INFO  no build target found for C:\Users\user\Downloads\dockerandaction\dockerandaction\src\test\java\com\container\dockerandaction\ApiControllerTest.java. Using fallback presentation compiler.
2026.09.11 16:26:21 INFO  no build target found for C:\Users\user\Downloads\dockerandaction\dockerandaction\src\test\java\com\container\dockerandaction\ApiControllerTest.java. Using fallback presentation compiler.
2026.09.11 16:26:21 INFO  no build target found for C:\Users\user\Downloads\dockerandaction\dockerandaction\src\test\java\com\container\dockerandaction\ApiControllerTest.java. Using fallback presentation compiler.
2026.09.11 16:26:21 INFO  no build target found for C:\Users\user\Downloads\dockerandaction\dockerandaction\src\test\java\com\container\dockerandaction\ApiControllerTest.java. Using fallback presentation compiler.
2026.09.11 16:26:22 INFO  no build target found for C:\Users\user\Downloads\dockerandaction\dockerandaction\src\test\java\com\container\dockerandaction\ApiControllerTest.java. Using fallback presentation compiler.
2026.09.11 16:26:22 INFO  no build target found for C:\Users\user\Downloads\dockerandaction\dockerandaction\src\test\java\com\container\dockerandaction\ApiControllerTest.java. Using fallback presentation compiler.
2026.09.11 16:26:25 INFO  no build target found for C:\Users\user\Downloads\dockerandaction\dockerandaction\src\test\java\com\container\dockerandaction\ApiControllerTest.java. Using fallback presentation compiler.
2026.09.11 16:26:25 INFO  no build target found for C:\Users\user\Downloads\dockerandaction\dockerandaction\src\test\java\com\container\dockerandaction\ApiControllerTest.java. Using fallback presentation compiler.
2026.09.11 16:26:26 INFO  no build target found for C:\Users\user\Downloads\dockerandaction\dockerandaction\src\test\java\com\container\dockerandaction\ApiControllerTest.java. Using fallback presentation compiler.
2026.09.11 16:26:28 INFO  no build target found for C:\Users\user\Downloads\dockerandaction\dockerandaction\src\test\java\com\container\dockerandaction\ApiControllerTest.java. Using fallback presentation compiler.
2026.09.11 16:26:28 INFO  no build target found for C:\Users\user\Downloads\dockerandaction\dockerandaction\src\test\java\com\container\dockerandaction\ApiControllerTest.java. Using fallback presentation compiler.
2026.09.11 16:26:28 INFO  no build target found for C:\Users\user\Downloads\dockerandaction\dockerandaction\src\test\java\com\container\dockerandaction\ApiControllerTest.java. Using fallback presentation compiler.
2026.09.11 16:26:29 INFO  no build target found for C:\Users\user\Downloads\dockerandaction\dockerandaction\src\test\java\com\container\dockerandaction\ApiControllerTest.java. Using fallback presentation compiler.
2026.09.11 16:26:29 INFO  no build target found for C:\Users\user\Downloads\dockerandaction\dockerandaction\src\test\java\com\container\dockerandaction\ApiControllerTest.java. Using fallback presentation compiler.
2026.09.11 16:26:29 INFO  no build target found for C:\Users\user\Downloads\dockerandaction\dockerandaction\src\test\java\com\container\dockerandaction\ApiControllerTest.java. Using fallback presentation compiler.
2026.09.11 16:26:31 INFO  no build target found for C:\Users\user\Downloads\dockerandaction\dockerandaction\src\test\java\com\container\dockerandaction\ApiControllerTest.java. Using fallback presentation compiler.
2026.09.11 16:26:31 INFO  no build target found for C:\Users\user\Downloads\dockerandaction\dockerandaction\src\test\java\com\container\dockerandaction\ApiControllerTest.java. Using fallback presentation compiler.
2026.09.11 16:26:34 INFO  no build target found for C:\Users\user\Downloads\dockerandaction\dockerandaction\src\test\java\com\container\dockerandaction\ApiControllerTest.java. Using fallback presentation compiler.
2026.09.11 16:26:34 INFO  no build target found for C:\Users\user\Downloads\dockerandaction\dockerandaction\src\test\java\com\container\dockerandaction\ApiControllerTest.java. Using fallback presentation compiler.
2026.09.11 16:26:39 INFO  no build target found for C:\Users\user\Downloads\dockerandaction\dockerandaction\src\test\java\com\container\dockerandaction\ApiControllerTest.java. Using fallback presentation compiler.
2026.09.11 16:26:43 INFO  no build target found for C:\Users\user\Downloads\dockerandaction\dockerandaction\src\test\java\com\container\dockerandaction\ApiControllerTest.java. Using fallback presentation compiler.
2026.09.11 16:26:46 INFO  no build target found for C:\Users\user\Downloads\dockerandaction\dockerandaction\src\test\java\com\container\dockerandaction\ApiControllerTest.java. Using fallback presentation compiler.
2026.09.11 16:26:50 INFO  no build target found for C:\Users\user\Downloads\dockerandaction\dockerandaction\src\test\java\com\container\dockerandaction\ApiControllerTest.java. Using fallback presentation compiler.
2026.09.11 16:26:53 INFO  no build target found for C:\Users\user\Downloads\dockerandaction\dockerandaction\src\test\java\com\container\dockerandaction\ApiControllerTest.java. Using fallback presentation compiler.
2026.09.11 16:26:53 INFO  no build target found for C:\Users\user\Downloads\dockerandaction\dockerandaction\src\test\java\com\container\dockerandaction\ApiControllerTest.java. Using fallback presentation compiler.
2026.09.11 16:26:53 INFO  no build target found for C:\Users\user\Downloads\dockerandaction\dockerandaction\src\test\java\com\container\dockerandaction\ApiControllerTest.java. Using fallback presentation compiler.
2026.09.11 16:26:55 INFO  no build target found for C:\Users\user\Downloads\dockerandaction\dockerandaction\src\test\java\com\container\dockerandaction\ApiControllerTest.java. Using fallback presentation compiler.
2026.09.11 16:26:55 INFO  no build target found for C:\Users\user\Downloads\dockerandaction\dockerandaction\src\test\java\com\container\dockerandaction\ApiControllerTest.java. Using fallback presentation compiler.
2026.09.11 16:26:56 INFO  no build target found for C:\Users\user\Downloads\dockerandaction\dockerandaction\src\test\java\com\container\dockerandaction\ApiControllerTest.java. Using fallback presentation compiler.
2026.09.11 16:26:57 INFO  no build target found for C:\Users\user\Downloads\dockerandaction\dockerandaction\src\test\java\com\container\dockerandaction\ApiControllerTest.java. Using fallback presentation compiler.
2026.09.11 16:26:59 INFO  no build target found for C:\Users\user\Downloads\dockerandaction\dockerandaction\src\test\java\com\container\dockerandaction\ApiControllerTest.java. Using fallback presentation compiler.
2026.09.11 16:27:00 INFO  no build target found for C:\Users\user\Downloads\dockerandaction\dockerandaction\src\test\java\com\container\dockerandaction\ApiControllerTest.java. Using fallback presentation compiler.
2026.09.11 16:27:01 INFO  no build target found for C:\Users\user\Downloads\dockerandaction\dockerandaction\src\test\java\com\container\dockerandaction\ApiControllerTest.java. Using fallback presentation compiler.
2026.09.11 16:27:01 INFO  no build target found for C:\Users\user\Downloads\dockerandaction\dockerandaction\src\test\java\com\container\dockerandaction\ApiControllerTest.java. Using fallback presentation compiler.
2026.09.11 16:27:02 INFO  no build target found for C:\Users\user\Downloads\dockerandaction\dockerandaction\src\test\java\com\container\dockerandaction\ApiControllerTest.java. Using fallback presentation compiler.
2026.09.11 16:27:03 INFO  no build target found for C:\Users\user\Downloads\dockerandaction\dockerandaction\src\test\java\com\container\dockerandaction\ApiControllerTest.java. Using fallback presentation compiler.
2026.09.11 16:27:03 INFO  no build target found for C:\Users\user\Downloads\dockerandaction\dockerandaction\src\test\java\com\container\dockerandaction\ApiControllerTest.java. Using fallback presentation compiler.
2026.09.11 16:27:03 INFO  no build target found for C:\Users\user\Downloads\dockerandaction\dockerandaction\src\test\java\com\container\dockerandaction\ApiControllerTest.java. Using fallback presentation compiler.
2026.09.11 16:27:05 INFO  no build target found for C:\Users\user\Downloads\dockerandaction\dockerandaction\src\test\java\com\container\dockerandaction\ApiControllerTest.java. Using fallback presentation compiler.
2026.09.11 16:27:08 INFO  no build target found for C:\Users\user\Downloads\dockerandaction\dockerandaction\src\test\java\com\container\dockerandaction\ApiControllerTest.java. Using fallback presentation compiler.
2026.09.11 16:27:09 INFO  no build target found for C:\Users\user\Downloads\dockerandaction\dockerandaction\src\test\java\com\container\dockerandaction\ApiControllerTest.java. Using fallback presentation compiler.
2026.09.11 16:27:09 INFO  no build target found for C:\Users\user\Downloads\dockerandaction\dockerandaction\src\test\java\com\container\dockerandaction\ApiControllerTest.java. Using fallback presentation compiler.
2026.09.11 16:27:09 INFO  no build target found for C:\Users\user\Downloads\dockerandaction\dockerandaction\src\test\java\com\container\dockerandaction\ApiControllerTest.java. Using fallback presentation compiler.
2026.09.11 16:27:10 INFO  no build target found for C:\Users\user\Downloads\dockerandaction\dockerandaction\src\test\java\com\container\dockerandaction\ApiControllerTest.java. Using fallback presentation compiler.
2026.09.11 16:27:10 INFO  no build target found for C:\Users\user\Downloads\dockerandaction\dockerandaction\src\test\java\com\container\dockerandaction\ApiControllerTest.java. Using fallback presentation compiler.
2026.09.11 16:27:10 INFO  no build target found for C:\Users\user\Downloads\dockerandaction\dockerandaction\src\test\java\com\container\dockerandaction\ApiControllerTest.java. Using fallback presentation compiler.
2026.09.11 16:27:12 INFO  no build target found for C:\Users\user\Downloads\dockerandaction\dockerandaction\src\test\java\com\container\dockerandaction\ApiControllerTest.java. Using fallback presentation compiler.
2026.09.11 16:27:12 INFO  no build target found for C:\Users\user\Downloads\dockerandaction\dockerandaction\src\test\java\com\container\dockerandaction\ApiControllerTest.java. Using fallback presentation compiler.
2026.09.11 16:27:14 INFO  no build target found for C:\Users\user\Downloads\dockerandaction\dockerandaction\src\test\java\com\container\dockerandaction\ApiControllerTest.java. Using fallback presentation compiler.
2026.09.11 16:27:14 INFO  no build target found for C:\Users\user\Downloads\dockerandaction\dockerandaction\src\test\java\com\container\dockerandaction\ApiControllerTest.java. Using fallback presentation compiler.
2026.09.11 16:27:15 INFO  no build target found for C:\Users\user\Downloads\dockerandaction\dockerandaction\src\test\java\com\container\dockerandaction\ApiControllerTest.java. Using fallback presentation compiler.
2026.09.11 16:27:15 INFO  no build target found for C:\Users\user\Downloads\dockerandaction\dockerandaction\src\test\java\com\container\dockerandaction\ApiControllerTest.java. Using fallback presentation compiler.
2026.09.11 16:27:16 INFO  no build target found for C:\Users\user\Downloads\dockerandaction\dockerandaction\src\test\java\com\container\dockerandaction\ApiControllerTest.java. Using fallback presentation compiler.
2026.09.11 16:27:16 INFO  no build target found for C:\Users\user\Downloads\dockerandaction\dockerandaction\src\test\java\com\container\dockerandaction\ApiControllerTest.java. Using fallback presentation compiler.
2026.09.11 16:27:19 INFO  no build target found for C:\Users\user\Downloads\dockerandaction\dockerandaction\src\test\java\com\container\dockerandaction\ApiControllerTest.java. Using fallback presentation compiler.
2026.09.11 16:27:19 INFO  no build target found for C:\Users\user\Downloads\dockerandaction\dockerandaction\src\test\java\com\container\dockerandaction\ApiControllerTest.java. Using fallback presentation compiler.
2026.09.11 16:27:19 INFO  no build target found for C:\Users\user\Downloads\dockerandaction\dockerandaction\src\test\java\com\container\dockerandaction\ApiControllerTest.java. Using fallback presentation compiler.
2026.09.11 16:27:21 INFO  no build target found for C:\Users\user\Downloads\dockerandaction\dockerandaction\src\test\java\com\container\dockerandaction\ApiControllerTest.java. Using fallback presentation compiler.
2026.09.11 16:27:21 INFO  no build target found for C:\Users\user\Downloads\dockerandaction\dockerandaction\src\test\java\com\container\dockerandaction\ApiControllerTest.java. Using fallback presentation compiler.
2026.09.11 16:27:21 INFO  no build target found for C:\Users\user\Downloads\dockerandaction\dockerandaction\src\test\java\com\container\dockerandaction\ApiControllerTest.java. Using fallback presentation compiler.
2026.09.11 16:27:22 INFO  no build target found for C:\Users\user\Downloads\dockerandaction\dockerandaction\src\test\java\com\container\dockerandaction\ApiControllerTest.java. Using fallback presentation compiler.
2026.09.11 16:27:22 INFO  no build target found for C:\Users\user\Downloads\dockerandaction\dockerandaction\src\test\java\com\container\dockerandaction\ApiControllerTest.java. Using fallback presentation compiler.
2026.09.11 16:27:24 INFO  no build target found for C:\Users\user\Downloads\dockerandaction\dockerandaction\src\test\java\com\container\dockerandaction\ApiControllerTest.java. Using fallback presentation compiler.
2026.09.11 16:27:24 INFO  no build target found for C:\Users\user\Downloads\dockerandaction\dockerandaction\src\test\java\com\container\dockerandaction\ApiControllerTest.java. Using fallback presentation compiler.
2026.09.11 16:27:25 INFO  no build target found for C:\Users\user\Downloads\dockerandaction\dockerandaction\src\test\java\com\container\dockerandaction\ApiControllerTest.java. Using fallback presentation compiler.
2026.09.11 16:27:26 INFO  no build target found for C:\Users\user\Downloads\dockerandaction\dockerandaction\src\test\java\com\container\dockerandaction\ApiControllerTest.java. Using fallback presentation compiler.
2026.09.11 16:27:28 INFO  no build target found for C:\Users\user\Downloads\dockerandaction\dockerandaction\src\test\java\com\container\dockerandaction\ApiControllerTest.java. Using fallback presentation compiler.
2026.09.11 16:27:28 INFO  no build target found for C:\Users\user\Downloads\dockerandaction\dockerandaction\src\test\java\com\container\dockerandaction\ApiControllerTest.java. Using fallback presentation compiler.
2026.09.11 16:27:31 INFO  no build target found for C:\Users\user\Downloads\dockerandaction\dockerandaction\src\test\java\com\container\dockerandaction\ApiControllerTest.java. Using fallback presentation compiler.
2026.09.11 16:27:38 INFO  no build target found for C:\Users\user\Downloads\dockerandaction\dockerandaction\src\test\java\com\container\dockerandaction\ApiControllerTest.java. Using fallback presentation compiler.
2026.09.11 16:27:40 INFO  no build target found for C:\Users\user\Downloads\dockerandaction\dockerandaction\src\test\java\com\container\dockerandaction\ApiControllerTest.java. Using fallback presentation compiler.
2026.09.11 16:27:42 INFO  no build target found for C:\Users\user\Downloads\dockerandaction\dockerandaction\src\test\java\com\container\dockerandaction\ApiControllerTest.java. Using fallback presentation compiler.
2026.09.11 16:27:42 INFO  no build target found for C:\Users\user\Downloads\dockerandaction\dockerandaction\src\test\java\com\container\dockerandaction\ApiControllerTest.java. Using fallback presentation compiler.
2026.09.11 16:27:44 INFO  no build target found for C:\Users\user\Downloads\dockerandaction\dockerandaction\src\test\java\com\container\dockerandaction\ApiControllerTest.java. Using fallback presentation compiler.
2026.09.11 16:28:00 INFO  no build target found for C:\Users\user\Downloads\dockerandaction\dockerandaction\src\test\java\com\container\dockerandaction\ApiControllerTest.java. Using fallback presentation compiler.
2026.09.11 16:28:00 INFO  no build target found for C:\Users\user\Downloads\dockerandaction\dockerandaction\src\test\java\com\container\dockerandaction\ApiControllerTest.java. Using fallback presentation compiler.
2026.09.11 16:28:00 INFO  no build target found for C:\Users\user\Downloads\dockerandaction\dockerandaction\src\test\java\com\container\dockerandaction\ApiControllerTest.java. Using fallback presentation compiler.
2026.09.11 16:29:03 WARN  no build target for: C:\Users\user\Downloads\dockerandaction\dockerandaction\src\test\java\com\container\dockerandaction\ApiControllerTest.java
2026.09.11 16:29:37 WARN  Running javac-semanticdb failed for file:///C:/Users/user/Downloads/dockerandaction/dockerandaction/src/test/java/com/container/dockerandaction/ApiControllerTest.java. Output:

Sept 11, 2026 4:31:23 PM org.eclipse.lsp4j.jsonrpc.RemoteEndpoint handleCancellation
WARNING: Unmatched cancel notification for request id 518
2026.09.11 16:31:36 INFO  no build target found for C:\Users\user\Downloads\dockerandaction\dockerandaction\src\test\java\com\container\dockerandaction\ApiControllerTest.java. Using fallback presentation compiler.
2026.09.11 16:31:42 INFO  no build target found for C:\Users\user\Downloads\dockerandaction\dockerandaction\src\test\java\com\container\dockerandaction\ApiControllerTest.java. Using fallback presentation compiler.
2026.09.11 16:31:43 WARN  no build target for: C:\Users\user\Downloads\dockerandaction\dockerandaction\src\test\java\com\container\dockerandaction\ApiControllerTest.java
2026.09.11 16:31:43 WARN  no build target for: C:\Users\user\Downloads\dockerandaction\dockerandaction\src\test\java\com\container\dockerandaction\ApiControllerTest.java
2026.09.11 16:31:43 WARN  no build target for: C:\Users\user\Downloads\dockerandaction\dockerandaction\src\test\java\com\container\dockerandaction\ApiControllerTest.java
2026.09.11 16:31:51 INFO  no build target found for C:\Users\user\Downloads\dockerandaction\dockerandaction\src\test\java\com\container\dockerandaction\ApiControllerTest.java. Using fallback presentation compiler.
2026.09.11 16:32:37 INFO  no build target found for C:\Users\user\Downloads\dockerandaction\dockerandaction\src\test\java\com\container\dockerandaction\ApiControllerTest.java. Using fallback presentation compiler.
2026.09.11 16:32:37 INFO  no build target found for C:\Users\user\Downloads\dockerandaction\dockerandaction\src\test\java\com\container\dockerandaction\ApiControllerTest.java. Using fallback presentation compiler.
2026.09.11 16:32:37 INFO  no build target found for C:\Users\user\Downloads\dockerandaction\dockerandaction\src\test\java\com\container\dockerandaction\ApiControllerTest.java. Using fallback presentation compiler.
2026.09.11 16:32:37 INFO  no build target found for C:\Users\user\Downloads\dockerandaction\dockerandaction\src\test\java\com\container\dockerandaction\ApiControllerTest.java. Using fallback presentation compiler.
2026.09.11 16:32:38 WARN  no build target for: C:\Users\user\Downloads\dockerandaction\dockerandaction\src\test\java\com\container\dockerandaction\ApiControllerTest.java
2026.09.11 16:32:38 INFO  no build target found for C:\Users\user\Downloads\dockerandaction\dockerandaction\src\test\java\com\container\dockerandaction\ApiControllerTest.java. Using fallback presentation compiler.
2026.09.11 16:32:38 INFO  no build target found for C:\Users\user\Downloads\dockerandaction\dockerandaction\src\test\java\com\container\dockerandaction\ApiControllerTest.java. Using fallback presentation compiler.
2026.09.11 16:32:39 INFO  no build target found for C:\Users\user\Downloads\dockerandaction\dockerandaction\src\test\java\com\container\dockerandaction\ApiControllerTest.java. Using fallback presentation compiler.
2026.09.11 16:32:41 INFO  no build target found for C:\Users\user\Downloads\dockerandaction\dockerandaction\src\test\java\com\container\dockerandaction\ApiControllerTest.java. Using fallback presentation compiler.
2026.09.11 16:32:41 INFO  no build target found for C:\Users\user\Downloads\dockerandaction\dockerandaction\src\test\java\com\container\dockerandaction\ApiControllerTest.java. Using fallback presentation compiler.
2026.09.11 16:32:41 INFO  no build target found for C:\Users\user\Downloads\dockerandaction\dockerandaction\src\test\java\com\container\dockerandaction\ApiControllerTest.java. Using fallback presentation compiler.
2026.09.11 16:32:43 INFO  no build target found for C:\Users\user\Downloads\dockerandaction\dockerandaction\src\test\java\com\container\dockerandaction\ApiControllerTest.java. Using fallback presentation compiler.
2026.09.11 16:32:43 INFO  no build target found for C:\Users\user\Downloads\dockerandaction\dockerandaction\src\test\java\com\container\dockerandaction\ApiControllerTest.java. Using fallback presentation compiler.
2026.09.11 16:32:43 INFO  no build target found for C:\Users\user\Downloads\dockerandaction\dockerandaction\src\test\java\com\container\dockerandaction\ApiControllerTest.java. Using fallback presentation compiler.
2026.09.11 16:32:46 INFO  no build target found for C:\Users\user\Downloads\dockerandaction\dockerandaction\src\test\java\com\container\dockerandaction\ApiControllerTest.java. Using fallback presentation compiler.
2026.09.11 16:32:47 INFO  no build target found for C:\Users\user\Downloads\dockerandaction\dockerandaction\src\test\java\com\container\dockerandaction\ApiControllerTest.java. Using fallback presentation compiler.
2026.09.11 16:32:47 INFO  no build target found for C:\Users\user\Downloads\dockerandaction\dockerandaction\src\test\java\com\container\dockerandaction\ApiControllerTest.java. Using fallback presentation compiler.
2026.09.11 16:32:48 INFO  no build target found for C:\Users\user\Downloads\dockerandaction\dockerandaction\src\test\java\com\container\dockerandaction\ApiControllerTest.java. Using fallback presentation compiler.
2026.09.11 16:32:48 INFO  no build target found for C:\Users\user\Downloads\dockerandaction\dockerandaction\src\test\java\com\container\dockerandaction\ApiControllerTest.java. Using fallback presentation compiler.
2026.09.11 16:32:51 INFO  no build target found for C:\Users\user\Downloads\dockerandaction\dockerandaction\src\test\java\com\container\dockerandaction\ApiControllerTest.java. Using fallback presentation compiler.
2026.09.11 16:32:51 INFO  no build target found for C:\Users\user\Downloads\dockerandaction\dockerandaction\src\test\java\com\container\dockerandaction\ApiControllerTest.java. Using fallback presentation compiler.
2026.09.11 16:32:54 INFO  no build target found for C:\Users\user\Downloads\dockerandaction\dockerandaction\src\test\java\com\container\dockerandaction\ApiControllerTest.java. Using fallback presentation compiler.
2026.09.11 16:32:56 INFO  no build target found for C:\Users\user\Downloads\dockerandaction\dockerandaction\src\test\java\com\container\dockerandaction\ApiControllerTest.java. Using fallback presentation compiler.
2026.09.11 16:32:56 INFO  no build target found for C:\Users\user\Downloads\dockerandaction\dockerandaction\src\test\java\com\container\dockerandaction\ApiControllerTest.java. Using fallback presentation compiler.
2026.09.11 16:32:56 INFO  no build target found for C:\Users\user\Downloads\dockerandaction\dockerandaction\src\test\java\com\container\dockerandaction\ApiControllerTest.java. Using fallback presentation compiler.
2026.09.11 16:32:58 INFO  no build target found for C:\Users\user\Downloads\dockerandaction\dockerandaction\src\test\java\com\container\dockerandaction\ApiControllerTest.java. Using fallback presentation compiler.
2026.09.11 16:32:58 INFO  no build target found for C:\Users\user\Downloads\dockerandaction\dockerandaction\src\test\java\com\container\dockerandaction\ApiControllerTest.java. Using fallback presentation compiler.
2026.09.11 16:32:59 INFO  no build target found for C:\Users\user\Downloads\dockerandaction\dockerandaction\src\test\java\com\container\dockerandaction\ApiControllerTest.java. Using fallback presentation compiler.
2026.09.11 16:32:59 INFO  no build target found for C:\Users\user\Downloads\dockerandaction\dockerandaction\src\test\java\com\container\dockerandaction\ApiControllerTest.java. Using fallback presentation compiler.
2026.09.11 16:33:01 INFO  no build target found for C:\Users\user\Downloads\dockerandaction\dockerandaction\src\test\java\com\container\dockerandaction\ApiControllerTest.java. Using fallback presentation compiler.
2026.09.11 16:33:01 INFO  no build target found for C:\Users\user\Downloads\dockerandaction\dockerandaction\src\test\java\com\container\dockerandaction\ApiControllerTest.java. Using fallback presentation compiler.
2026.09.11 16:33:01 INFO  no build target found for C:\Users\user\Downloads\dockerandaction\dockerandaction\src\test\java\com\container\dockerandaction\ApiControllerTest.java. Using fallback presentation compiler.
2026.09.11 16:33:03 INFO  no build target found for C:\Users\user\Downloads\dockerandaction\dockerandaction\src\test\java\com\container\dockerandaction\ApiControllerTest.java. Using fallback presentation compiler.
2026.09.11 16:33:03 INFO  no build target found for C:\Users\user\Downloads\dockerandaction\dockerandaction\src\test\java\com\container\dockerandaction\ApiControllerTest.java. Using fallback presentation compiler.
2026.09.11 16:33:05 INFO  no build target found for C:\Users\user\Downloads\dockerandaction\dockerandaction\src\test\java\com\container\dockerandaction\ApiControllerTest.java. Using fallback presentation compiler.
2026.09.11 16:33:06 INFO  no build target found for C:\Users\user\Downloads\dockerandaction\dockerandaction\src\test\java\com\container\dockerandaction\ApiControllerTest.java. Using fallback presentation compiler.
2026.09.11 16:33:06 WARN  no build target for: C:\Users\user\Downloads\dockerandaction\dockerandaction\src\test\java\com\container\dockerandaction\ApiControllerTest.java
2026.09.11 16:33:06 INFO  no build target found for C:\Users\user\Downloads\dockerandaction\dockerandaction\src\test\java\com\container\dockerandaction\ApiControllerTest.java. Using fallback presentation compiler.
2026.09.11 16:33:07 INFO  no build target found for C:\Users\user\Downloads\dockerandaction\dockerandaction\src\test\java\com\container\dockerandaction\ApiControllerTest.java. Using fallback presentation compiler.
2026.09.11 16:33:06 INFO  no build target found for C:\Users\user\Downloads\dockerandaction\dockerandaction\src\test\java\com\container\dockerandaction\ApiControllerTest.java. Using fallback presentation compiler.
2026.09.11 16:33:07 WARN  no build target for: C:\Users\user\Downloads\dockerandaction\dockerandaction\src\test\java\com\container\dockerandaction\ApiControllerTest.java
2026.09.11 16:33:08 INFO  no build target found for C:\Users\user\Downloads\dockerandaction\dockerandaction\src\test\java\com\container\dockerandaction\ApiControllerTest.java. Using fallback presentation compiler.
2026.09.11 16:33:09 INFO  no build target found for C:\Users\user\Downloads\dockerandaction\dockerandaction\src\test\java\com\container\dockerandaction\ApiControllerTest.java. Using fallback presentation compiler.
2026.09.11 16:33:10 INFO  no build target found for C:\Users\user\Downloads\dockerandaction\dockerandaction\src\test\java\com\container\dockerandaction\ApiControllerTest.java. Using fallback presentation compiler.
2026.09.11 16:33:10 INFO  no build target found for C:\Users\user\Downloads\dockerandaction\dockerandaction\src\test\java\com\container\dockerandaction\ApiControllerTest.java. Using fallback presentation compiler.
2026.09.11 16:33:12 INFO  no build target found for C:\Users\user\Downloads\dockerandaction\dockerandaction\src\test\java\com\container\dockerandaction\ApiControllerTest.java. Using fallback presentation compiler.
2026.09.11 16:33:12 INFO  no build target found for C:\Users\user\Downloads\dockerandaction\dockerandaction\src\test\java\com\container\dockerandaction\ApiControllerTest.java. Using fallback presentation compiler.
2026.09.11 16:33:16 INFO  no build target found for C:\Users\user\Downloads\dockerandaction\dockerandaction\src\test\java\com\container\dockerandaction\ApiControllerTest.java. Using fallback presentation compiler.
2026.09.11 16:33:16 INFO  no build target found for C:\Users\user\Downloads\dockerandaction\dockerandaction\src\test\java\com\container\dockerandaction\ApiControllerTest.java. Using fallback presentation compiler.
2026.09.11 16:33:16 INFO  no build target found for C:\Users\user\Downloads\dockerandaction\dockerandaction\src\test\java\com\container\dockerandaction\ApiControllerTest.java. Using fallback presentation compiler.
2026.09.11 16:33:16 INFO  no build target found for C:\Users\user\Downloads\dockerandaction\dockerandaction\src\test\java\com\container\dockerandaction\ApiControllerTest.java. Using fallback presentation compiler.
2026.09.11 16:33:18 INFO  no build target found for C:\Users\user\Downloads\dockerandaction\dockerandaction\src\test\java\com\container\dockerandaction\ApiControllerTest.java. Using fallback presentation compiler.
2026.09.11 16:33:18 INFO  no build target found for C:\Users\user\Downloads\dockerandaction\dockerandaction\src\test\java\com\container\dockerandaction\ApiControllerTest.java. Using fallback presentation compiler.
Sept 11, 2026 4:33:19 PM org.eclipse.lsp4j.jsonrpc.RemoteEndpoint handleCancellation
WARNING: Unmatched cancel notification for request id 586
2026.09.11 16:33:18 INFO  no build target found for C:\Users\user\Downloads\dockerandaction\dockerandaction\src\test\java\com\container\dockerandaction\ApiControllerTest.java. Using fallback presentation compiler.
Sept 11, 2026 4:33:19 PM org.eclipse.lsp4j.jsonrpc.RemoteEndpoint handleCancellation
WARNING: Unmatched cancel notification for request id 587
2026.09.11 16:33:19 INFO  no build target found for C:\Users\user\Downloads\dockerandaction\dockerandaction\src\test\java\com\container\dockerandaction\ApiControllerTest.java. Using fallback presentation compiler.
2026.09.11 16:33:19 INFO  no build target found for C:\Users\user\Downloads\dockerandaction\dockerandaction\src\test\java\com\container\dockerandaction\ApiControllerTest.java. Using fallback presentation compiler.
2026.09.11 16:33:20 INFO  no build target found for C:\Users\user\Downloads\dockerandaction\dockerandaction\src\test\java\com\container\dockerandaction\ApiControllerTest.java. Using fallback presentation compiler.
2026.09.11 16:33:25 INFO  no build target found for C:\Users\user\Downloads\dockerandaction\dockerandaction\src\test\java\com\container\dockerandaction\ApiControllerTest.java. Using fallback presentation compiler.
2026.09.11 16:33:25 INFO  no build target found for C:\Users\user\Downloads\dockerandaction\dockerandaction\src\test\java\com\container\dockerandaction\ApiControllerTest.java. Using fallback presentation compiler.
2026.09.11 16:33:27 INFO  no build target found for C:\Users\user\Downloads\dockerandaction\dockerandaction\src\test\java\com\container\dockerandaction\ApiControllerTest.java. Using fallback presentation compiler.
Sept 11, 2026 4:33:27 PM org.eclipse.lsp4j.jsonrpc.RemoteEndpoint handleCancellation
WARNING: Unmatched cancel notification for request id 594
2026.09.11 16:33:39 INFO  no build target found for C:\Users\user\Downloads\dockerandaction\dockerandaction\src\test\java\com\container\dockerandaction\ApiControllerTest.java. Using fallback presentation compiler.
2026.09.11 16:33:42 INFO  no build target found for C:\Users\user\Downloads\dockerandaction\dockerandaction\src\test\java\com\container\dockerandaction\ApiControllerTest.java. Using fallback presentation compiler.
2026.09.11 16:33:42 INFO  no build target found for C:\Users\user\Downloads\dockerandaction\dockerandaction\src\test\java\com\container\dockerandaction\ApiControllerTest.java. Using fallback presentation compiler.
2026.09.11 16:33:54 INFO  no build target found for C:\Users\user\Downloads\dockerandaction\dockerandaction\src\test\java\com\container\dockerandaction\ApiControllerTest.java. Using fallback presentation compiler.
2026.09.11 16:33:54 INFO  no build target found for C:\Users\user\Downloads\dockerandaction\dockerandaction\src\test\java\com\container\dockerandaction\ApiControllerTest.java. Using fallback presentation compiler.
2026.09.11 16:33:55 INFO  no build target found for C:\Users\user\Downloads\dockerandaction\dockerandaction\src\test\java\com\container\dockerandaction\ApiControllerTest.java. Using fallback presentation compiler.
2026.09.11 16:34:01 INFO  no build target found for C:\Users\user\Downloads\dockerandaction\dockerandaction\src\test\java\com\container\dockerandaction\ApiControllerTest.java. Using fallback presentation compiler.
2026.09.11 16:34:01 INFO  no build target found for C:\Users\user\Downloads\dockerandaction\dockerandaction\src\test\java\com\container\dockerandaction\ApiControllerTest.java. Using fallback presentation compiler.
2026.09.11 16:34:03 WARN  no build target for: C:\Users\user\Downloads\dockerandaction\dockerandaction\src\test\java\com\container\dockerandaction\ApiControllerTest.java
2026.09.11 16:34:03 INFO  no build target found for C:\Users\user\Downloads\dockerandaction\dockerandaction\src\test\java\com\container\dockerandaction\ApiControllerTest.java. Using fallback presentation compiler.
2026.09.11 16:34:03 INFO  no build target found for C:\Users\user\Downloads\dockerandaction\dockerandaction\src\test\java\com\container\dockerandaction\ApiControllerTest.java. Using fallback presentation compiler.
2026.09.11 16:34:03 WARN  Running javac-semanticdb failed for file:///C:/Users/user/Downloads/dockerandaction/dockerandaction/src/test/java/com/container/dockerandaction/ApiControllerTest.java. Output:

2026.09.11 16:34:03 INFO  no build target found for C:\Users\user\Downloads\dockerandaction\dockerandaction\src\test\java\com\container\dockerandaction\ApiControllerTest.java. Using fallback presentation compiler.
2026.09.11 16:34:04 INFO  no build target found for C:\Users\user\Downloads\dockerandaction\dockerandaction\src\test\java\com\container\dockerandaction\ApiControllerTest.java. Using fallback presentation compiler.
2026.09.11 16:34:04 INFO  no build target found for C:\Users\user\Downloads\dockerandaction\dockerandaction\src\test\java\com\container\dockerandaction\ApiControllerTest.java. Using fallback presentation compiler.
2026.09.11 16:34:04 INFO  no build target found for C:\Users\user\Downloads\dockerandaction\dockerandaction\src\test\java\com\container\dockerandaction\ApiControllerTest.java. Using fallback presentation compiler.
2026.09.11 16:34:06 INFO  no build target found for C:\Users\user\Downloads\dockerandaction\dockerandaction\src\test\java\com\container\dockerandaction\ApiControllerTest.java. Using fallback presentation compiler.
2026.09.11 16:34:07 INFO  no build target found for C:\Users\user\Downloads\dockerandaction\dockerandaction\src\test\java\com\container\dockerandaction\ApiControllerTest.java. Using fallback presentation compiler.
2026.09.11 16:34:07 INFO  no build target found for C:\Users\user\Downloads\dockerandaction\dockerandaction\src\test\java\com\container\dockerandaction\ApiControllerTest.java. Using fallback presentation compiler.
2026.09.11 16:34:08 INFO  no build target found for C:\Users\user\Downloads\dockerandaction\dockerandaction\src\test\java\com\container\dockerandaction\ApiControllerTest.java. Using fallback presentation compiler.
                                                                                                                                                                                                                                                                                                                                                                                                                                                                                                                                                                                                                                                                                                                                                                                                                                                                                                                                                                                                                                                                                                                                                                                                                                                                                                                                                                                                                                                                                                                                                                                                                                                                                                                                                                                                                                                                                                                                                                                                                                                                                                                                                                                                                                                                                                                                                                                                                                                                                                                                                                                                                                                                                                                                                                                                                                                                                                                                                                                                                                                                                                                                                                                                                                                                                                                                                                                                                                                                                                                                                                                                                                                                                                                                                                                                                                                                                                                                                                                                                                                                                                                                                                                                                                                                                                                                                                                                                                                                                                                                                                                                                                                                                                                                                                                                                                                                                                                                                                                                                                                                                                                                                                                                                                                                                                                                                                                                                                                                                                                                                                                                                                                                                                                                                                                                                                                                                                                                                                                                                                                                                                                                                                                                                                                                                                                                                                                                                                                                                                                                                                                                                                                                                                                                                                                                                                                                                                                                                                                                                                                                                                                                                                                                                                                                                                                                                                                                                                                                                                                                                                                                                                                                                                                                                                                                                                                                                                                                                                                                                                                                                                                                                                                                                                                                                                                                                                                                                                                                                                                                                                                                                                                                                                                                                                                                                                                                                                               2026.09.11 17:27:10 INFO  Started: Metals version 1.6.8 in folders 'C:\Users\user\Downloads\dockerandaction' for client Visual Studio Code 1.135.0.
2026.09.11 17:27:10 INFO  time: initialize in 0.13s
2026.09.11 17:27:10 INFO  Memory monitor started
2026.09.11 17:27:51 WARN  Using H2 2.4.240 which is newer than the version Flyway has been verified with. The latest verified version of H2 is 2.3.232.
2026.09.11 17:27:54 INFO  no build target found for C:\Users\user\Downloads\dockerandaction\dockerandaction\src\test\java\com\container\dockerandaction\ApiControllerTest.java. Using fallback presentation compiler.
2026.09.11 17:28:39 INFO  no build target found for C:\Users\user\Downloads\dockerandaction\dockerandaction\src\test\java\com\container\dockerandaction\ApiControllerTest.java. Using fallback presentation compiler.
2026.09.11 17:29:19 INFO  no build target found for C:\Users\user\Downloads\dockerandaction\dockerandaction\src\test\java\com\container\dockerandaction\ApiControllerTest.java. Using fallback presentation compiler.
2026.09.11 17:33:03 INFO  no build target found for C:\Users\user\Downloads\dockerandaction\dockerandaction\src\test\java\com\container\dockerandaction\ApiControllerTest.java. Using fallback presentation compiler.
2026.09.11 17:33:09 INFO  no build target found for C:\Users\user\Downloads\dockerandaction\dockerandaction\src\test\java\com\container\dockerandaction\ApiControllerTest.java. Using fallback presentation compiler.
2026.09.11 17:48:26 INFO  no build target found for C:\Users\user\Downloads\dockerandaction\dockerandaction\src\test\java\com\container\dockerandaction\ApiControllerTest.java. Using fallback presentation compiler.
2026.09.11 17:53:38 INFO  no build target found for C:\Users\user\Downloads\dockerandaction\dockerandaction\src\test\java\com\container\dockerandaction\ApiControllerTest.java. Using fallback presentation compiler.
